id,Name,Open/Close time,Image,Link Area,Latitude,Longitude,Rating,Area,Overview,Summarization,Tags
1,Nguyen Hue Walking Street,Mon - Sun: 00:00 - 00:00,https://static.vinwonders.com/production/pho-di-bo-nguyen-hue-o-dau-2.jpg,https://maps.app.goo.gl/vQhmHQs9RvkthYei7,10.774178514723971,106.70366074989036,4.4,"Nguyen Hue Street, Ben Nghe Ward, District 1, Ho Chi Minh City, Vietnam","Nguyen Hue Walking Street is one of the most famous and vibrant destinations in the heart of Saigon. Stretching from the City Hall to the Saigon River, it offers a spacious and modern pedestrian area surrounded by cafes, restaurants, and historical landmarks. The street attracts both locals and tourists who come to relax, enjoy the open-air atmosphere, and watch dynamic street performances. During weekends and holidays, it becomes a lively gathering spot filled with music, laughter, and art shows. At night, colorful LED lights and fountain displays create a dazzling scene. Visitors can take photos, try local snacks, or simply immerse themselves in the city’s youthful and energetic vibe. It’s truly a must-visit place to experience the modern spirit of Ho Chi Minh City.","Vibrant pedestrian promenade in downtown Saigon, perfect for sightseeing, events, and nightlife.","#walking, #photo, #entertainment, #food, #streetfood, #outdoor, #evening, #sunset, #modern, #vibrant, #youthful, #pleasant, #sunny, #windy, #few_hours, #moment, #long_time"
2,Ben Thanh Market,Mon - Sun: 00:00 - 00:00,https://upload.wikimedia.org/wikipedia/commons/thumb/9/91/Ben_Thanh_market_2.jpg/960px-Ben_Thanh_market_2.jpg,https://maps.app.goo.gl/ZVFq7M3fR49jZEVc9,10.77257213363809,106.69802348213233,4,"Ben Thanh, District 1, Ho Chi Minh City, Vietnam","Ben Thanh Market is one of the most iconic landmarks of Saigon, representing the city’s vibrant culture and long history. First established in the 18th century, it has been relocated and rebuilt several times before reaching its current location in 1914. The market is easily recognized by its classic French-style architecture and the iconic clock tower that stands proudly at the main entrance. Inside, visitors can find a wide variety of products, from traditional handicrafts and souvenirs to clothing, spices, and local delicacies. The market is also a great place to taste authentic Vietnamese street food and experience the daily life of Saigonese people. Both locals and tourists come here not only to shop but also to enjoy the bustling and colorful atmosphere. Ben Thanh Market remains a timeless symbol of Ho Chi Minh City’s charm and cultural identity.","Iconic historical market featuring a clock tower, offering handicrafts, souvenirs, and authentic street food.","#shopping, #food, #streetfood, #photo, #indoor, #morning, #evening, #traditional, #culture, #vibrant, #rain, #sunny, #few_hours, #moment, #long_time"
3,Bui Vien Walking Street,Mon - Sun: 00:00 - 23:59,https://ik.imagekit.io/tvlk/blog/2022/12/pho-di-bo-bui-vien-cover.jpg,https://maps.app.goo.gl/ojddikvEEZe2yT5M9,10.767403699654821,106.69388896430664,4.3,"Pham Ngu Lao Ward, District 1, Ho Chi Minh City, Vietnam","Bui Vien Walking Street is one of the most famous and energetic “sleepless” areas in Saigon, known for its lively and youthful atmosphere. Located in the city center, it attracts both locals and international visitors who come to enjoy its endless nightlife. The street is lined with bustling bars, pubs, cafes, and restaurants offering everything from local dishes to international cuisine. Street performers, live music, and dazzling neon lights make the area come alive after sunset. Visitors can sit at a roadside bar, enjoy a cold drink, and watch the vibrant flow of people passing by. Bui Vien is also a popular place for backpackers seeking affordable fun and cultural exchange. With its mix of entertainment, food, and nightlife, it truly represents the dynamic and modern spirit of Saigon.","The ""sleepless"" backpacker district packed with bars, pubs, and a lively party atmosphere.","#drinks, #food, #entertainment, #walking, #streetfood, #outdoor, #evening, #late_night, #vibrant, #modern, #youthful, #windy, #long_time, #moment, #few_hours"
4,Notre-Dame Cathedral of Saigon,Mon - Sun: 00:00 - 23:59,https://static.vinwonders.com/production/nha-tho-duc-ba-topbanner.jpg,https://maps.app.goo.gl/8PGrfYzRABpdSq4s9,10.779838197329322,106.6990215821621,4.4,"Paris Commune Square, Ben Nghe Ward, District 1, Ho Chi Minh City, Vietnam","Saigon Notre-Dame Cathedral is one of the most iconic landmarks of Ho Chi Minh City, rich in history and culture. Built in the late 19th century in a Romanesque and Gothic architectural style by the French, the cathedral stands out with its twin bell towers and distinctive red bricks imported from Marseille. Beyond its religious significance, it serves as a popular tourist attraction that draws both locals and visitors worldwide. Although currently under restoration, the cathedral remains a symbol of timeless beauty and an unmissable destination in the heart of Saigon.",Iconic 19th-century French colonial cathedral known for its Romanesque architecture and red brick facade.,"#photo, #outdoor, #morning, #sunset, #traditional, #culture, #quiet, #sunny, #cloudy, #moment, #few_hours, #long_time"
5,Bach Dang Pier,Mon - Sun: 00:00 - 23:59,https://cdn.xanhsm.com/2024/12/1ca4e46f-ben-bach-dang-7.jpg,https://maps.app.goo.gl/RssQrL64A1PRkZ7JA,10.77580563314683,106.70697686434883,4.5,"No. 1, Ton Duc Thang Street, Ben Nghe Ward, District 1, Ho Chi Minh City, Vietnam","Bach Dang Wharf is a vibrant riverside park and pier located along the Saigon River, attracting both locals and tourists. It is an ideal spot to enjoy the city’s scenery, breathe in the fresh air, and admire the stunning view as the sun sets over the skyline. Beyond its modern charm and lively atmosphere, the wharf holds deep historical significance, symbolizing the nation’s heroic victories and resilient spirit. Today, it also serves as the starting point for high-speed boat trips to Vung Tau and other scenic river tours. Visitors can take a leisurely walk, capture beautiful photos, savor riverside cuisine, or enjoy a relaxing night cruise on the river.","Riverside park and wharf offering scenic city views, sunset watching, and river cruise terminals.","#photo, #dating, #outdoor, #sunset, #evening, #romantic, #chill, #pleasant, #natural, #windy, #sunny, #few_hours, #moment, #long_time, #streetfood"
6,Nguyen Van Binh Book Street,Mon - Sun: 08:00 - 21:00,https://static.vinwonders.com/production/duong-sach-nguyen-van-binh-banner.jpg,https://maps.app.goo.gl/Ea7kEcucEQ1mkZ4f8,10.780622367129082,106.69982996434666,4.6,"Nguyen Van Binh Street, Ben Nghe Ward, District 1, Ho Chi Minh City, Vietnam","Nguyen Van Binh Book Street is a unique cultural attraction in the heart of Saigon, drawing both locals and tourists. Lined with lush trees, this charming street is a “book paradise” featuring dozens of stalls from well-known publishers and bookstores. It’s not only a haven for book lovers but also a relaxing space for coffee, reading, and cultural exchange. Visitors can stroll around, take photos, read books, or simply enjoy the peaceful atmosphere amid the bustling city. The street also hosts regular exhibitions, events, and children’s activities that promote the love of reading throughout the community.","A peaceful, green pedestrian street lined with bookstalls and cafes, ideal for reading and relaxing.","#shopping, #walking, #photo, #workshop, #outdoor, #morning, #quiet, #chill, #pleasant, #sunny, #cloudy, #few_hours, #long_time, #moment"
7,Vincom Dong Khoi,"Mon - Fri: 10:00 - 22:00, Sat - Sun: 09:30 - 22:00",https://mia.vn/media/uploads/blog-du-lich/vincom-dong-khoi-1-1733417434.jpg,https://maps.app.goo.gl/SNqAbLsDeSpsmZiTA,10.777841032774068,106.70166496433505,4.4,"72 Le Thanh Ton Street and 45A Ly Tu Trong Street, Ben Nghe Ward, District 1, Ho Chi Minh City, Vietnam","Vincom Center Dong Khoi is one of Ho Chi Minh City’s most luxurious shopping malls, located in the heart of District 1. It features over 150 top fashion, dining, and entertainment brands, creating the perfect space for shopping, dining, and relaxation. Visitors can enjoy international cuisine at Haidilao, San Fu Lou, or Sushi Hokkaido Sachi, and sip coffee at Starbucks or Cong Café. The modern CGV cinema and Vuivuiland play zone make it an ideal destination for families and friends. With its elegant design and premium services, Vincom Dong Khoi stands as a symbol of modern lifestyle in the vibrant heart of Saigon.",Premier luxury shopping mall in District 1 featuring over 150 international fashion and dining brands.,"#shopping, #food, #movie, #entertainment, #indoor, #evening, #luxury, #modern, #elegant, #rain, #cloudy, #long_time, #moment, #few_hours"
8,Ho Chi Minh City Post Office,"Mon - Sat: 07:00 - 18:00, Sun: Close",https://mia.vn/media/uploads/blog-du-lich/buu-dien-thanh-pho-mat-tien-1692315362.jpg,https://maps.app.goo.gl/GDb7f7y8emxpgYZ46,10.779940566138997,106.69990199985531,4.4,"No. 2, Paris Commune Square Street, Ben Nghe Ward, District 1, Ho Chi Minh City, Vietnam","Saigon Central Post Office is one of Ho Chi Minh City’s most iconic architectural landmarks, built between 1886 and 1891 in an eclectic style designed by French architect Marie-Alfred Foulhoux. The building harmoniously blends Western architecture with Eastern decorative details. Inside, it features impressive iron arches and two hand-painted historical maps. Gustave Eiffel was involved in the early design phase. After several restorations, most notably in 2014, the post office remains a popular tourist attraction and a symbol of the city’s colonial heritage.",Magnificent French colonial building famous for its iron vaulted ceiling and historic hand-painted maps.,"#photo, #indoor, #morning, #vintage, #traditional, #culture, #rain, #sunny, #moment, #long_time, #few_hours"
9,"Independence Palace
",Mon - Sun: 08:00 - 15:30,"https://ik.imagekit.io/tvlk/blog/2025/04/dinh-doc-lap.jpg?tr=q-70,c-at_max,w-500,h-300,dpr-2",https://maps.app.goo.gl/q12CsHX9i4TDphAy5,10.777025766458802,106.6952945821245,4.5,"No. 135 Nam Ky Khoi Nghia Street, Ben Thanh Ward, District 1, Ho Chi Minh City, Vietnam","The Independence Palace, also known as the Reunification Palace, is a famous historical landmark in Ho Chi Minh City. Designed by architect Ngo Viet Thu and completed in 1966, it once served as the workplace of the President of South Vietnam before 1975. The building features a modern architectural style harmoniously blended with traditional Vietnamese elements. On April 30, 1975, Liberation Army tanks entered the palace, marking the reunification of the country. Today, the palace is a national special historical site and a popular attraction for both local and international visitors.","Historic national landmark and former presidential palace, blending modern and traditional architecture.","#photo, #indoor, #morning, #traditional, #culture, #quiet, #sunny, #cloudy, #few_hours, #moment, #long_time"
10,Saigon Garden,Mon - Sun: 08:00 - 22:00,https://mia.vn/media/uploads/blog-du-lich/check-in-saigon-garden-sang-chanh-03-1714697546.jpg,https://maps.app.goo.gl/ciN5TLnDyLP3uQhT7,10.77346502264139,106.70389506192157,4.2,"99 Nguyen Hue Street, Ben Nghe Ward, District 1, Ho Chi Minh City, Vietnam","Saigon Garden is a modern commercial and entertainment complex often described as a “green oasis in the heart of Saigon.” It stands out for its unique architecture that blends nature with a contemporary urban style. Inside, visitors can find a variety of fashion boutiques, cafés, fine-dining restaurants, and relaxing spaces. With its vibrant atmosphere, lush greenery, and countless photo-worthy corners, Saigon Garden has become a favorite destination for both locals and tourists. It’s the perfect spot for shopping, dining, and enjoying leisure time right in the center of the city.","Modern ""green oasis"" complex housing fashion boutiques, restaurants, and cafes with nature-centric design.","#cafe, #food, #shopping, #indoor, #rooftop, #evening, #modern, #luxury, #natural, #romantic, #rain, #windy, #few_hours, #moment, #long_time"
11,September 23rd Park,Mon - Sun: 00:00 - 23:59,https://statics.vinpearl.com/cong-vien-23-9-4_1633514794.jpg,https://maps.app.goo.gl/yG8BuaxACUhs2ESv8,10.768737748239698,106.69234268225901,4.4,"Pham Ngu Lao Street, Pham Ngu Lao Ward, District 1, Ho Chi Minh City, Vietnam","September 23rd Park is one of Ho Chi Minh City’s most popular attractions, drawing both locals and tourists. Covered in lush greenery, the park offers a peaceful escape amid the city’s vibrant energy. Visitors can take a walk, exercise, or simply relax and enjoy the scenery. Beneath the park lies Taka Plaza and Asiana Food Town — a shopping and dining paradise. During festivals, it becomes a lively venue for cultural events, music, and fairs. It’s the perfect place to experience the youthful and dynamic spirit of Saigon.","Large central park with an underground market, popular for exercise and cultural festivals.","#walking, #entertainment, #streetfood, #outdoor, #evening, #sunset, #vibrant, #pleasant, #natural, #sunny, #windy, #moment, #long_time, #few_hours"
12,Vee Ayy Food,Mon - Sun: 10:00 - 22:30,https://thicongnhahang.vn/storage/app/media/-------------123Thang5/Vee%20Ayy%20Food/thiet-ke-vee-ayy-food-10.jpg,https://maps.app.goo.gl/J9tjaSsVB3jf3Ysc8,10.760502905912865,106.68968288215102,4.3,"345/84 Tran Hung Dao Street, Cau Kho Ward, District 1, Ho Chi Minh City, Vietnam","This article by Quán Số highlights their partnership with the Vee Ayy Food Restaurant chain, a popular dining spot trending among young people. The restaurant stands out for its luxurious, palace-like interior, offering many ""Instagrammable"" photo corners, along with a diverse menu of high-quality, reasonably priced European and Asian dishes. The chain currently operates two branches in Ho Chi Minh City. Quán Số is proud to provide their DRS Manager Sales Management Software along with other solutions like DRS Staff (remote ordering) and QS Admin (remote management) to help Vee Ayy Food run operations and serve customers optimally. Quán Số pledges to continue developing the best possible solutions for business management.",Chic Asian-European fusion restaurant popular with youth for its photogenic decor and reasonable prices.,"#food, #dating, #indoor, #evening, #modern, #romantic, #youthful, #rain, #cloudy, #few_hours, #entertainment"
13,Miya sushi & bbq,"Mon - Sun: 10:30 - 14:00, 17:00 - 22:00",https://pasgo.vn/Upload/anh-chi-tiet/miya-sushi-and-bbq-nguyen-trai-slide-9-normal-129951313766.webp,https://maps.app.goo.gl/J3VkWZk9qjVA8seG6,10.770093901520772,106.69006719072225,4.7,"150/43A Nguyen Trai Street, Ben Thanh Ward, District 1, Ho Chi Minh City, Vietnam","Miya Sushi & BBQ is a well-known Japanese restaurant chain offering a unique fusion of the refined flavors of fresh Sushi and Sashimi with the appeal of tableside BBQ dishes. The restaurant features a cozy and elegant atmosphere, reflecting the culture of the Land of the Rising Sun, making it perfect for dates, family gatherings, and friends' meetups. Miya's menu is highly diverse, ranging from traditional Sushi rolls, Ramen, and Udon to Japanese rice sets and BBQ items marinated in special sauces. With its focus on fresh, high-quality ingredients and meticulous preparation, Miya Sushi & BBQ is an ideal destination for Saigon's food enthusiasts seeking an authentic and memorable Japanese culinary experience at a reasonable price point.","Cozy Japanese restaurant serving fresh sushi and table-side BBQ, perfect for dates and gatherings.","#food, #dating, #indoor, #evening, #modern, #romantic, #cozy, #elegant, #rain, #cloudy, #few_hours, #luxury"
14,My Son Quang Noodles,Mon - Sun: 06:00 - 21:00,https://down-vn.img.susercontent.com/vn-#moment34259-7r98o-lwdaqznhyz154f@resize_w800,https://maps.app.goo.gl/oTmWmgaDx1r1qyUT6,10.789184352282875,106.69905770544784,3.8,"38B Dinh Tien Hoang Street, Da Kao Ward, District 1, Ho Chi Minh City, Vietnam","My Son Quang Noodles is a popular spot in District 1, celebrated for its authentic Quang-style noodles from Central Vietnam. The restaurant draws diners with its soft, white rice noodles bathed in a minimal yet rich and flavorful broth, seasoned with a distinct recipe. The bowls are generously filled with diverse toppings, most commonly shrimp and pork, free-range chicken, or snakehead fish, served with roasted peanuts, fragrant fried shallots, and crispy rice crackers. The restaurant's ambiance is typically simple, airy, with warm tones, subtly evoking the rustic charm of the ancient town of Hội An. Mì Quảng Mỹ Sơn is an excellent choice for anyone seeking the traditional flavors of Quảng Nam right in the heart of bustling Saigon.",Famous District 1 spot serving authentic Central Vietnamese Quang noodles with rich broth and diverse toppings.,"#food, #indoor, #morning, #traditional, #rustic, #cheap, #cozy, #rain, #sunny, #moment, #few_hours, #takeaway"
15,Back of the Bike Tours – Ho Chi Minh City Food Tours,Mon - Sun: 00:00 - 23:59,https://e9h6jba7255.exactdn.com/wp-content/uploads/2023/08/Saigon-Motorbike-Food-tour.jpg?strip=all&lossy=0&ssl=1,https://maps.app.goo.gl/WhzFKCqx1KMs5xBFA,10.778286519339447,106.70201235757627,4.9,"72 Le Thanh Ton Street, Ben Nghe Ward, District 1, Ho Chi Minh City, Vietnam","Back of the Bike Tours is one of the leading companies in HCMC, specializing in food and cultural tours conducted via motorbikes. The unique concept has guests riding pillion with a local guide, venturing deep into hidden alleys, residential areas, and ""secret"" eateries that tourists would rarely discover on their own. The tours are highly praised for their safety, friendly staff, and ability to help visitors authentically experience the vibrant pulse of Saigon traffic. The meticulously curated food menu features a blend of classic and unique dishes, ensuring a complete and exciting culinary journey through the flavors of Saigon.",Tour company offering immersive motorbike food and culture tours to hidden local gems.,"#entertainment, #food, #streetfood, #outdoor, #evening, #vibrant, #culture, #unique, #windy, #long_time, #few_hours"
16,Chu Chen's Rib Porridge & Char Siu Rice,Mon - Sun: 07:00 - 23:00,https://chaosuonchuchen.vn/wp-content/uploads/2024/09/khong-gian-3.webp,https://maps.app.goo.gl/sR2P3eZYPbVCPwTy5,10.764548674267528,106.68689510569929,4.2,"281 Nguyen Trai Street, Nguyen Cu Trinh Ward, District 1, Ho Chi Minh City, Vietnam","Chu Chen's Rib Porridge and Char Siu Rice is a popular Taiwanese-style food chain, best known for its unique Taiwanese Rib Porridge. The porridge is characterized by its exceptionally smooth, velvety texture, cooked until creamy, and served with tender baby ribs and century eggs or various other toppings. Additionally, the restaurant offers delicious Char Siu Rice, featuring intensely marinated and roasted char siu pork prepared with a secret recipe, accompanied by a signature sauce and soft rice. With its novel, authentic street food flavor from Taiwan, Chu Chen is an ideal destination for those looking for a different taste and wishing to enjoy a hot, nutritious meal right in the heart of Saigon.",Taiwanese eatery famous for smooth rib porridge and savory char siu rice in a casual setting.,"#food, #indoor, #late_night, #evening, #rustic, #cozy, #cheap, #rain, #cloudy, #moment, #few_hours, #takeaway"
17,Bento Dino,Mon - Sun: 09:00 - 14:00,https://mms.img.susercontent.com/vn-#moment34513-7r98o-lsv7er7da1sp7f@resize_ss1242x600!@crop_w1242_h600_cT,https://maps.app.goo.gl/ANUAM2ZKFv3oBWyH7,10.770151146601387,106.68756227106523,3.3,"134/3/1 Bui Thi Xuan Street, Pham Ngu Lao Ward, District 1, Ho Chi Minh City, Vietnam","Bento Dino is a popular eatery in the heart of District 1, well-known for its Crispy Fried Chicken Rice and affordable, high-quality office lunch options. The restaurant attracts numerous students and office workers by blending traditional Vietnamese flavors with a modern, clean presentation, resembling the convenient Bento box style. Their signature fried chicken is specially prepared, featuring a golden, crispy skin served alongside dry, fragrant, and non-greasy fried rice grains. Bento Dino also stands out with a diverse menu, including pork chop, stir-fried beef, and fish, along with frequent appealing promotions. It is an ideal choice for a quick, delicious, and fulfilling lunch.","Popular lunch spot for students/office workers serving crispy chicken rice in clean, convenient bento boxes.","#food, #indoor, #morning, #modern, #minimalist, #quiet, #cheap, #rain, #cloudy, #moment, #few_hours"
18,Hua Wu Lou,"Mon - Sun: 08:00 - 13:30, 17:00 - 21:30",https://top10hcmcity.com/wp-content/uploads/2024/09/405300662_830699422397803_7229603233776615594_n.jpg,https://maps.app.goo.gl/woean2yPGvr2pQjq7,10.768220698581676,106.68691869118699,3.9,"83B Bui Thi Xuan Street, Pham Ngu Lao Ward, District 1, Ho Chi Minh City, Vietnam","Hua Wu Lou (Dimsum Street) is a popular restaurant chain featuring a distinctive Chinese street-food and restaurant style, specializing in delicious Dimsum dishes. The restaurant attracts diners with its diverse menu, ranging from classics like Shrimp Dumplings, Siu Mai, and Steamed Chicken Feet with Black Bean Sauce to unique items such as Baked Crab Shell with Cheese or Hand-held Shrimp Vermicelli. The Dimsum here is praised for retaining its authentic flavor, with fresh, thin wrappers and generous fillings, always served piping hot. Hua Wu Lou also offers convenient lunch sets, perfect for office workers. With a cozy interior featuring traditional decor, it is an ideal spot to savor the best of Hong Kong cuisine at a reasonable price point in central Saigon.",Chinese street-food style Dimsum spot serving traditional dumplings and chicken feet in a casual atmosphere.,"#food, #indoor, #morning, #traditional, #culture, #cozy, #rain, #cloudy, #few_hours, #luxury, #long_time"
19,Di Nam Sa Dec's Hu Tieu Sa Dec and Banh Tam,Mon - Sun: 06:00 - 22:00,https://down-vn.img.susercontent.com/vn-#moment34259-7r98o-lwwojxp9q0nt08,https://maps.app.goo.gl/JCrS4nYcMSS9fRxb7,10.768321673995917,106.6865319999449,4.3,"166 Bui Thi Xuan Street, Pham Ngu Lao Ward, District 1, Ho Chi Minh City, VIetnam","Di Nam Sa Dec's Hu Tieu Sa Dec and Banh Tam is a renowned eatery in District 1 that embodies the authentic culinary spirit of the Mekong Delta, specializing in two famous dishes: Sa Dec Noodle Soup and Banh Tam. Their Sa Dec Hủ Tiếu is beloved for its distinctively chewy yet soft noodles, clear and naturally sweet broth made from simmered bones, and fresh toppings. Conversely, Bánh Tằm Bì is a unique dish featuring thick, chewy rice noodles, finely sliced pork skin, and spring rolls, topped with rich coconut milk and a sweet-and-sour fish sauce. The shop attracts diners with its genuine, rustic Sa Dec flavors, creating the feeling of dining right in the Mekong Delta region. Di Nam Sa Dec is the perfect place to experience the richness of Southern Vietnamese cuisine.","Eatery specializing in authentic Sa Dec noodles with chewy rice noodles and sweet, clear broth.","#food, #indoor, #morning, #traditional, #rustic, #cheap, #rain, #sunny, #moment, #few_hours"
20,Pho Hien 1985,Mon - Sun: 06:00 - 23:30,https://img.mservice.com.vn/common/u/05e07d15ed1a84ee51cdfe60756960e55412b5dcd748a2e496a53522eb6597fa/3fb11ab3-a0eb-4daf-b7b8-244b79307b87upwq1jgg.jpg,https://maps.app.goo.gl/bDapetYPLTC1hnzD6,10.764292020399242,106.68742126247687,4.2,"269A Nguyen Trai Street, Nguyen Cu Trinh Ward, District 1, Ho Chi Minh City, Vietnam","Pho Hien 1985 is a time-honored traditional Pho restaurant, famous in District 1, having served patrons for decades. The shop is beloved for faithfully preserving the traditional Northern Pho flavor, featuring a clear, naturally sweet broth simmered from beef bones for hours, subtly fragrant with herbs and spices. Pho Hien specializes in various beef Pho options, ranging from rare beef, flank, and brisket to the premium beef shank (loi rua). The rice noodles are soft and tender, the beef slices are fresh and high-quality, served with crispy quay (fried dough) and fresh herbs. Pho Hien 1985 is not just a place to eat, but a keeper of traditional culinary culture, making it an ideal choice for anyone seeking an authentic and comforting bowl of Pho.","Long-standing traditional Pho shop in District 1 known for its clear, sweet Northern-style bone broth.","#food, #indoor, #morning, #traditional, #vintage, #cozy, #rain, #sunny, #moment, #few_hours, #takeaway"
21,Ancient Hue Beef Noodle Soup,Mon - Sun: 07:30 - 23:30,https://down-vn.img.susercontent.com/vn-#moment34259-7r98o-lwbts798oyxl6d@resize_w800,https://maps.app.goo.gl/eu4ZXw64ZNhbt5b7A,10.770940807914139,106.68964489310882,3.8,"148 Bis Le Thi Rieng Street, Pham Ngu Lao Ward, District 1, Ho Chi Minh City, Vietnam","Bun Bo Hue Xua is a popular restaurant chain that brings the traditional flavors of Bun Bo Hue (Hue Beef Noodle Soup) to the heart of Saigon. The eatery is favored by patrons for its high-quality bowls that perfectly capture the richness and spicy zest characteristic of Hue cuisine. The broth is slow-simmered, fragrant with lemongrass and fermented shrimp paste, creating a distinctive and memorable taste. The generous bowls are loaded with various toppings, including beef, pork hock, crab paste patties, and blood pudding, catering to all preferences. With a clean, cozy atmosphere and affordable prices, Bun Bo Hue Xua is a frequent stop for both locals and tourists seeking an authentic and comforting taste of the ancient Imperial city.","Authentic Bun Bo Hue spot serving spicy, rich beef noodle soup with generous toppings.","#food, #indoor, #morning, #traditional, #vintage, #cozy, #cheap, #rain, #sunny, #moment, #few_hours"
22,Cong Quynh Mixed Rice Paper,"Mon: 09:00 - 17:00, Tue - Fri: 12:00 - 23:30, Sun: 12:00 - 17:00",https://cdn.tgdd.vn/Files/2022/01/03/1408664/6-dia-diem-ban-banh-trang-quan-1-ngon-nhat-nhi-sai-gon-202201030055128795.jpg,https://maps.app.goo.gl/cu4Fw3ZSTrD3HxK47,10.766073549808707,106.68965445758387,5,"125 Cong Quynh Street, Nguyen Cu Trinh Ward, District 1, Ho Chi Minh City, Vietnam","Cong Quynh Mixed Rice Paper (Banh Trang Tron Cong Quynh) is one of the most famous and longest-running street food stalls in District 1, often dubbed a culinary ""paradise"" for Saigon's youth and office workers. The popular snack is a delightful mix of textures and flavors, centered around chewy strips of rice paper. It’s characterized by the perfect balance of the sourness from shredded green mango, the savory richness of dried beef and quail eggs, and a spicy kick from chili paste. The stall's secret lies in its generous, flavorful toppings and the fragrant aroma from fried shallots and roasted peanuts. Located on Cong Quynh street, this spot perfectly embodies the creative, delicious, and highly affordable street food culture that Saigon is famous for, making it an essential local experience.",Famous street food stall known for its delicious mixed rice paper with green mango and beef jerky.,"#snacks, #streetfood, #outdoor, #evening, #vibrant, #youthful, #cheap, #sunny, #windy, #moment"
23,Nguyen Hue Flower Street,Mon - Sun: 00:00 - 00:00,https://hoangkimlandscape.com/image/catalog/5.%20BLOG/4-DUONG-HOA-NGUYEN-HUE-MOT-TRONG-NHUNG-BIEU-TUONG-CUA-SAI-GON-MOI-DO-XUAN-VE/I-LICH-SU-NET-VAN-HOA-TRUYEN-THONG-1/duong-hoa-nguyen-hue-nam-mau-tuat.jpg,https://maps.app.goo.gl/dww36EL73ULVg9oF8,10.77189044523642,106.70614199990901,4.5,"6 Nguyen Hue Street, Ben Nghe Ward, District 1, Ho Chi Minh City, Vietnam","Nguyen Hue Flower Street (Duong Hoa Nguyen Hue) is an annual floral art event that transforms the Nguyen Hue Pedestrian Street in District 1 into a vibrant, giant flower park every Lunar New Year (Tet) holiday. This installation has become a new cultural symbol of Ho Chi Minh City since 2004. The Flower Street is designed with a different theme each year, usually featuring the corresponding Zodiac animal (e.g., the Dragon for the Year of the Dragon) and conveying messages of reunion, peace, and prosperity. The street typically opens to the public for about seven days (from the 28th day of the Lunar December to the 5th day of Tet) and attracts millions of visitors who come to admire and photograph the stunning floral displays, making it an indispensable part of Saigon's festive atmosphere.",Annual Tet festival event transforming the walking street into a vibrant floral art display.,"#walking, #photo, #outdoor, #evening, #vibrant, #culture, #natural, #sunny, #windy, #few_hours, #long_time"
24,Ngo Nho Pho Nho's Bun Dau,Mon - Sun: 10:00 - 21:00,https://img.mservice.com.vn/common/u/2e02fb5fe4f64fb55bc713540643c6f8eae702d101cea8c59afc49cfc505fc37/11b0291a-8982-4c5b-8b37-e27a2180968d9_bywklx,https://maps.app.goo.gl/FGtfC7MrdJEmyXdP9,10.777392061705442,106.69987889989862,4,"158 Pasteur Street, Ben Nghe Ward, District 1, Ho Chi Minh City, Vietnam","Bun Dau Ngo Nho Pho Nho is a well-known eatery in District 1, faithfully bringing the distinct flavors of Hanoi's street food to Saigon. The restaurant is famous for its generous and fresh platter of Bun Dau Mam Tom (Rice Vermicelli with Tofu and Fermented Shrimp Paste), which includes rice vermicelli, hot crispy fried tofu, thit chan gio luoc (boiled pork knuckle), cha com (green rice flake sausage), and pork sausage. The crucial highlight is the Mam Tom (fermented shrimp paste) dipping sauce, expertly mixed with a balanced blend of sour, spicy, and sweet flavors. The restaurant's ambiance is cozy, recreating the feel of Hanoi's ancient small alleys and small streets (Ngo Nho, Pho Nho). This is an ideal choice for food lovers seeking authentic Northern Vietnamese cuisine.",Hanoi-style eatery serving vermicelli with tofu and fermented shrimp paste in a nostalgic setting.,"#food, #indoor, #evening, #traditional, #rustic, #cozy, #cheap, #rain, #cloudy, #few_hours, #moment, #takeaway"
25,Ba Son Harbour Park,Mon - Sun: 00:00 - 23:59,https://mia.vn/media/uploads/blog-du-lich/cau-ba-son-thiet-ke-1736564498.jpg,https://maps.app.goo.gl/PFyUSmor98GsvBdE7,10.786009334099177,106.71332615755415,4.7,"2 Ton Duc Thang Street, Ben Nghe Ward, District 1, Ho Chi Minh City, Vietnam","Ba Son Harbour Park is located on the historic site of the former Ba Son Shipyard, right along the Saigon River in central District 1. Regarded as a ""new public square"" and a green riverside space, the park is a key component of the Grand Marina Saigon and Vinhomes Golden River complex. It offers a tranquil, green oasis, providing a complete escape from the urban hustle. The park is renowned for its spectacular panoramic views overlooking the Thu Thiem Peninsula and the surrounding skyscrapers of District 1. Ba Son Harbour Park is an ideal spot for catching the sunrise, morning exercise, and serves as a picturesque, romantic check-in location, marking the convergence of historical heritage and modern urban architecture.",Riverside park on old shipyard grounds offering green space and panoramic river views.,"#walking, #photo, #outdoor, #morning, #sunset, #modern, #minimalist, #pleasant, #natural, #sunny, #windy, #moment"
26,Kim’s Tavern,Mon - Sun: 16:00 - 04:00,https://dynamic-media-cdn.tripadvisor.com/media/photo-o/2d/93/11/7f/busy-busy-busy.jpg?w=800&h=-1&s=1,https://maps.app.goo.gl/HW7HCUWj2bbntYiD7,10.773327524884362,106.70271327109386,4.8,"20 Huynh Thuc Khang Street, Ben Nghe Ward, District 1, Ho Chi Minh City, Vietnam","Kim's Tavern is a vibrant bar located in the heart of District 1, known as a ""hidden gem"" that harmoniously blends a lively atmosphere with exceptional service. The tavern is highly favored for its warm, engaging ambiance and its friendly, attentive staff. Kim's Tavern offers a diverse selection of drinks, ranging from beautifully crafted cocktails to various beers and spirits. The venue often hosts activities and engaging interactions with its patrons, creating a relaxed yet exciting environment. It is an ideal nightlife spot for socializing, unwinding, and experiencing the vibrant energy of Saigon after dark.","Cozy ""hidden gem"" bar in District 1 known for friendly service, cocktails, and a lively nightlife vibe.","#drinks, #entertainment, #karaoke, #indoor, #evening, #late_night, #vibrant, #youthful, #rain, #cloudy, #few_hours, #long_time"
27,Dao Snail,Mon - Sun: 11:00 - 22:15,  https://dynamic-media-cdn.tripadvisor.com/media/photo-o/0f/d7/f6/0e/in-front-of-the-oc-dao.jpg?w=900&h=500&s=1,https://maps.app.goo.gl/o6B1t4UNpsz2gL3F7,10.77040702686697,106.68985275757063,4.1,"212B/D28 Nguyen Trai Street, Nguyen Cu Trinh Ward, District 1, Ho Chi Minh City, Vietnam","Oc Dao is one of the most famous and longest-running snail and seafood shops in District 1, having even earned recognition in the prestigious MICHELIN Selected list. The eatery draws crowds with its extensive menu of fresh Oc (snails and shellfish), cooked in various signature Saigon styles. Famous dishes include Oc Huong rang muoi ot (Sweet Snails stir-fried with chili salt), Oc Mo xao bo toi (Fat Snails with butter and garlic), and So Diep nuong mo hanh (Grilled Scallops with scallion oil). Oc Dao retains its loyal customer base due to its intensely flavorful dishes, meticulously prepared sauces, and its characteristic sizzling cast iron pan that keeps the food hot. With its bustling, casual atmosphere, it is the perfect place to experience Saigon's vibrant street food culture after dark.",Michelin-selected seafood spot famous for flavorful roasted sweet snails and garlic butter dishes.,"#food, #streetfood, #outdoor, #evening, #late_night, #vibrant, #rustic, #cheap, #sunny, #windy, #few_hours, #moment, #takeaway"
28,The Kitchen of Luc Tinh,Mon - Sun: 10:00 - 22:00,https://www.viettiles.com/upload/ckfinder/images/bep-nha-luc-tinh-restaurant-hcmc-vietnam2.jpg,https://maps.app.goo.gl/eJ5sqBY2svfRbMGMA,10.769918865685293,106.70159345755253,4,"37 Nam Ky Khoi Nghia Street, Nguyen Thai Binh Ward, District 1, Ho Chi Minh City, Vietnam","Bep Nha Luc Tinh is a renowned restaurant in District 1 specializing in traditional Southern Vietnamese cuisine (from the historic Six Provinces). The restaurant features a spacious and airy ambiance, completely separated from the street noise, with a rustic design that strongly evokes the Mekong Delta region, including a water model and outdoor seating. The menu is diverse, focusing on authentic, simple dishes such as kho quet (caramelized fish sauce dip), canh chua (sour soup), and lau mam (fermented fish hotpot), all prepared with true regional flavors. With its elegant and polite atmosphere, Bep Nha Luc Tinh is an ideal venue for family gatherings, business meetings, or hosting international guests to experience the rich and authentic taste of Vietnamese cuisine.","Southern Vietnamese restaurant with rustic decor, serving comfort foods like caramelized pork and sour soup.","#food, #indoor, #evening, #traditional, #rustic, #vintage, #cozy, #culture, #rain, #cloudy, #few_hours, #moment, #takeaway"
29,Quan Ngon 138 – Vietnamese Food,Mon - Sun: 08:00 - 22:30,https://down-vn.img.susercontent.com/vn-#moment34259-7r98o-lw98y2cvxzvdf0@resize_ss640x400,https://maps.app.goo.gl/JXTrEt8qD9spJmF88,10.77780080098904,106.69754379985824,4,"138 Nam Ky Khoi Nghia Street, Ben Nghe Ward, District 1, Ho Chi Minh City, Vietnam","Quan Ngon 138 is a prominent restaurant located in central District 1, serving as a hub for the culinary essence of all three regions of Vietnam (North, Central, and South). With a vast menu featuring over 300 dishes, it is an ideal spot to sample everything from Northern Pho and Bun Cha, Central Mi Quang and Cao Lau, to Southern Banh Xeo and Com Tam (Broken Rice). The restaurant's atmosphere is designed to be cozy and evocative, recreating the look of traditional old streets and rural markets, offering a nostalgic and familiar feel. Quan Ngon 138 caters not only to casual dining but also provides private rooms and party areas with karaoke, making it perfect for business entertaining, banquets, and family gatherings.","Restaurant housed in a replica ancient house, serving specialties from all three regions of Vietnam.","#food, #indoor, #evening, #traditional, #vintage, #cozy, #culture, #rain, #cloudy, #few_hours, #moment, #takeaway"
30,Elixir Lounge Bar,"Mon - Sat: 17:00 - 04:00, Sun: Close",https://vietnamnightlife.com/uploads/images/2022/10/1666143444-single_product2-elixirloungebarcoverphoto.jpg,https://maps.app.goo.gl/E1ScG123k554gSbe6,10.781661758630184,106.70610769994265,4.9,"28B/1 Ngo Van Nam Street, Ben Nghe Ward, District 1, Ho Chi Minh City, Vietnam","Elixir Lounge Bar is a stylish and prominent lounge located in central District 1 (near the Le Thanh Ton Japanese Quarter). The bar attracts a diverse crowd of locals and international tourists, thanks to its blend of a luxurious, intimate setting and a vibrant musical atmosphere. Elixir consistently updates its music trends, featuring genres like House, EDM, and Top 40, supported by a state-of-the-art sound and lighting system that creates a high-energy environment. The bar offers a wide variety of drinks, including cocktails and bottled spirits, alongside various fun entertainment options. With its professional and friendly staff, Elixir is an ideal spot to fully experience the dynamic, upscale nightlife of Saigon.",Luxurious lounge near the Japanese district featuring trendy EDM music and creative cocktails.,"#drinks, #entertainment, #indoor, #late_night, #modern, #luxury, #vibrant, #dramatic, #rain, #cloudy, #few_hours, #long_time, #food, #bar"
31,The Alley Cocktail Bar & Kitchen,"Mon - Tue: 17:00 - 00:00, Wed - Fri: 17:00 - 01:00, Sat: 17:00 - 00:00, Sun: Close",https://dynamic-media-cdn.tripadvisor.com/media/photo-o/14/60/ab/ac/img-20180829-213455-largejpg.jpg?w=900&h=500&s=1,https://maps.app.goo.gl/e3KoWXhJKihnjYPo6,10.775050103055772,106.70064185758835,4.6,"63/8 Pasteur Street, Ben Nghe Ward, District 1, Ho Chi Minh City, Vietnam","The Alley Cocktail Bar & Kitchen is a distinctive bar famous for its location, hidden away in a quiet alley in central District 1. The venue adopts a speakeasy style, with its interior designed to be classic and intimate, utilizing dark wood and soft yellow lighting. The Alley attracts cocktail enthusiasts with its creative, subtly mixed, and highly personalized drink menu. Beyond quality cocktails, the Kitchen menu offers unique Asian and European appetizers and main courses, suitable for an intimate dinner. The Alley is the perfect choice for those seeking a tranquil retreat, eager to escape the hustle and bustle and enjoy the art of cocktail making in a private setting.","Speakeasy-style bar in a quiet alley, offering creative cocktails and Asian-European fusion dining.","#drinks, #food, #indoor, #late_night, #vintage, #romantic, #rain, #cloudy, #few_hours, #long_time, #vibrant, #bar"
32,Layla – Eatery & Bar,"Mon - Thus: 16:00 - 01:00, Fri - Sat: 16:00 - 02:00, Sun: 13:00 - 01:00",https://dynamic-media-cdn.tripadvisor.com/media/photo-o/11/b9/8c/97/main-bar-overlooking.jpg?w=900&h=500&s=1,https://maps.app.goo.gl/9sQRKawyf5WZKmQr7,10.775621062966565,106.70415742875836,4.8,"Second Floor, 63 Dong Du Street, Ben Nghe Ward, District 1, Ho Chi Minh City, Vietnam","Layla – Eatery & Bar is a stylish and popular bar and restaurant located on the second floor of an old apartment building in central District 1 (near Dong Khoi and Dong Du streets). The venue features an Industrial Chic style blended with a touch of vintage charm, creating a cozy, unpretentious, and highly chill-out atmosphere. Founded by an Australian bartender, Layla is renowned for its high-quality, creative cocktails and a solid menu of tapas and Mediterranean-inspired bar bites. Thanks to its prime location, the bar offers large windows overlooking the bustling streets below, making it an ideal choice for anyone seeking a relaxed space to enjoy excellent drinks and intimate conversations.","Industrial-chic bar with a view, famous for high-quality cocktails, gin, and Mediterranean bites.","#drinks, #food, #indoor, #rooftop, #late_night, #modern, #pleasant, #rain, #cloudy, #few_hours, #long_time, #bar"
33,Burger King Pham Ngu Lao,Mon - Sun: 09:00 - 23:59,https://freser.vn/wp-content/uploads/2024/10/ger.jpg,https://maps.app.goo.gl/NRK6pKLAz6TNTG5S6,10.768480808006267,106.6927085576115,3.6,"223-225 Pham Ngu Lao Street, Pham Ngu Lao Ward, District 1, Ho Chi Minh City, Vietnam","Burger King Pham Ngu Lao is a prominent branch of the famous American fast-food chain, located right in the heart of the bustling ""Backpacker Area"" in District 1. The restaurant is renowned for its signature Whopper – a flame-grilled beef burger that sets it apart from competitors. Beyond its diverse range of beef and chicken burgers, Burger King also serves popular sides like crispy french fries and notably offers free soda refills (subject to current policy). With its comfortable seating, late operating hours, and a prime location overlooking the park, this is an ideal pit stop for both tourists and young locals craving quick and satisfying fast food.",Convenient fast-food stop in the backpacker area serving flame-grilled beef burgers with a park view.,"#food, #indoor, #late_night, #modern, #vibrant, #cheap, #rain, #cloudy, #moment, #few_hours"
34,Kasen Omakase,Mon - Sun: 10:30 - 22:00,https://theme.hstatic.net/200000662729/1001050504/14/share_fb_home.jpg?v=394,https://maps.app.goo.gl/9e484pdGzrwAvP5HA,10.771210785584545,106.69047212874841,4.5,"101 Le Thi Rieng Street, Ben Thanh Ward, District 1, Ho Chi Minh City, Vietnam","Kasen Omakase is a prominent Omakase restaurant in Saigon, offering a high-end Japanese dining experience based on the philosophy of ""Trust the Chef"" (Omakase). The restaurant operates without a fixed menu; instead, the dishes are determined by the chef based on the freshest seasonal ingredients, ensuring a unique and constantly evolving experience. Kasen stands out by blending classic Japanese techniques with innovative, modern (fusion) creations such as Foie Gras Nigiri or Sashimi marinated with Truffle oil. The dining space is cozy and refined, often featuring a counter where guests can directly interact with the chef, making the meal an artistic and surprising culinary journey.",Premium Japanese dining where chefs create a surprise menu based on the freshest daily ingredients.,"#food, #indoor, #evening, #modern, #minimalist, #luxury, #quiet, #rain, #cloudy, #few_hours"
35,Bo By Butterman,Mon - Sun: 09:00 - 22:00,https://scontent.fsgn5-14.fna.fbcdn.net/v/t39.30808-6/520472082_1125545302937412_4379583788824859413_n.jpg?_nc_cat=101&ccb=1-7&_nc_sid=cc71e4&_nc_ohc=O94CzzRLje8Q7kNvwE-xsmI&_nc_oc=Adk95rnoqP7bVrFw9XTjD-MShWmHubkceyfLkvxQmJrZmGbP9kFOuzmKRt_-vpIuSws&_nc_zt=23&_nc_ht=scontent.fsgn5-14.fna&_nc_gid=b0qksUwjHKcc3p-5annBCw&oh=00_AfieEKy9gnDARjAnK9pGlcixydNjusuJ-f4flFiHWdaoTQ&oe=691C6FA1,https://maps.app.goo.gl/cgFp3Cdh3cjdqh64A,10.771322366057674,106.69116725901759,4.7,"67 Le Thi Rieng Street, Ben Thanh Ward, District 1, Ho Chi Minh City, Vietnam","Bo By Butterman is a popular dessert shop, especially favored by Saigon's youth for its unique handmade pastries and affordable prices. The shop immediately captivates customers with the fragrant aroma of butter filling the air and its wide variety of sweets. Highlights include colorful Marshmallows with various intriguing fillings, Cookies with a balanced, non-overly sweet texture, and dense Brownies. Although the space is small, the interior is charmingly decorated, creating a cozy and relaxing atmosphere. Bo By Butterman is an ideal spot to either take away or enjoy desserts like their famous cookies along with drinks such as Matcha Latte or coffee.","Cozy bakery popular for homemade soft cookies, marshmallows, and brownies.","#food, #cafe, #snacks, #indoor, #evening, #cozy, #youthful, #rain, #cloudy, #moment, #few_hours"
36,Sai Gon Oi Coffee,"Mon - Thus: 07:00 - 22:00, Fri: 07:00 - 23:00, Sat - Sun: 07:00 - 22:00",https://saigonoicafe.com/images_upload/para-101586048167.jpg,https://maps.app.goo.gl/bGj7io2xnTKaeirx7,10.774317524200626,106.70409972878092,4.1,"42 Nguyen Hue Street, Ben Nghe Ward, District 1, Ho Chi Minh City, Vietnam","Sai Gon Oi Coffee is a familiar and beloved cafe often situated in prime locations in central District 1. The shop stands out with its refined, modern design and spacious balcony offering stunning views of the vibrant Saigon streets. With its open, light-filled atmosphere, the cafe creates a comfortable and relaxing environment, perfectly suited for those seeking a moment of ""slow living"" amidst the city bustle. The menu is varied, ranging from traditional Vietnamese coffees to refreshing fruit teas, catering to diverse tastes. Sai Gon Oi is an ideal place to enjoy quality coffee and fully appreciate the dynamic, yet romantic, beauty of the city.","Modern cafe with a balcony overlooking Nguyen Hue Walking Street, great for working or people-watching.","#cafe, #indoor, #rooftop, #morning, #modern, #minimalist, #chill, #quiet, #sunny, #cloudy, #few_hours, #photo, #moment"
37,Whisfee Coffee,Mon - Sun: 09:00 - 23:00,https://cheritheglutton.com/wp-content/uploads/2023/02/Whisfee-CafeIMG_2841.jpg,https://maps.app.goo.gl/5qCgDrLjwjwcLgMU8,10.769877946815228,106.70410778641505,4.8,"14 Ton That Dam Street, Nguyen Thai Binh Ward, District 1, Ho Chi Minh City, Vietnam","Whisfee Café is a distinctive coffee shop famous for being a hidden gem tucked away on the first floor of an old apartment building at 14 Ton That Dam in District 1. The cafe boasts a retro style blended with European vintage aesthetics, featuring dark wood, leather chairs, and warm lighting, resembling a small European bar or an old study room. Whisfee is highly favored for its tranquil, relaxing atmosphere, providing a peaceful escape from the bustling streets, making it perfect for reading or quiet conversations. The menu offers high-quality coffees and teas, including signature drinks like Egg Coffee with Rum and Coconut Coffee, and features a large window area overlooking the street.","Quiet, retro-style cafe hidden in an old apartment block, perfect for privacy and relaxation.","#cafe, #indoor, #morning, #evening, #vintage, #quiet, #cozy, #romantic, #rain, #cloudy, #few_hours, #moment, #photo"
38,Lost – Drink & Chill,Mon - Sun: 12:00 - 03:00,https://scontent.fsgn5-15.fna.fbcdn.net/v/t39.30808-6/489024627_6901281902#long_time86_8090416941313172098_n.jpg?_nc_cat=#moment&ccb=1-7&_nc_sid=833d8c&_nc_ohc=ckH9TXqi5_gQ7kNvwEPyEHg&_nc_oc=Adnctjpv9SUfo9yRFY23_nA2z72hc77JhDwhUFJyCoJmZPVTgjyJYqCyFlx_Qd1HoAc&_nc_zt=23&_nc_ht=scontent.fsgn5-15.fna&_nc_gid=2QXHsH2swMyYI2SjMzVfxA&oh=00_AfigiN1j2bcrYsVwV9vC-jPGdNejWMTor3_1UYLTSRTWNQ&oe=691C8675,https://maps.app.goo.gl/gH6hzCRoTsUZWwAL6,10.774615803394061,106.70441887107462,4.6,"71/5 Mac Thi Buoi Street, Ben Nghe Ward, District 1, Ho Chi Minh City, Vietnam","Lost – Drink & Chill is a popular bar favored by Saigon's youth, located in central District 1, known for perfectly blending a relaxed, chilling atmosphere with a lively, exciting environment. The venue is designed to be cozy and intimate yet spacious enough to accommodate both small and large groups. Lost offers a diverse drink menu, ranging from creative signature cocktails to strong spirits, beers, and non-alcoholic options. Notably, the music is a highlight, with frequent appearances by DJs playing EDM, House, and Hip-hop, alongside more relaxed acoustic live music on weekdays. With its unique space, quality beverages, and reasonable prices, it is an ideal nightlife destination for socializing and unwinding.","Trendy bar combining a chill vibe with party energy, featuring DJs and diverse drinks.","#drinks, #entertainment, #indoor, #late_night, #modern, #vibrant, #youthful, #rain, #cloudy, #few_hours, #moment"
39,Hoang’s Kitchen,Mon - Sun: 10:00 - 22:30,https://hoangskitchen.com/wp-content/uploads/2024/07/6.png,https://maps.app.goo.gl/eDTqb8jAYxsAAmFL9,10.77433130177775,106.69661126436155,4.9,"45 Thu Khoa Huan Street, Ben Thanh Ward, District 1, Ho Chi Minh City, Vietnam","Hoang's Kitchen is a prominent Vietnamese restaurant near Ben Thanh Market, known for its superb fusion of traditional cuisine and extensive high-quality vegan options. The restaurant captivates diners with a diverse menu where dishes are delicately prepared, offering rich, balanced flavors and beautiful presentation. Hoang's Kitchen is highly praised for its exceptional vegan offerings, such as Pho chay (Vegan Pho) and the vegetable spring rolls, often surprising even meat-eaters. The cozy, spacious environment, coupled with friendly, energetic, and English-speaking staff, makes Hoang's Kitchen an ideal spot for both locals and international visitors looking to experience the best of Vietnamese gastronomy.",Vietnamese restaurant near Ben Thanh Market offering both traditional meat dishes and a high-quality vegetarian menu.,"#food, #indoor, #evening, #traditional, #healthy, #cozy, #pleasant, #rain, #cloudy, #few_hours, #moment"
40,Saigon Zoo,Mon - Sun: 07:00 - 17:30,https://cdn.tcdulichtphcm.vn/upload/1-2025/images/2025-03-26/1742963830-do-dac-thao-cam-vien-sai-gon-de-xuat-chuyen-152ha-tu-cho-thue-sang-giao-dat-82971.jpg,https://maps.app.goo.gl/c9vayTEZAvomBwkg7,10.787439791971414,106.70504587117269,4.3,"2 Nguyen Binh Khiem Street, Ben Nghe Ward, District 1, Ho Chi Minh City , Vietnam","Saigon Zoo and Botanical Gardens (known locally as So Thu or The Zoo) is one of the world's oldest continually operating zoological parks, established in 1864. Located right in the heart of District 1, it is often referred to as the city’s ""green lung,"" offering a vast, fresh escape from the urban bustle. Covering nearly 17 hectares, the venue currently conserves over 1,300 animals across 125 species and more than 2,500 trees spanning 360 species, including many rare varieties. More than just an amusement spot, the Saigon Zoo and Botanical Gardens serves as a vital center for conservation, education, and research on biodiversity.","Historic zoo and botanical garden serving as the city's ""green lung"" and conservation center.","#outdoor, #photo, #morning, #natural, #pleasant, #vintage, #sunny, #windy, #long_time, #few_hours"
41,Tao Dan Park,Mon - Sun: 07:00 - 22:00,https://upload.wikimedia.org/wikipedia/commons/5/54/C%C3%B4ng_vi%C3%AAn_Tao_%C4%90%C3%A0n.jpg,https://maps.app.goo.gl/14gG8TYq8n74Z9Y48,10.77476450327829,106.69243137105866,4.5,"Ben Thanh Ward, District 1, Ho Chi Minh City, Vietnam","Tao Dan Park is one of the largest and oldest parks in District 1, widely known as the ""green lung"" of Saigon. It features a dense concentration of greenery, including many hundred-year-old trees, creating an airy and peaceful sanctuary away from the city noise. The park is a popular spot for morning exercises and is famously the venue for the traditional Hoi Hoa Xuan (Spring Flower Festival) held before the Lunar New Year (Tet). Within the park's grounds are significant historical landmarks such as the Temple dedicated to the Hung Kings and the ancient Lam family tomb area, establishing Tao Dan not just as a place for relaxation but also as a site rich in the city's cultural and historical heritage.","Large historic park with ancient trees and a temple, popular for morning exercise and the Spring Flower Festival.","#walking, #outdoor, #morning, #natural, #quiet, #traditional, #sunny, #windy, #moment, #few_hours, #long_time"
42,Ho Chi Minh City Museum of Fine Arts,Mon - Sun: 08:00 - 17:00,https://mia.vn/media/uploads/blog-du-lich/bao-tang-my-thuat-tphcm-010-1692972940.jpg,https://maps.app.goo.gl/TMWVf61gk6cT1m226,10.77030604571641,106.69925007292812,4.5,"97A Pho Duc Chinh Street, Nguyen Thai Binh Ward, District 1, Ho Chi Minh City, Vietnam","The Ho Chi Minh City Museum of Fine Arts is one of Vietnam's largest and most significant museums, renowned for both its extensive art collection and its distinctive architecture. The main building, constructed in the 1920s, features an elegant blend of French colonial and Asian architectural styles (noted for its tiled roofs, arched windows, and striking yellow facade). The museum displays over 21,000 artworks spanning centuries, from ancient sculptures of the Oc Eo and Champa cultures to modern paintings and sculptures by famous Vietnamese artists. This site serves not only as a cultural landmark but also as an ""Instagrammable"" location due to its classic, visually impressive beauty.","Colonial-era mansion housing over 21,000 art pieces, known for its stunning architecture.","#photo, #indoor, #morning, #vintage, #elegant, #culture, #rain, #sunny, #few_hours, #moment"
43,Little Japan Town Saigon,Mon - Sun: 00:00 - 23:59,https://static.vinwonders.com/production/saigon-japan-town-banner.jpg,https://maps.app.goo.gl/VWcMZhzdXov4PABN7,10.779585560124843,106.70469257104816,4.3,"8A Thai Van Lung Street, Ben Nghe Ward, District 1, Ho Chi Minh City, Vietnam","Little Japan Town Saigon is a unique district located at the intersection of Le Thanh Ton and Thai Van Lung Streets in District 1, often dubbed the ""Little Tokyo"" of the city. This area perfectly recreates a Japanese atmosphere with its narrow alleys adorned with lanterns, wooden-tiled roofs, and signage featuring Japanese characters. The street is home to over 70 establishments, primarily Japanese-style restaurants, Izakaya pubs, spas, and convenience stores. The quarter is well-known for its quiet, clean, and civilized ambiance, offering a stark contrast to Saigon's hustle and bustle, making visitors feel as though they have stepped into Tokyo or Kyoto.",A network of alleys on Le Thanh Ton street packed with authentic Japanese restaurants and bars.,"#walking, #food, #drinks, #karaoke, #outdoor, #evening, #late_night, #culture, #vibrant, #unique, #rain, #sunny, #few_hours, #moment, #long_time"
44,Van Phat Temple,Mon - Sun: 07:00 - 19:00,https://cdn.xanhsm.com/2024/12/5b69b322-chua-van-phat-3.jpg,https://maps.app.goo.gl/A7P6EEMBe4ZwPvNZ7,10.75359681918724,106.67531032875117,4.7,"66/14 Nghia Thuc Street, Ward 5, District 5, Ho Chi Minh City, Vietnam","Van Phat Temple is a prominent temple of the Chinese community in District 5 (Cho Lon area), originally established in 1959. Though modest in size, the pagoda features a typical Chinese architectural style and expands vertically across five floors. The temple holds a Vietnamese record for housing over 10,000 Buddha statues of various sizes displayed throughout its halls, fitting its name, ""Ten Thousand Buddhas."" Notably, the main hall on the top floor offers an awe-inspiring view of the immense and intricate system of statues. At night, the temple is brightly illuminated by red lanterns, creating a mystical, warm, and unique atmosphere, drawing both Buddhists and visitors seeking tranquility.","Distinctive 5-story pagoda in District 5 housing over 10,000 Buddha statues in a solemn setting.","#indoor, #morning, #traditional, #culture, #quiet, #sunny, #cloudy, #moment, #few_hours, #long_time, #visit, #rain"
45,Ong Pagoda,Mon - Sun: 06:00 - 17:00,https://cdn-merchant.vinid.net/images/gallery/vinshop-seo/1739873357_chua-ong-quan-5-tphcm.jpg,https://maps.app.goo.gl/N44j7hoav1EVYKRe8,10.753882816869796,106.66213745757732,4.6,"678 Nguyen Trai Street, Ward 11, District 5, Ho Chi Minh City, Vietnam","Chua Ong (or Nghia An Assembly Hall) is a national architectural and artistic relic, constructed in the mid-18th century by the Teochew Chinese community in Saigon. The temple is primarily dedicated to Guan Yu (Quan Cong), the legendary general symbolizing loyalty and righteousness. The architecture is distinctly Teochew style, dominated by red and gold colors, intricate ceramic reliefs, and refined wood carving art. With its sacred, ancient atmosphere and a large central courtyard (San Thien Tinh), the Assembly Hall serves not only as a cultural and spiritual center for the Chinese community but also as an ideal destination to explore the history and cultural blend of Vietnamese and Chinese heritage in Cho Lon.","Ornate Teochew Chinese temple dedicated to Guan Yu, featuring striking red decor and wood carvings.","#indoor, #morning, #traditional, #culture, #quiet, #sunny, #cloudy, #moment, #few_hours, #long_time, #visit, #rain"
46,Quan Am Temple,Mon - Sun: 00:00 - 23:59,"https://ik.imagekit.io/tvlk/blog/2024/03/chua-quan-am-3.png?tr=q-70,c-at_max,w-500,h-300,dpr-2",https://maps.app.goo.gl/XMiD4Ffa5t1Junb2A,10.753981718906536,106.65957065757401,4.7,"5 Lao Tu Street, Ward 11, District 5, Ho Chi Minh City, Vietnam","Quan Am Pagoda (also known as On Lang Assembly Hall) is an ancient temple established by the Fujian Chinese community in Saigon during the 19th century. The temple is primarily dedicated to the Goddess of Mercy, Quan The Am Bodhisattva, and is renowned for its sacredness and unique architecture, bearing the hallmarks of traditional Fujian style. The structure is distinguished by its curved tile roofs, exquisite ceramic reliefs, and especially the numerous paper lanterns hanging throughout the halls, creating a solemn and intimate atmosphere. Situated in the heart of Chinatown, Quan Am Pagoda serves not only as a religious site but also as a vibrant architectural museum, drawing visitors to admire its beauty and ancient cultural and spiritual significance.","Historic Fujian Chinese temple dedicated to Goddess Guanyin, known for its intricate ceramic roof art.","#indoor, #morning, #traditional, #culture, #quiet, #sunny, #cloudy, #moment, #few_hours, #long_time, #visit, #rain"
47,Ong Bon Temple,Mon - Sun: 07:00 - 17:00,https://static.vinwonders.com/production/chua-ong-bon-banner.jpg,https://maps.app.goo.gl/V2yv71n96myKxw979,10.751268261446588,106.65732295758288,4.9,"264 Hai Thuong Lan Ong Street, Ward 14, District 5, Ho Chi Minh City, Vietnam","Chua Ong Bon (formally Nhi Phu Temple) is one of the oldest temples in Saigon, established in the late 17th century by the Fujian Chinese community. The temple is primarily dedicated to Ong Bon (also known as Bon Dau Cong), the deity revered as the protector of the land and the community's safety. The architecture is highly traditional Fujian style, notable for its curved tiled roofs, vibrant ceramic relief decorations, and exquisite wood carving craftsmanship. Chua Ong Bon serves not only as a spiritual hub for the Fujian people but also as a precious architectural and artistic relic, remaining a sacred and ancient landmark within the bustling Cho Lon Chinatown.","One of the oldest Fujian pagodas in Saigon, featuring a large central courtyard and traditional architecture.","#indoor, #morning, #traditional, #culture, #quiet, #sunny, #cloudy, #moment, #few_hours, #long_time, #visit, #rain"
48,Thien Hau Temple,Mon - Sun: 06:00 - 17:30,https://www.vietnamairlines.com/~/media/SEO-images/2025%20SEO/Traffic%20TV/chua-ba-thien-hau/chua-ba-thien-hau-xay-dung-mai-am-duong-cham-tro-cau-ky-tinh-xao.jpg?la=vi-VN,https://maps.app.goo.gl/XNhpxqXN2Ss4Bu3u9,10.753497757528361,106.66117619990024,4.6,"710 Nguyen Trai Street, Ward 11, District 5, Ho Chi Minh City, Vietnam","Thien Hau Temple (or Tue Thanh Guildhall) is one of the oldest and most sacred temples belonging to the Chinese community in Cho Lon, dating back to around 1760. The temple is dedicated to Thien Hau Thanh Mau (Mazu), the Goddess of the Sea, holding profound spiritual significance for Chinese immigrants. Its architecture showcases a classical Chinese style, notably featuring gracefully curved tiled roofs, colorful ceramic reliefs, and valuable large incense burners. The temple is famous for the distinctive coils of incense hanging from the ceiling, creating an atmospheric, ancient, and mystical space. It is a must-visit cultural landmark for exploring the unique architecture and heritage of Saigon's Chinese residents.","Iconic, sacred temple dedicated to the Sea Goddess Mazu, famous for its hanging incense coils.","#indoor, #morning, #traditional, #culture, #quiet, #sunny, #cloudy, #moment, #few_hours, #long_time, #visit, #rain"
49,Les Rives – Authentic River Experience,"Mon - Fri: 09:00 - 18:00, Sat - Sun: Close",https://lesrivesexperience.com/wp-content/uploads/2022/05/saigon-sunset-tour-by-yacht.jpg,https://maps.app.goo.gl/97FjdYHs1zrPyY1R6,10.776247221718322,106.70641132431258,4.8,"IBC Building, 1A Cong Truong Me Linh Street, Ben Nghe Ward, District 1, Ho Chi Minh City, Vietnam","Les Rives – Authentic River Experience is a tour operator specializing in genuine river exploration adventures in Southern Vietnam, distinguished by its use of luxury speedboats. Instead of typical road travel, Les Rives takes guests to explore less-accessible areas like the Cu Chi Tunnels and the Mekong Delta efficiently and exhilaratingly. The company focuses on providing authentic experiences, allowing visitors to immerse themselves in local life, discover the Can Gio Mangrove Forest, and venture into remote backwaters. With its professional, well-organized service and knowledgeable guides, Les Rives offers an effective and memorable journey into Vietnam's natural beauty and heritage.",Premium river tour operator offering luxury speedboat trips to Cu Chi Tunnels and the Mekong Delta.,"#outdoor, #morning, #luxury, #unique, #natural, #sunny, #windy, #long_time, #few_hours"
50,Thien Ton Pagoda,"Mon - Sun: 07:00 - 12:00, 14:00 - 20:00",https://image.giacngo.vn/w770/Uploaded/2025/vowkbziv/2025_02_09/img-0579-3580-9121.jpeg,https://maps.app.goo.gl/1K9uT9tEDqdyVrmW7,10.752247201161735,106.67213417106197,4.6,"117/3/2 An Binh Street, Ward 5, District 5, Ho Chi Minh City, Vietnam","Thien Ton Pagoda is a famous ancient temple nestled peacefully within an alley in District 5, recognized as a City-level Historical Relic. Established in 1947, the pagoda is distinguished by its traditional Vietnamese architecture, featuring intricate carvings, solemn altars, and a refreshing green courtyard. Notably, Thien Ton Pagoda holds significant historical importance: it secretly served as a revolutionary base, sheltering high-ranking officials of the Saigon - Gia Dinh Special Zone during the war for independence. Today, the pagoda is not only a place for worship and spiritual practice but also actively engages in charity and humanitarian activities, preserving both cultural and spiritual values.","Ancient, peaceful pagoda in District 5 with a history of revolutionary activity, now a spiritual center.","#indoor, #morning, #traditional, #culture, #quiet, #sunny, #cloudy, #moment, #few_hours, #long_time, #visit, #rain"
51,Kaka cafe,"Mon - Sat: 09:00 - 23:30, Sun: 17:00 - 23:00",https://lh3.googleusercontent.com/gps-cs-s/AG0ilSy9CKmsWLlzzu41EA-jFLjngdWjCJKf20am7RbHr10YX1r23omIxcKb4r6HacgFaX7Zq6BLbN7M0k2mT5_D84vOE94t3-yYIvSc768ibFpcRobThYVxETjJRu9QscJHodXrM2Sw=w455-h240-k-no,https://maps.app.goo.gl/agoB8Tcq98WwBca99,10.747454629619794 ,106.65571642292741,4.3,"1 Go Cong Street, Ward 13, District 5, Ho Chi Minh City, Vietnam","Cafe Ka Ka is a cozy and colorful coffee shop located at 1 Go Cong Street, District 5, Ho Chi Minh City. Known for its bright interior and fun, youthful vibe, the café offers a wide variety of drinks and snacks, from Vietnamese coffee to refreshing fruit teas. With its warm atmosphere and friendly staff, Cafe Ka Ka is a popular spot for students and young people to relax, chat, or study","A colorful and cozy cafe in District 5 with a youthful vibe, offering Vietnamese coffee and fruit teas.","#cafe, #snacks, #indoor, #morning, #modern, #youthful, #vibrant, #rain, #sunny, #few_hours, #long_time, #moment"
52,Napoly Café & Milk Tea,Mon - Sun: 07:00 - 22:00,https://napoli.vn/Document/Images/Napoli-206-Phan-Huy-Ich-(9).jpg,https://maps.app.goo.gl/qTfiwxNrN2bjBigU8,10.748283437830345, 106.65735238733092,5,"9 Phung Hung Street, Ward 13, District 5, Ho Chi Minh City, Vietnam","Napoly Café & Milk Tea is a bright and modern coffee and milk tea shop located at 9 Phung Hung Street in District 5, Ho Chi Minh City. The café features a clean, cozy space with cheerful yellow accents and plenty of natural light, making it an inviting spot to unwind or catch up with friends. Offering a wide selection of drinks from classic coffee to creative milk tea flavors, Napoly Café & Milk Tea is a favorite choice for those seeking both comfort and style in the heart of the city.","Bright, modern coffee and milk tea shop with cheerful yellow decor, perfect for hanging out.","#cafe, #drinks, #indoor, #morning, #modern, #cozy, #rain, #sunny, #few_hours, #moment, #long_time"
53,Ong Bau Cafe,Mon - Sun: 00:00 - 23:59,https://blog.dktcdn.net/files/ho-tro-tu-thuong-hieu.jpg,https://maps.app.goo.gl/rJzejJGbK6j8wxLh9,10.75044452790893 ,106.6629561295836,3.2,"24D Hai Thuong Lan Ong Street, Ward 11, District 5, Ho Chi Minh City, Vietnam","Cafe Ong Bau at 24D Hai Thuong Lan Ong Street, Ward 11, District 5, Ho Chi Minh City offers a bright and trendy setting characterised by bold yellow-black branding. It’s a popular spot among young people and friends looking to hang out, grab a diverse drink menu (from specialty coffee to milk teas), and enjoy a lively neighbourhood in the heart of District 5. While the atmosphere is fun and accessible, guests note that the ambience and service may vary depending on crowd levels.","Trendy spot with bold yellow-black branding, serving specialty coffee and milk teas in a lively neighborhood.","#cafe, #drinks, #outdoor, #morning, #modern, #vibrant, #sunny, #moment, #few_hours, #long_time"
54,Highlands Coffee – Cho Lon Post Office,Mon - Sun: 07:00 - 23:00,https://fnbvietnam.vn/wp-content/uploads/2024/01/highlands-buu-dien-thanh-pho-5.jpg,https://maps.app.goo.gl/KHpanpnNfRreV5RCA,10.750097405330443 ,106.6593806578249,4.6,"03 Mac Cuu Street, Ward 13, District 5, Ho Chi Minh City, Vietnam","Highlands Coffee – Cho Lon Post Office is a modern Vietnamese café situated inside the Cho Lon Post Office building on Mac Cuu Street, District 5. With its bright and spacious interior, the café offers a comfortable setting for both casual hangouts and quick breaks. It serves a wide range of coffee, tea, and blended drinks, highlighting Vietnam’s signature flavors. The location is convenient for locals and visitors exploring the Cho Lon area, making it a popular stop for both relaxation and work.","Modern cafe inside a historic post office, offering a spacious setting for work and relaxation.","#cafe, #indoor, #morning, #modern, #rain, #sunny, #few_hours, #study"
55,Katinat Mac Cuu,Mon - Sun: 07:00 - 22:30,https://tse1.mm.bing.net/th/id/OIP.lRH3FO3gn6o5w0reP_6fMQHaI3?rs=1&pid=ImgDetMain&o=7&rm=3,https://maps.app.goo.gl/s71XT37esrkToupt9,10.750370782564403,106.659416063401,3.8,"66 Mac Cuu Street, Ward 13, District 5, Ho Chi Minh City, Vietnam","Katinat Mac Cuu is a stylish and modern coffee shop located in the lively District 5 area of Ho Chi Minh City. Featuring Katinat’s signature elegant interior with warm lighting and marble accents, it offers a comfortable and sophisticated atmosphere for coffee lovers. The café serves premium Vietnamese and Western-style beverages, along with pastries and light snacks, making it ideal for both work and relaxation. Its corner location and cozy seating make it a great stop for travelers exploring the Cho Lon neighborhood.","Stylish cafe with elegant interiors and warm lighting, serving premium drinks in the heart of Cho Lon.","#cafe, #indoor, #evening, #modern, #elegant, #luxury, #chill, #rain, #cloudy, #few_hours, #moment, #long_time, #study"
56,Youth House Mac Cuu,Mon - Sun: 07:00 - 18:00,https://lh3.googleusercontent.com/gps-cs-s/AG0ilSxLAHWRuvWOIOHc_KkUTmz7jupWl-zsSLVUOO74TujETsfCsoVTVMyiL3N2fF6BtURytD7z6kNsI8dv4L-Fd8pdh1LOfvU63zx6xSAFeectPL6sNU5k_NN8B2CGS_bxcYOiT7g=w408-h306-k-no,https://maps.app.goo.gl/t3WjjQwaKUUmX27o9,10.750125714997932,106.65950457630102,5,"52 Mac Cuu Street, Ward 13, District 5, Ho Chi Minh City, Vietnam","Youth House Mac Cuu is a cozy and creative coffee shop nestled on Mac Cuu Street in District 5. With a bright and welcoming design, the café provides a comfortable space for young people to relax, study, or meet up with friends. It offers a variety of drinks, including coffee, milk tea, and fruit beverages, all served at affordable prices. The friendly staff and calm ambiance make it a charming local spot for anyone looking to enjoy a peaceful break in the city.","Cozy, creative space for young people to study and relax with affordable coffee and milk tea.","#cafe, #drinks, #indoor, #youthful, #cheap, #rain, #sunny, #few_hours, #takeaway, #cozy, #moment"
57,Passio Coffee – 152 Hai Thuong Lan Ong,Mon - Sun: 06:00 - 22:00,https://tse1.mm.bing.net/th/id/OIP.6mC5YPIEv4MMbVC36uTjKQHaFj?rs=1&pid=ImgDetMain&o=7&rm=3,https://maps.app.goo.gl/cqZRh1FiTU5SFQcF7,10.750793612069963,106.66030914470966,4.4,"152 Hai Thuong Lan Ong Street, Ward 11, District 5, Ho Chi Minh City, Vietnam","Passio Coffee at 152 Hai Thuong Lan Ong is a lively café in District 5 known for its bright green theme and youthful energy. The shop serves a wide range of drinks, including Vietnamese iced coffee, fruit smoothies, and milk tea, catering to both quick takeaways and relaxed sit-downs. With its convenient location near the busy Chinatown area, it’s a favorite for locals looking for a quick caffeine fix or a casual meeting spot. The open-front design gives the café a refreshing and welcoming vibe, perfect for people-watching or a mid-day break.","Vibrant cafe with a green theme and open-front design, popular for quick coffee and smoothies.","#cafe, #takeaway, #outdoor, #morning, #modern, #vibrant, #minimalist, #sunny, #windy, #moment, #few_hours"
58,MIA Coffee Tea Q5,Mon - Sun: 06:30 - 21:00,https://tse2.mm.bing.net/th/id/OIP.TuGW2_fDRWx6s7cxN0CxwQHaHa?rs=1&pid=ImgDetMain&o=7&rm=3,https://maps.app.goo.gl/g4WE5sx2LnJjepwXA,10.751956934960731,106.66123429982987,4.8,"351 Tran Hung Dao Street, corner of Trieu Quang Phuc Street, District 5, Ho Chi Minh City, Vietnam","MIA Coffee Tea Q5 is a lively and modern café located at the intersection of Tran Hung Dao and Trieu Quang Phuc streets in District 5. The shop features a youthful, open-space design ideal for meetups, studying, or casual hangouts. It offers a diverse menu of coffee, milk tea, and fruit drinks, all prepared with a local twist. With its friendly service, reasonable prices, and convenient location in one of Saigon’s busiest districts, MIA Coffee Tea is a great stop for both locals and travelers looking to recharge and enjoy the city’s vibrant street life.","Modern, open-space cafe at a busy intersection, ideal for meetups and enjoying local fruit drinks.","#cafe, #drinks, #indoor, #evening, #modern, #youthful, #vibrant, #rain, #cloudy, #few_hours, #moment, #study, #long_time"
59,Ba Lu Café,Mon - Sun: 06:00 - 18:00,https://tse4.mm.bing.net/th/id/OIP.kCU6j-RIffimJRy7IXLOrgHaFj?rs=1&pid=ImgDetMain&o=7&rm=3,https://maps.app.goo.gl/HwrLYD7PqLqiZmHy5,10.753635990206861,106.65732019922349,4.4,"199B Phung Hung Street, Ward 14, District 5, Ho Chi Minh City, Vietnam","Ba Lu Café is one of the oldest and most beloved coffee shops in Saigon’s Chinatown (Cho Lon) area. Known for its traditional Vietnamese drip coffee, the café preserves a nostalgic charm with its simple, vintage-style setting and the rich aroma of freshly roasted beans. Locals often gather here in the morning for a strong cup of coffee and lively conversation. It’s a perfect destination for travelers who want to experience authentic Saigon coffee culture and the timeless spirit of District 5.","One of the oldest cafes in Chinatown, famous for its traditional wood-fired roasted coffee and nostalgic vibe.","#cafe, #indoor, #morning, #vintage, #traditional, #rustic, #culture, #rain, #sunny, #moment, #few_hours, #long_time, #study"
60,Milano Coffee – Hong Bang Branch,Mon - Sun: 06:00 - 21:00,https://lh3.googleusercontent.com/p/AF1QipPKEw69dVPLjsjlXz_qOq2qBGkGPLtTMkHz8X3A=s680-w680-h510,https://maps.app.goo.gl/nxDdczk4awEeNUR76,10.753646307919901,106.65199299109928,4.2,"320 Hong Bang Street, Ward 12, District 5, Ho Chi Minh City, Vietnam","Milano Coffee – Hong Bang Branch is part of a well-known Vietnamese coffee chain recognized for its strong, flavorful brews and affordable prices. Located on Hong Bang Street in District 5, this branch offers a simple yet cozy setting where locals stop by for their daily dose of traditional Vietnamese coffee. The café combines a relaxed atmosphere with quick service, making it ideal for both morning commuters and casual afternoon breaks. Its signature roasted coffee aroma and classic black-and-brown interior design reflect the authentic charm of everyday Saigon coffee culture.","Simple, cozy spot for strong traditional Vietnamese coffee and quick service in District 5.","#cafe, #takeaway, #indoor, #morning, #modern, #minimalist, #cheap, #rain, #sunny, #moment, #few_hours, #long_time"
61,Chon Rieng Café (Private Corner Café),Mon - Sun: 07:00 - 23:00,https://lh3.googleusercontent.com/p/AF1QipPKEw69dVPLjsjlXz_qOq2qBGkGPLtTMkHz8X3A=s680-w680-h510, https://maps.app.goo.gl/samX7XKrP8AGndmm7,10.75233215934387,106.65906538546746,4.4,"Apartment 62, Chau Van Liem Street, Ward 11, District 5, Ho Chi Minh City, Vietnam","Chon Rieng Café, meaning “Private Corner,” is a hidden gem tucked inside an apartment building on Chau Van Liem Street in District 5. The café offers a peaceful and intimate atmosphere, with warm lighting, wooden furniture, and a cozy interior perfect for reading, working, or quiet conversations. It’s a favorite among locals seeking a calm escape from the city’s bustle. The gentle background music and homely décor make it ideal for those who appreciate a slow-paced, relaxing coffee experience.","A hidden gem in an apartment block offering a quiet, intimate atmosphere for reading and relaxing.","#cafe, #indoor, #morning, #vintage, #quiet, #cozy, #rain, #cloudy, #few_hours, #moment, #long_time, #study"
62,Xing Fu Tang – Chau Van Liem,Mon - Sun: 00:00 - 23:59,https://down-vn.img.susercontent.com/vn-#moment34513-7r98o-lykae7gm9tb5f1,https://maps.app.goo.gl/oJryEow4CeP1pTtF7,10.75121313879061,106.65882246387675,4.6,"9 Chau Van Liem Street, Ward 14, District 5, Ho Chi Minh City, Vietnam","Xing Fu Tang – Chau Van Liem is a well-known Taiwanese bubble tea shop located in the heart of District 5. Famous for its handcrafted brown sugar boba and fresh milk tea, the shop attracts young people who love premium-quality drinks and authentic Asian flavors. The interior is modern yet cozy, with a clean design that reflects the brand’s elegant style. It’s a perfect stop for milk tea lovers exploring the vibrant Chinatown area of Ho Chi Minh City.",Famous Taiwanese bubble tea shop known for handcrafted brown sugar boba and modern decor.,"#drinks, #takeaway, #indoor, #modern, #youthful, #vibrant, #rain, #sunny, #moment, #few_hours"
63,Katinat Saigon Kafe – Tran Hung Dao,Mon - Sun: 06:30 - 22:00,https://toplist.vn/images/800px/katinat-saigon-kafe-985200.jpg,https://maps.app.goo.gl/QSrWyA97L9tAYXdh7,10.752124112329387,106.66012693461329,4,"400A Tran Hung Dao Street, Ward 11, District 5, Ho Chi Minh City, Vietnam","Katinat Saigon Kafe – Tran Hung Dao is a chic and contemporary café located on one of Saigon’s busiest streets in District 5. Known for its stylish ambiance with signature earthy tones and modern décor, the café offers a peaceful retreat from the city buzz. Guests can enjoy high-quality Vietnamese coffee, tea, and refreshing beverages along with light snacks. It’s a great spot for casual meetings, studying, or relaxing with friends in a refined yet cozy atmosphere.","Chic, contemporary cafe with earthy tones, perfect for meetings and enjoying premium beverages.","#cafe, #indoor, #evening, #modern, #elegant, #luxury, #chill, #rain, #cloudy, #few_hours, #moment, #long_time, #study, #morning"
64,Highlands Coffee – Tran Hung Dao,Mon - Sun: 07:00 - 22:00,https://lh3.googleusercontent.com/p/AF1QipOKZHZ8_-DEhdsZxFYrcRN0kYwXkwbXOkz0pPdQ=s680-w680-h510,https://maps.app.goo.gl/oBn9qheTWqefPz4W8,10.752106984057257,106.65994923826118,4.2,"404 Tran Hung Dao Street, Ward 11, District 5, Ho Chi Minh City 0, Vietnam","Highlands Coffee – Tran Hung Dao is a modern and comfortable coffee shop located in the vibrant heart of District 5. Featuring a spacious, well-lit interior with a signature red-and-brown color palette, it provides an ideal space for working, studying, or meeting friends. The café serves a wide variety of beverages, including signature Vietnamese coffee, teas, and refreshing iced drinks. Its central location and consistent quality make it a favorite among both locals and travelers exploring the lively Saigon streets.","Spacious, well-lit coffee shop with a signature red-brown palette, great for working or studying.","#cafe, #indoor, #morning, #modern, #minimalist, #rain, #sunny, #few_hours, #moment, #long_time, #study, #evening"
65,Phuc Long Tea & Coffee – 382 Tran Hung Dao,Mon - Sun: 07:00 - 22:30,https://noithatkendesign.vn/storage/app/media/uploaded-files/quan-cafe-phuc-long-3.jpg,https://maps.app.goo.gl/FcvnbsbjM48qZb9p8,10.752168042961358,106.66078019194927,4.1,"382 Tran Hung Dao Street, Ward 11, District 5, Ho Chi Minh City, Vietnam","Phuc Long Tea & Coffee – 382 Tran Hung Dao is a well-known Vietnamese café chain outlet offering a balance of modern style and traditional flavors. Located in District 5, this branch attracts a steady flow of customers with its spacious interior and comfortable seating. The café specializes in premium teas and robust Vietnamese coffee, all served with a focus on freshness and quality. It’s a convenient and reliable spot for studying, casual meetups, or take-away drinks while exploring the busy streets of Saigon.","Popular chain branch offering robust coffee and premium teas in a comfortable, modern setting.","#cafe, #drinks, #indoor, #evening, #modern, #vibrant, #rain, #cloudy, #few_hours, #morning, #moment, #long_time, #study"
66,H129 Ngo Gia Milk Tea,Mon - Sun: 08:00 - 22:30,https://lh3.googleusercontent.com/XMmbYAzdSN-aDTGB-sy6Uj4La7PLn08XzGSNZv7TejSjhqO5L7NBcI8KHtL9DMCD8PWu_yaP5DUCSA_XqrgEoFq4sJo4njuS=rw-w1902,https://maps.app.goo.gl/qSeWWpYKQ87jGeSX8,10.752234756676398,106.66299043874672,4,"292 Tran Hung Dao Street, Ward 11, District 5, Ho Chi Minh City, Vietnam","H129 Ngô Gia Milk Tea is a popular local milk tea shop located on Tran Hung Dao Street in District 5. Known for its signature brown sugar milk tea and wide variety of toppings, the shop attracts students and young locals looking for a quick, refreshing drink. The setting is simple and casual, perfect for take-away or a short sit-down break. With affordable prices and consistently flavorful beverages, H129 has become a familiar spot for bubble tea lovers in the area.","Local favorite for brown sugar milk tea and diverse toppings, attracting students with affordable prices.","#drinks, #takeaway, #indoor, #youthful, #cheap, #rain, #sunny, #moment"
67,KA Tea – Milk Tea & Tea House,Mon - Sun: 09:30 - 22:30,https://tse1.mm.bing.net/th/id/OIP.02QMhKb_c3QoSU6KXNNWYwHaDo?rs=1&pid=ImgDetMain&o=7&rm=3,https://maps.app.goo.gl/GFWj6qofZFRqopu5A,10.75204089777473,106.66326218875699,3.4,"259 Tran Hung Dao B Street, Ward 11, District 5, Ho Chi Minh City, Vietnam","KA Tea – Milk Tea & Tea House is a cozy and casual spot in District 5, known for its wide range of milk teas, fruit teas, and sweet toppings. The shop has a youthful atmosphere and affordable prices, making it a favorite among students and young professionals. Guests can either relax at the small seating area or take their drinks to go. With its convenient location on Tran Hung Dao B Street, KA Tea is a simple yet refreshing stop for bubble tea fans exploring the area.","Cozy, casual spot for students serving a wide range of milk teas and sweet fruit drinks.","#drinks, #takeaway, #indoor, #minimalist, #youthful, #cheap, #rain, #sunny, #moment, #few_hours, #long_time, #study"
68,Vinh Ky Herbal Tea,Mon - Sun: 07:30 - 21:00,https://lh3.googleusercontent.com/gps-cs-s/AG0ilSwZ0rxMi4J75yRQ_SM5zWhVW8bQFlKo70y0ysShvKbWKO6cjgD2gr1GLJzdETvH8ehDF3RV8018sjrovxieFj74a9gUQT8iktU62hts4rYSqd31bk0I8ylr1NSjUWFPLhew6d7L=w408-h544-k-no,https://maps.app.goo.gl/aVDhMFNMQqJnBiKG9,10.752041520324367,106.66251011905787,4.4,"301 Tran Hung Dao Street, Ward 11, District 5, Ho Chi Minh City, Vietnam","Vinh Ky Herbal Tea is a long-standing local shop in District 5, renowned for its refreshing and healthy herbal drinks. Situated along Tran Hung Dao Street in the heart of Chinatown, the shop preserves a traditional style with simple seating and a focus on natural ingredients. Its signature herbal tea is known for cooling the body and balancing energy, making it a favorite among both locals and tourists seeking authentic Vietnamese wellness beverages. A perfect stop to experience a true taste of Saigon’s cultural and herbal traditions","Long-standing shop in Chinatown famous for cooling, healthy traditional herbal drinks.","#drinks, #takeaway, #indoor, #evening, #traditional, #healthy, #culture, #rain, #sunny, #moment, #few_hours"
69,MiuTea Milk Tea – 360 Tran Hung Dao B,Mon - Sun: 06:00 - 22:30,https://bepos.io/wp-content/uploads/2021/07/tra-sua-nhuong-quyen-12.jpg,https://maps.app.goo.gl/LKhhPoWzivqkTC4J7,10.752181319544329,106.66168092678372,5,"360B Tran Hung Dao B Street, Ward 11, District 5, Ho Chi Minh City, Vietnam","MiuTea Milk Tea – 360 Tran Hung Dao B is a friendly, locally loved milk tea shop tucked in the busy streets of District 5. Known for its sweet and creamy flavors, the café offers a variety of milk teas, fruit teas, and toppings made fresh daily. Its cozy setup and warm lighting create a welcoming vibe, perfect for students and young people to relax or grab a quick drink. Despite its small size, MiuTea stands out for its quality drinks and excellent customer service, earning high praise from regulars.","Friendly local shop offering sweet, creamy milk teas and fresh toppings in a warm atmosphere.","#drinks, #takeaway, #indoor, #cozy, #youthful, #cheap, #rain, #cloudy, #moment, #few_hours, #study, #morning, #evening"
70,Co U Dessert & Tea Shop,Mon - Sun: 17:00 - 22:00,https://lh3.googleusercontent.com/gps-cs-s/AG0ilSzdwkmjf6_2lC-fB3Anf4AkB6jJHI-MMJRnSReGlqDmDpLNza8v0eL7ZRcQbnnxO8Q9NVnpFxLecSdqtxka8UtquCblerzt0L_KiYEKZNR3SAa4vMyVluCCneEfHYyWltRe1nA=w408-h408-k-no,https://maps.app.goo.gl/ep2ot4Xx94YGDLB88,10.75259570081895,106.66079531804104,4.8,"003 Nguyen An Street, Ward 11, District 5, Ho Chi Minh City, Vietnam","Co U Dessert & Tea Shop is a charming local spot tucked away on Nguyen An Street, known for its classic Vietnamese sweet soups and refreshing herbal teas. The shop offers a nostalgic taste of traditional desserts like flan, grass jelly, and mixed sweet soups, served with crushed ice—perfect for cooling off on a warm Saigon day. Despite its modest setup, the flavors are authentic and lovingly prepared, attracting both neighborhood regulars and curious visitors looking for an authentic local treat.","Charming spot for traditional Vietnamese sweet soups and herbal teas, serving authentic local treats.","#food, #snacks, #indoor, #evening, #traditional, #vintage, #cozy, #rain, #sunny, #moment, #study, #few_hours, #morning"
71,Nhu Y Café,Mon - Sun: 06:00 - 18:00,https://lh3.googleusercontent.com/gps-cs-s/AG0ilSwV7bGmPDPNm-W3Mp4SrHHKzmHVbIMiPdJv45Ka_GbAyQh09RwnpW9kXI0_LrZaBv3Mid3VOtNFajtab14eXWFDE-CPxmMj-uIacHrRmltHUo0yhKfUZpuPqcoNiShkm6UoeKID=w408-h544-k-no,https://maps.app.goo.gl/NZ6SxKVgXPxKJfoq8,10.752415195413063,106.66062499777162,4.5,"1 Phu Dinh Street, Ward 11, District 5, Ho Chi Minh City, Vietnam","Nhu Y Café is a stylish and inviting coffee shop located on Phu Dinh Street in District 5. The café features a modern façade with elegant grey tones and large windows, creating a bright and airy atmosphere inside. It serves a variety of beverages, from strong Vietnamese coffee to creamy milk teas and refreshing fruit drinks. With its comfortable seating and relaxing ambiance, Nhu Y Café is a popular choice for locals looking to unwind, catch up with friends, or enjoy a peaceful coffee break in Saigon.","Stylish cafe with elegant grey tones and large windows, offering a bright space for coffee and chat.","#cafe, #indoor, #morning, #modern, #minimalist, #quiet, #chill, #rain, #sunny, #few_hours, #outdoor, #long_time, #moment, #study, #evening"
72,Anran Coffee & Tea – China Town District 5,Mon - Sun: 07:00 - 23:00,https://lh3.googleusercontent.com/gps-cs-s/AG0ilSxQoQBQr9Zo-wYbPxIhqGNT_tyHOM-KcXfxmumivzxN-ldHVvjo0YnpqzwGyUvnbM-7p023-f8F_UpEEGeNJqJH860sJhHN_67lq07mMwhYbUuBvs8MX3HSj2oCB43heG_I-tsjTL8SMAhM=w408-h725-k-no,https://maps.app.goo.gl/zEBxqvVpSyB1hQGt7,10.752897109713704,106.66052412258308,5,"721 Nguyen Trai Street, Ward 11, District 5, Ho Chi Minh City, Vietnam","Anran Coffee & Tea – China Town Q5 is a vibrant and photogenic café located on Nguyen Trai Street in the heart of Saigon’s Chinatown. The shop stands out with its eye-catching red lantern decorations and lively night-time atmosphere. It offers a wide range of drinks including milk teas, fruit teas, and Vietnamese coffee, making it a favorite among young people looking for a fun and colorful hangout spot. The blend of Chinese-inspired design and local café culture creates a unique experience for both locals and tourists exploring District 5.","Vibrant, photogenic cafe with red lanterns, perfect for evening hangouts and colorful photos.","#cafe, #drinks, #indoor, #evening, #vibrant, #culture, #rain, #cloudy, #few_hours, #moment, #long_time, #study, #photo, #morning"
73,Phe La Coffee – Hong Bang,Mon - Sun: 07:00 - 22:45,https://phela.vn/wp-content/uploads/2023/03/hcr-2-1.jpg,https://maps.app.goo.gl/QCgsZfffYj6mhUPPA,10.753467149192835,106.65386489099524,4.2,"493 Hong Bang Street, Ward 14, District 5, Ho Chi Minh City, Vietnam","Phe La Coffee – Hong Bang is a stylish and modern café in District 5, known for its premium Vietnamese tea and coffee experience. The shop’s warm orange-toned design and cozy seating make it a comfortable spot for both solo work sessions and friendly meetups. Phe La stands out for its unique tea-based beverages, such as oolong, jasmine, and green tea lattes, blending traditional flavors with contemporary presentation. With attentive service and a peaceful ambiance, it’s a favorite among locals seeking a refined and relaxing drink experience in Saigon.","Modern cafe known for premium Oolong milk tea and a cozy, warm orange-toned ambiance.","#cafe, #drinks, #indoor, #modern, #chill, #rain, #cloudy, #few_hours, #moment, #long_time, #study, #photo"
74,Nang Café,Mon - Sun: 06:00 - 21:00,https://media.vneconomy.vn/w800/images/upload/2021/06/17/1.jpg,https://maps.app.goo.gl/ghmgharuycTugmF79,10.752891037017305,106.65188852659321,4.4,"1029i Nguyen Trai Street, Ward 14, District 5, Ho Chi Minh City, Vietnam","Nang Café is a laid-back and cozy coffee spot on Nguyen Trai Street in District 5, known for its relaxed local vibe. The café features an open-front design that invites the warm daylight in, true to its name “Nắng,” meaning “sunlight.” It’s a popular gathering place for coffee lovers who enjoy watching sports on the big screen or chatting with friends over strong Vietnamese coffee. With its friendly service, simple setup, and genuine atmosphere, Nang Café captures the essence of Saigon’s casual street café culture.","Laid-back, open-front coffee spot perfect for watching street life and enjoying strong Vietnamese coffee.","#cafe, #outdoor, #morning, #chill, #sunny, #windy, #few_hours"
75,Passio Coffee – 1034 Nguyen Trai,Mon - Sun: 00:00 - 23:59,https://lh3.googleusercontent.com/gps-cs-s/AG0ilSyhPV7tNli6GRqgiFN45DcnZ89eE57DAtvIvBagb4Y-IEMd-UEMJf2EjaBGP_QG1OlxHkY8OZdNJNpxg70wVkTktiz0ev5ciaIRXbVA7T2P80ChqvKOCigDkqwUzpga9noE3yZT=w408-h544-k-no,https://maps.app.goo.gl/5qz8aa2MaRZbyczu7,10.753151499381763,106.6518497123089,4.1,"1034 Nguyen Trai Street, Ward 14, District 5, Ho Chi Minh City, Vietnam","Passio Coffee – 1034 Nguyen Trai is a bright and energetic café from the popular Vietnamese coffee chain. Located in the bustling area of District 5, this branch is easily recognizable with its signature green décor and open seating area. The café serves a wide variety of drinks including coffee, tea, and smoothies, catering to both dine-in and take-away customers. With its modern design, quick service, and refreshing drinks, it’s a convenient stop for students, office workers, and travelers exploring Saigon’s lively Nguyen Trai Street.","Energetic, bright green cafe offering quick, convenient coffee and smoothies for busy locals.","#cafe, #takeaway, #indoor, #morning, #modern, #vibrant, #minimalist, #sunny, #windy, #moment, #long_time, #few_hours, #study"
76,Phuc Long Coffee & Tea – Nowzone Nguyen Van Cu,Mon - Sun: 07:00 - 22:00,https://aeonmall-haiphong-lechan.com.vn/wp-content/uploads/2023/01/tra-phuc-long-can-tho.jpg,https://maps.app.goo.gl/gUL52QWKwHmMtXxq9,10.764276695801874,106.68235161243449,4.1,"235 Nguyen Van Cu Street, Nguyen Cu Trinh Ward, District 1, Ho Chi Minh City, Vietnam","Phuc Long Coffee & Tea – Nowzone Nguyen Van Cu is one of the most popular branches of Vietnam’s iconic tea and coffee brand. Located on the ground floor of the Nowzone Fashion Mall, the café offers a spacious and modern environment perfect for both shopping breaks and casual meetups. The menu features signature teas, strong Vietnamese coffee, and refreshing fruit-based drinks. With its stylish design, convenient location, and consistent quality, it’s a go-to destination for those seeking a quick recharge in the heart of Saigon.","Modern cafe inside a mall, ideal for shoppers to recharge with signature tea and coffee.","#cafe, #drinks, #indoor, #modern, #vibrant, #rain, #cloudy, #few_hours, #moment, #long_time, #study"
77,September Saigon Café & Cake,Mon - Sun: 08:00 - 22:00,https://identitydesigned.com/wp-content/uploads/2023/02/september-cafe-cake-17-1200x801.jpg,https://maps.app.goo.gl/SgRENEkc6p1PBFuW6,10.75795320557457,106.67899612443009,4.2,"118/1D Nguyen Trai Street, Ward 2, District 5, Ho Chi Minh City, Vietnam","September Saigon Café & Cake is a cozy and aesthetically designed coffee shop tucked in a quiet alley off Nguyen Trai Street. Known for its warm lighting, minimalist decor, and delicious homemade cakes, the café offers a peaceful space away from the city’s bustle. Guests can enjoy specialty coffee, fragrant teas, and freshly baked desserts while relaxing or catching up with friends. Its Instagram-worthy interior and calm vibe make it a favorite spot for young people and those who appreciate Saigon’s modern yet gentle café culture.","Aesthetic, minimalist cafe in a quiet alley, famous for delicious cakes and Instagram-worthy corners.","#cafe, #food, #indoor, #morning, #minimalist, #cozy, #quiet, #rain, #cloudy, #few_hours, #moment, #long_time, #study, #photo, #evening"
78,YoshiYoshi Coffee & Tea – District 5,Mon - Sun: 00:00 - 23:59,https://gocdoday.com/wp-content/uploads/2023/03/336893450_163624933228479_8073514426064480215_n-1-1024x768.jpg,https://maps.app.goo.gl/zUzt5F3rSXJMyN1E8,10.757062192293006,106.6781022072969,4.3,"165B Nguyen Trai Street, Ward 2, District 5, Ho Chi Minh City, Vietnam","YoshiYoshi Coffee & Tea – District 5 is a trendy and spacious café that blends modern Japanese-inspired aesthetics with a cozy urban vibe. The café features minimalist decor, soft lighting, and comfortable seating, making it perfect for studying, remote work, or casual meetups. It offers a wide range of beverages including premium milk tea, espresso-based drinks, and creative fruit teas. With its calm ambiance and Instagram-worthy interior, YoshiYoshi has become a favorite destination for young Saigonese seeking both comfort and style.","Trendy, spacious cafe blending Japanese aesthetics with a cozy urban vibe, great for studying.","#cafe, #drinks, #indoor, #morning, #modern, #minimalist, #chill, #quiet, #rain, #sunny, #few_hours, #moment, #long_time, #study"
79,Gong Cha – An Duong Vuong,Mon - Sun: 08:30 - 22:00,https://cdn.tgdd.vn/Files/2022/11/08/1485646/top-15-quan-tra-sua-nho-dep-tai-sai-gon-do-uong-ngon-song-ao-thoa-thich-202211082118346336.jpg,https://maps.app.goo.gl/ocGZ68hhPJPA7XHYA,10.758389588879327,106.67597847227607,4.2,"496 An Duong Vuong Street, Ward 4, District 5, Ho Chi Minh City, Vietnam","Gong Cha – An Duong Vuong is a well-loved branch of the global Taiwanese bubble tea brand, located in the lively student area of District 5. The café features a clean, modern design and offers a wide range of customizable drinks, from classic milk tea with pearls to fruit-based teas and creamy foam-topped specialties. With its spacious seating and cool air-conditioned environment, it’s a popular hangout spot for students and young locals. Gong Cha’s consistent quality and trendy vibe make it a staple in Saigon’s milk tea culture.","Popular bubble tea brand with a modern design, serving customizable drinks to a young crowd.","#drinks, #takeaway, #indoor, #modern, #minimalist, #youthful, #rain, #sunny, #moment, #few_hours, #long_time, #study"
80,Katinat Coffee & Tea House – An Duong Vuong,Mon - Sun: 07:00 - 22:30,https://tse2.mm.bing.net/th/id/OIP.b7I03WpLXkkYHvz5VDy0ZQHaEo?rs=1&pid=ImgDetMain&o=7&rm=3,https://maps.app.goo.gl/uw12kbsqtvZuo6FCA,10.757325477581837,106.67379235370211,4,"01 An Duong Vuong Street, Ward 7, District 5, Ho Chi Minh City, Vietnam","Katinat Coffee & Tea House – An Duong Vuong is a modern and elegant café located in the vibrant District 5. Designed with a mix of classic and contemporary styles, the café offers a relaxing yet stylish environment for guests to enjoy premium coffee and specialty teas. Its signature drinks include Vietnamese-style lattes, fruit teas, and cold brews served with a touch of sophistication. With its prime corner location and cozy ambiance, this Katinat branch is a favorite spot for students, professionals, and travelers to unwind or catch up over a good drink","Elegant corner cafe mixing classic and modern styles, a favorite for premium coffee and tea.","#cafe, #indoor, #evening, #modern, #elegant, #luxury, #chill, #rain, #cloudy, #few_hours, #moment, #long_time, #study"
81,018 Café,Mon - Sun: 07:00 - 21:00,https://lh3.googleusercontent.com/gps-cs-s/AG0ilSz7saKAlZHY5WkBnVP4OWIX4vnxkCakCpIwD8fr3vJuVftwvzefo0qXCUoD9zVDaqU-gJUv-lVv7T35gG1ysW0LLrXWxosr9XL4Z5_WtlKo1SqZA1B1RmPoYs4jL5jJ-RulhvykkGZwMkbm=w408-h306-k-no,https://maps.app.goo.gl/izG2Ea5MYrx5b9e6A,10.7551644819942,106.6676775679387,3.8,"Nguyen Trai Apartment Block A, 18 Mac Thien Tich Street, Ward 7, District 5, Ho Chi Minh City, Vietnam","018 Café is a lively and popular coffee spot located within the Nguyen Trai apartment complex in District 5. With its open-air seating and casual design, the café offers a relaxed and social atmosphere where locals gather to enjoy strong Vietnamese coffee, iced drinks, and light snacks. It’s especially busy in the mornings and evenings, attracting both students and residents from the surrounding area. The energetic vibe and affordable prices make 018 Café a true reflection of Saigon’s vibrant, everyday coffee culture.","Lively open-air spot in an apartment complex, popular for morning coffee and social gatherings.","#cafe, #outdoor, #morning, #vibrant, #sunny, #windy, #few_hours, #indoor, #study, #moment, #long_time, #photo"
82,NOWZONE Fashion Mall,Mon - Sun: 00:00 - 23:59,https://storage.googleapis.com/vietnam-travel-guide/2023/03/NOWZONE-Fashion-Mall-11.jpg,https://maps.app.goo.gl/Pq5k79trYcxs2kea8,10.764132921278154,106.6825437120879,4.2,"235 Nguyen Van Cu Street, Cau Ong Lanh Ward, District 1, Ho Chi Minh City, Vietnam","NOWZONE Fashion Mall is a modern shopping complex located on Nguyen Van Cu Street, offering a mix of fashion boutiques, restaurants, a cinema, and entertainment zones. Known for its clean and stylish layout, the mall attracts both young locals and tourists looking for mid-range brands and lifestyle experiences. Visitors can shop for trendy clothing, enjoy coffee at well-known chains like Phúc Long or Highlands, or relax at the rooftop dining area. It’s a convenient one-stop destination for leisure, shopping, and dining in central Saigon.","Modern shopping complex with fashion boutiques, dining, and cinema, a one-stop leisure destination.","#shopping, #indoor, #modern, #vibrant, #rain, #cloudy, #few_hours, #moment"
83,KTV Thai Binh 3 – GK22 Karaoke,Mon - Sun: 00:00 - 23:59,https://yt3.googleusercontent.com/BN1CJZw01G9VmZabqOIet3sbns5S-uuE-GvH9JDpZCsURFL7rePhj-8P1LZRU2PP4ArBxLk5Cg=s900-c-k-c0x00ffffff-no-rj,https://maps.app.goo.gl/bepwSFspoozSW3uj6,10.7513697406612,106.66702151580675,3.7,"22 Ngo Quyen Street, Ward 5, District 5, Ho Chi Minh City, Vietnam","KTV Thai Binh 3 – GK22 Karaoke is a high-end entertainment venue in District 5, offering luxurious private rooms and vibrant lighting designs. Known for its stylish interiors, professional sound system, and attentive service, it’s a popular destination for group gatherings, parties, and late-night hangouts. Each room is uniquely themed and equipped with modern amenities to provide a fun and comfortable experience. With a menu featuring both drinks and light snacks, this karaoke bar delivers an energetic yet cozy atmosphere perfect for social nights in Saigon.","High-end karaoke venue with themed private rooms and vibrant lighting, perfect for parties.","#entertainment, #karaoke, #indoor, #late_night, #luxury, #vibrant, #rain, #cloudy, #few_hours, #evening"
84,Tinh Vo Archery Club – District 5,"Mon - Fri: 13:00 - 21:00, Sat - Sun: 09:00 - 21:00",https://lh3.googleusercontent.com/p/AF1QipMr96bImOzzTchcS1-G28g-5xSWed9oNvi9e_BA=w426-h240-k-no,https://maps.app.goo.gl/mNbyvz3zBgC34QwR6,10.751182483563237,106.66790554232728,5,"107B Tran Hung Dao Street / 1108 Vo Van Kiet Street, Ward 5, District 5, Ho Chi Minh City, Vietnam","Tinh Vo Archery Club – District 5 is one of Saigon’s most popular archery clubs, known for its friendly coaching team and professional setup. The club welcomes both beginners and experienced archers, offering hands-on guidance, high-quality equipment, and a safe training environment. Located near the intersection of Tran Hung Dao and Vo Van Kiet streets, it provides a spacious indoor range ideal for practice or group activities. With its welcoming community and top-tier facilities, this is a great spot for anyone looking to experience archery in the heart of Ho Chi Minh City.",Professional archery club offering spacious indoor ranges and coaching for all skill levels.,"#entertainment, #workshop, #indoor, #chill, #rain, #sunny, #few_hours, #long_time"
85,Dong Da Cinema,Mon - Sun: 09:00 - 21:00,https://lh3.googleusercontent.com/gps-cs-s/AG0ilSxD-Qm2tnhUm8v9sXIFjQTtkt_3-WmlDA55IgYcWWQv2ChtOkfCVq4j4zPA9QsPihF0tGRJYNQTzMyoL7WHVyv03XdUkKYzxi7_M5vW4Cbp4WvcZ5owLHTrfVEiYpJr3KFjHfDOkQ=w408-h306-k-no,https://maps.app.goo.gl/BnWHNRhBYSDbQ1r77,10.753627174349303,106.67403826493387,4.1,"890 Tran Hung Dao Street, Ward 7, District 5, Ho Chi Minh City, Vietnam","Dong Da Cinema is one of the oldest and most well-known movie theaters in District 5, offering an authentic local cinema experience. The theater has been modernized with comfortable seating, clear sound systems, and a diverse range of movie screenings from Vietnamese films to international blockbusters. Conveniently located on Tran Hung Dao Street, it’s a go-to entertainment spot for locals and students in the area. The nostalgic charm of its classic neon signage combined with affordable ticket prices makes Dong Da Cinema a beloved part of Saigon’s cultural landscape.",Historic cinema in District 5 offering a mix of local and international films at affordable prices.,"#movie, #indoor, #evening, #vintage, #chill, #rain, #cloudy, #few_hours, #morning"
86,Co.opmart Hung Vuong,Mon - Sun: 07:30 - 21:30,https://tse1.mm.bing.net/th/id/OIP.uZEJxUkVNZAkAXtcvuj97wHaFC?rs=1&pid=ImgDetMain&o=7&rm=3,https://maps.app.goo.gl/pVz2Af78FHHGDrfWA,10.759522372256876,106.671468677362,3.8,"96 Hung Vuong Street, Ward 9, District 5, Ho Chi Minh City, Vietnam","Co.opmart Hung Vuong Supermarket is a well-known local retail outlet located on Hung Vuong Street in District 5. It offers a wide selection of groceries, household items, and fresh produce at reasonable prices. The supermarket is clean, spacious, and well-organized, with friendly staff and convenient checkout counters. It’s a popular shopping destination for residents and visitors who want to experience daily Saigon life and local consumer culture in a comfortable setting.","Spacious, well-organized supermarket offering groceries and fresh produce in a comfortable setting.","#shopping, #food, #indoor, #modern, #rain, #cloudy, #moment, #few_hours, #long_time, #morning, #evening"
87,The Garden Mall,Mon - Sun: 10:00 - 22:00,https://hcmtoplist.com/wp-content/uploads/2022/03/the-garden-mall-hcmtoplist.jpg,https://maps.app.goo.gl/4QNcf9HLzpyAMQ3JA,10.754651042925644,106.65699854951471,4.2,"190 Hồng Bàng Street, Ward 12, District 5, Ho Chi Minh City, Vietnam","The Garden Mall is a modern shopping and entertainment centre in District 5 combining retail, dining, game zones and a rooftop garden area. It’s a great place for a full afternoon or evening out, with a mix of shopping, food & play.","Modern complex combining retail, dining, and a rooftop garden for a complete entertainment experience.","#shopping, #food, #indoor, #rooftop, #evening, #modern, #vibrant, #rain, #cloudy, #few_hours, #long_time, #moment"
88,Luong Nhu Hoc street,Mon - Sun: 00:00 - 23:59,https://saigondidau.vn/wp-content/uploads/2023/09/Pho-Long-Den-Luong-Nhu-Hoc4.jpg,https://maps.app.goo.gl/aG5zwN3YfNs5KhJv9,10.753347353279343,106.66005117136852,4.9,"Luong Nhu Hoc Street, Ward 11, District 5, Ho Chi Minh City, Vietnam","Lantern Street on Lương Nhữ Học is a lively, photogenic night-street in District 5 where hundreds of traditional lanterns are hung overhead. It’s ideal for strolling, doing some souvenir shopping or taking striking photos after dusk","Famous ""Lantern Street"" that lights up with hundreds of colorful lanterns during the Mid-Autumn Festival.","#walking, #streetfood, #photo, #outdoor, #evening, #traditional, #culture, #vibrant, #sunny, #windy, #moment, #few_hours"
89,An Dong Market,Mon - Sun: 06:00 - 18:00,https://mia.vn/media/uploads/blog-du-lich/cho-an-dong-2-1689784120.jpg,https://maps.app.goo.gl/kgPeBv9TQSfz6XjP9,10.758202768951302,106.67228136081725,4.1,"36 An Duong Vuong Street, Ward 9, District 5, Ho Chi Minh City, Vietnam","An Dong Mark is one of the three oldest Grade 1 traditional markets in Ho Chi Minh City (along with Ben Thanh and Binh Tay Markets), established in 1951. Located in District 5 (the Cho Lon area), the market is renowned as the largest wholesale fashion hub in Vietnam, supplying clothes, shoes, and accessories to retailers across the Southern region. Featuring over 2,700 stalls, the market is also a major source for dried specialty foods and high-end items like swallow's nests (yen sao) and shark fins. Cho An Dong is not just a bustling trade center but also a unique cultural landmark, making it an ideal destination for tourists to experience Saigon's traditional commercial rhythm and diverse shopping options.","Major wholesale market and cultural landmark known for fashion, dried foods, and traditional vibe.","#shopping, #food, #indoor, #morning, #traditional, #rain, #sunny, #few_hours, #long_time, #moment, #evening"
90,Hung Vuong Plaza,Mon - Sun: 09:30 - 22:00,https://kenh14cdn.com/20#long_time6854389633024/2023/10/8/k14-3852-1696783712779412024106.jpg,https://maps.app.goo.gl/mQrLDAxrPukjU3FdA,10.756252833283794,106.66306196416069,4.2,"126 Hung Vuong Street, Ward 12, District 5, Ho Chi Minh City, Vietnam","Parkson Hung Vuong Plaza (now Hung Vuong Plaza) is a commercial complex and luxury apartment building located in a prime area of District 5. Known as one of the city’s long-standing shopping centers, the venue has been renovated and revitalized, offering a modern shopping and entertainment space. With a large total commercial area, the Plaza gathers numerous international and domestic brands across fashion and cosmetics, along with a diverse food zone featuring dozens of famous Asian and European restaurants. Hung Vuong Plaza is an ideal destination for both locals and tourists, providing full amenities ranging from shopping and dining to entertainment (including a cinema complex and fitness center).","Revitalized commercial center with diverse shopping, dining, and entertainment options including a cinema.","#shopping, #food, #indoor, #modern, #vibrant, #rain, #cloudy, #few_hours, #moment, #long_time"
91,UC Spaces,Mon - Sun: 00:00 - 23:59,https://lh3.googleusercontent.com/p/AF1QipOEAVmCbB0-zt10gedtM-ctcTijZ8Bs9aTqK19p=w546-h240-k-no,https://maps.app.goo.gl/27sS65jjyCgCQ37v9,10.758991303190049,106.6697636000417,4.9,"100/15 Hung Vuong Street, Ward 9, District 5, Ho Chi Minh City, Vietnam","UC Spaces is a lively board-game café in District 5 that blends a creative social atmosphere with great drinks. Guests can enjoy coffee, tea, and snacks while exploring a wide variety of board games — from strategy and party games to casual fun for beginners. With its modern design, friendly staff, and vibrant community, UC Spaces is an ideal hangout spot for game lovers and friend groups looking for a fun and cozy time together.","Lively board-game cafe with a creative atmosphere, perfect for group fun and social gaming.","#cafe, #entertainment, #indoor, #vibrant, #rain, #cloudy, #few_hours, #long_time, #moment"
92,Boom Music Box – Hung Vuong Branch,Mon - Sun: 00:00 - 23:59,https://tse1.mm.bing.net/th/id/OIP.SzTWTWD_9sZYJwI-wCF7dgHaHa?rs=1&pid=ImgDetMain&o=7&rm=3,https://maps.app.goo.gl/StDJUX3jMrXC24Cs8,10.757620760755115,106.66972437350663,4.5,"335 Hung Vuong Street, Ward 9, District 5, Ho Chi Minh City, Vietnam","Boom Music Box – Hung Vuong Branch is a lively karaoke café and music lounge located in District 5. With vibrant lighting, fun décor, and private singing rooms, it’s a perfect spot for groups to hang out, celebrate, or simply enjoy singing their favorite songs. The atmosphere is energetic yet cozy, making it a great place to relax and have fun after work or on the weekend.",Energetic karaoke cafe and music lounge with private rooms for singing and hanging out.,"#entertainment, #karaoke, #indoor, #evening, #modern, #vibrant, #rain, #cloudy, #few_hours, #long_time"
93,Thu Do Market,Mon - Sun: 00:00 - 23:59,https://media.vov.vn/sites/default/files/styles/large/public/2023-10/1-hinh-1-1337.jpg,https://maps.app.goo.gl/zzoSJG9YmCNs9XQHA,10.753751567332833,106.6574497630733,4,"220 Phung Hung Street, Ward 14, District 5, Ho Chi Minh City, Vietnam","Thu Do Market (officially Phung Hung Market) is one of the oldest and most bustling markets in District 5, established in 1928 and deeply connected to the Chinese community in Cho Lon. The market is famous for its two distinct sessions: The Morning session specializes in fresh, high-quality groceries and produce, earning it the nickname the ""Rich People's Market."" The Afternoon session transforms into a culinary heaven with distinctive Chinese-influenced street food like ha cao (dumplings), stir-fried noodles (hu tieu xao), bitter melon stuffed with fish paste, and the famous Ba Lu Vietnamese drip coffee. Cho Thu Do is a vibrant, authentic slice of life, preserving the century-old cultural and culinary heritage of Saigon's Chinese residents.","Bustling, historic market famous for fresh morning produce and a vibrant afternoon street food scene.","#shopping, #streetfood, #outdoor, #morning, #traditional, #culture, #vintage, #sunny, #windy, #moment, #few_hours, #long_time"
94,Saigon Chinatown,Mon - Sun: 00:00 - 23:59,https://static.vinwonders.com/production/china-town-banner.jpeg,https://maps.app.goo.gl/5gxfQ5h8oZ1auJaU8,10.75075067502812,106.65859718129684,3.5,"165 Hai Thuong Lan Ong Street, Ward 13, District 5, Ho Chi Minh City, Vietnam","Saigon Chinatown, also known as Cho Lon, is the vibrant cultural heart of Ho Chi Minh City’s Chinese community. The area is filled with traditional shops, herbal medicine stores, temples, and food stalls offering authentic Chinese-Vietnamese cuisine. Visitors can explore colorful streets, unique architecture, and the bustling daily life that has defined this historic district for generations.","The cultural heart of the Chinese community, filled with temples, traditional shops, and authentic food.","#streetfood, #photo, #outdoor, #morning, #traditional, #culture, #vintage, #sunny, #windy, #long_time, #few_hours"
95,Hao Si Phuong Alley,Mon - Sun: 00:00 - 23:59,https://static.vinwonders.com/production/hao-si-phuong-1.jpg,https://maps.app.goo.gl/4GDSiPtQzkwomxLr8,10.75287338550098,106.66620347821372,4.4,"206 Tran Hung Dao B Street, Ward 11, District 5, Ho Chi Minh City, Vietnam","Hao Si Phuong Alley is a century-old residential lane that preserves the charm of old-Saigon Chinatown. Known for its pastel-colored buildings, hanging lanterns, and vintage balconies, this narrow alley offers visitors a glimpse into the daily life of the local Chinese-Vietnamese community. A peaceful yet picturesque hidden spot for slow walks and photography.","Century-old alley preserving the peaceful, vintage charm and architecture of the Chinese community.","#photo, #outdoor, #morning, #vintage, #quiet, #culture, #sunny, #cloudy, #moment, #few_hours"
96,Master Escape,"Mon - Fri: 09:00 - 23:59, Sat - Sun: 07:00 - 23:59",https://tse3.mm.bing.net/th/id/OIP._AG53mhgppXbgppd_KxPTgHaE9?rs=1&pid=ImgDetMain&o=7&rm=3,https://maps.app.goo.gl/Hfc1ovickDosobUQ7,10.758031051822588,106.67462701008975,5,"226 Tran Phu Street, Ward 9, District 5, Ho Chi Minh City.","Master Escape Room in District 5 offers immersive escape-room experiences with richly themed rooms including horror, thriller and mystery genres. Each game challenges groups with clever puzzles, high quality sets and engaging storylines, making it an exciting outing for friends or families.",Immersive escape room venue in District 5 challenging groups with themed puzzles and storylines.,"#entertainment, #indoor, #evening, #vibrant, #rain, #cloudy, #few_hours, #moment"
97,Karaoke ICOOL,Mon - Sun: 00:00 - 23:59,https://nld.mediacdn.vn/291774122806476800/2022/12/15/9109d2f63cb3e4edbda2-16710897738292065462339.jpg,https://maps.app.goo.gl/jJes5szyBLfjCiUq5,10.752986114455892,106.656406284022,4.7,"878 Nguyen Trai Street, Ward 14, District 5, Ho Chi Minh City, Vietnam.","Karaoke ICOOL is a trendy and stylish venue in Quận 5 with modern design, ambient lighting, and high-quality audio. It’s well suited for both casual hangouts and more special occasions.","Trendy karaoke spot with stylish decor and high-quality sound, suitable for casual and special events.","#entertainment, #karaoke, #indoor, #modern, #luxury, #vibrant, #rain, #cloudy, #few_hours, #long_time"
98,The Convoy Café,Mon - Sun: 09:30 - 22:30,https://lh3.googleusercontent.com/gps-cs-s/AG0ilSx9IgEq1fKINl3UuWWVLzXeAHOTdSUy37zIsqQo0hKCuLltf4pL-fmPqt-zqQ5xbq3jlJdmOfPwfuDtw8GHSyoUchVbpLFoNucwEpo65ov1HRGRsqdkzkNCwnJlly-7vBDeOoc8QmILgqqj=w408-h544-k-no,https://maps.app.goo.gl/L7pzeqVojKLyHUTP6,10.75230130488317,106.66566817443776,4.9,"175 Tran Hung Dao Street, Ward 11, District 5, Ho Chi Minh City, Vietnam","The Convoy Café is a small, nostalgic coffee shop tucked along Tran Hung Dao Street in District 5. Its playful retro décor — featuring classic toys, comics and vintage memorabilia — gives off a warm, homey atmosphere. It’s a cozy place for coffee lovers and pop-culture fans to relax, chat, or enjoy a calm afternoon.","Nostalgic, retro-themed cafe with vintage decor, creating a warm and homey atmosphere.","#cafe, #indoor, #vintage, #cozy, #chill, #rain, #cloudy, #few_hours, #long_time, #moment, #study, #photo, #evening, #morning"
99,The Muse Café,Mon - Sun: 08:00 - 22:30,https://lh3.googleusercontent.com/p/AF1QipO0MAJH2tqSCegrx3NTKLwE3eJ1bnI_LQXp7r4d=w408-h544-k-no,https://maps.app.goo.gl/MD8bY6XAtn61zeM79,10.754871194172956,106.68104235928466,4.8,"809/9 Tran Hung Dao Street, Ward 1, District 5, Ho Chi Minh City, Vietnam","The Muse Café is a hidden gem in a quiet alley of District 5, offering a peaceful and minimalist atmosphere. Its clean design, soft lighting, and gentle background music make it ideal for reading, studying, or reflective conversations. A cozy, artistic space for those seeking calm moments away from the city noise.","Minimalist, quiet hidden gem perfect for reading and reflection away from city noise.","#cafe, #indoor, #morning, #minimalist, #quiet, #rain, #cloudy, #few_hours, #moment, #long_time, #evening, #study"
100,Quoc Thanh Cinestar Cinema,Mon - Sun: 00:00 - 23:59,https://cdn11.dienmaycholon.vn/filewebdmclnew/public/userupload/files/kien-thuc/review-rap-chieu-phim-cinestar-quoc-thanh/review-rap-chieu-phim-cinestar-quoc-thanh-3.jpg,https://maps.app.goo.gl/JfMwiLEKfy3QTu9X7,10.76405469061469,106.68734889554521,4.1,"271 Nguyen Trai Street, Nguyen Cu Trinh Ward, District 1, Ho Chi Minh City, Vietnam","The complex at 271 Nguyen Trai is a prominent multi-functional location in central District 1, known for housing Cinestar Quoc Thanh – a cinema with a long history, having once been a famous Vietnamese traditional opera theater . This address is also home to Quoc Thanh Wedding Center, specializing in luxurious and romantic wedding receptions and events. The area further attracts visitors with popular eateries like Bun Cha Pho Hang Quat, which serves authentic Hanoi-style noodle soup, alongside various coffee shops, making it a bustling destination for dining and entertainment right in the heart of the city.",Central cinema complex also housing a wedding center and surrounded by popular local eateries.,"#movie, #indoor, #evening, #modern, #vibrant, #rain, #cloudy, #few_hours, #dating, #morning"
101,Me In's Kitchen,Mon - Sun: 10:30 - 22:30,https://dynamic-media-cdn.tripadvisor.com/media/photo-o/29/db/99/dc/come-in-and-join-us-or.jpg?h=-1&s=1&w=500,https://maps.app.goo.gl/jTCb1nbad5EUtoCPA,10.773995252144095,106.69809109892289,4.5,"136/9 Le Thanh Ton Street, Ben Thanh Ward, District 1, Vietnam","Bep Me In (Mama In's Kitchen) is a renowned traditional Vietnamese restaurant nestled in a quiet alley near Ben Thanh Market. This hidden gem has been consistently recognized in the MICHELIN Guide Bib Gourmand list (since 2023), confirming its commitment to good quality and great value. The restaurant promotes itself as ""Mama's kitchen with a twist,"" specializing in comforting Vietnamese family dishes that evoke childhood memories and warmth. Diners often praise signature items like the Banh Xeo (Vietnamese pancake with shrimp and pork, served with fresh herbs) and the unique Com trai dua (fried rice served in a coconut shell). With its decor featuring vivid yellow walls and blue shutters reminiscent of village houses, Bep Me In offers a welcoming and distinct dining experience.","Michelin Bib Gourmand restaurant serving comforting, home-style Vietnamese dishes in a vibrant setting.","#food, #indoor, #vintage, #rustic, #cozy, #traditional, #evening, #few_hours, #rain, #cloudy, #morning, #moment"
102,Home Saigon Restaurant,Mon - Sun: 09:00 - 22:30,https://homesaigon.info/f/634546cf1fbb14c2a8abc986dba3da6e-DIM2_30102022_113_cb8306.jpg,https://maps.app.goo.gl/rh8CLpqjeT9CfTcP7,10.768510947133272,106.69404309739527,4.8,"185/28 Pham Ngu Lao Street, Pham Ngu Lao Ward, District 1, Vietnam","HOME Saigon Restaurant is an upscale Vietnamese dining establishment, renowned for elevating traditional dishes to a new level through refinement and perfection in preparation. Situated in an elegant and luxurious setting, often within a classic Saigon villa, HOME Saigon embodies the culinary philosophy of ""Comfort Food."" The restaurant is designed with a harmonious blend of classic and modern aesthetics, creating an intimate atmosphere perfect for private parties or special events. HOME Saigon is an ideal destination for an immersive journey into Vietnam's culinary heritage, enjoyed within a high-class yet nostalgic setting.","Upscale dining in a classic villa, elevating traditional Vietnamese cuisine in a refined atmosphere.","#food, #indoor, #luxury, #elegant, #romantic, #traditional, #evening, #rain, #cloudy, #dating, #few_hours, #moment"
103,Secret Garden Restaurant,Mon - Sun: 11:00 - 22:00,https://dynamic-media-cdn.tripadvisor.com/media/photo-o/2e/63/84/89/warmly-welcome-you-to.jpg?w=900&h=500&s=1,https://maps.app.goo.gl/GPzq5UQYtNiyrhYj6,10.777292236244014,106.69973049461213,4.1,"158 Pasteur Street, Ben Nghe Ward, District 1, Vietnam","Secret Garden Restaurant is a famous eatery in District 1, offering a unique dining experience as it is hidden away on the rooftop of an old apartment building, completely secluded from the city noise. The restaurant is designed in a rustic, friendly countryside garden style, creating a relaxing atmosphere akin to dining by the beach. The focus of the menu is traditional Vietnamese cuisine, particularly home-style dishes that evoke the warm, familiar flavors of a countryside meal, all prepared with rich and fresh ingredients. Secret Garden is an ideal destination for those seeking a surprising and distinctive space while enjoying high-quality Vietnamese food.","Rooftop restaurant with a rustic countryside garden vibe, serving authentic home-cooked Vietnamese food.","#food, #rooftop, #outdoor, #rustic, #traditional, #natural, #evening, #few_hours, #romantic, #chill, #windy, #sunny, #dating, #moment"
104,Propaganda,Mon - Sun: 07:30 - 22:00,https://propagandabistros.com/wp-content/uploads/2022/06/welcome-title.jpg,https://maps.app.goo.gl/BTTVc8mo8P3MZpAk8,10.77900193031494,106.69816366438687,4.4,"21 Han Thuyen Street, Ben Nghe Ward, District 1, Ho Chi Minh City, Vietnam","Propaganda Vietnamese Bistro is a popular restaurant in central District 1, famous for combining authentic Vietnamese cuisine with a unique and cheerful design inspired by propaganda art. The bistro stands out with its colorful murals and large, eye-catching posters, creating a vibrant and distinctive atmosphere. The menu focuses on familiar Vietnamese favorites such as creative spring rolls (goi cuon), broken rice (com tam), and bun (vermicelli salads), all prepared with fresh, wholesome ingredients. Propaganda is an ideal destination for international visitors seeking clean, high-quality Vietnamese food in an artistic setting that celebrates modern Vietnamese culture and heritage.",Vibrant bistro featuring colorful murals and a creative twist on classic Vietnamese dishes.,"#food, #indoor, #outdoor, #vibrant, #modern, #few_hours, #sunny, #cloudy, #photo, #morning, #evening, #moment, #long_time"
105,Hoa Tuc Saigon,Mon - Sun: 11:00 - 22:00,https://hoatuc.com/wp-content/uploads/2024/03/CHOA0523-1.jpg,https://maps.app.goo.gl/t5sQ6n343EHU2erX9,10.778721730521537,106.7038013220663,4.5,"74/7 Hai Ba Trung Street, Ben Nghe Ward, District 1, Ho Chi Minh City, Vietnam","Hoa Tuc Saigon is a contemporary Vietnamese restaurant celebrated for elevating traditional dishes through creativity and innovation in both flavor and presentation. Tucked away in a quiet alley in District 1, the restaurant is historically unique as it was remodelled from an old opium refinery from the former Saigon era. The venue features an Art Deco and Art Nouveau style, blending European classicism with distinct Vietnamese decor elements. Recognized by the MICHELIN Guide, Hoa Tuc is an ideal destination for those seeking to savor refined Vietnamese dishes like Bo Luc Lac (Shaking Beef), Pomelo Salad, or deep-fried Soft-Shell Crab with green rice flakes in an elegant, tranquil, and historically resonant setting.","Contemporary Vietnamese restaurant housed in a former opium refinery, known for refined flavors and history.","#food, #indoor, #outdoor, #vintage, #elegant, #romantic, #traditional, #evening, #long_time, #rain, #cloudy, #morning, #few_hours, #moment, #study, #photo, #dating"
106,Lune Restaurant and Bar,"Mon - Sat: 11:30 - 14:00, 17:00 - 22:30, Sun: Close",https://dynamic-media-cdn.tripadvisor.com/media/photo-o/2f/49/1f/02/lune-restaurant-bar-interior.jpg?w=900&h=500&s=1,https://maps.app.goo.gl/SAiVkgcALF37XtjF7,10.780115308501719,106.70420306438629,4.8,"17/14 Le Thanh Ton Street, Ben Nghe Ward, District 1, Ho Chi Minh City, Vietnam","Lune Restaurant & Bar is a prominent establishment specializing in modern French cuisine in central District 1, having earned recognition in the MICHELIN Selected list (2024 and 2025). Founded by Head Chef Adrien Guenzi, Lune embodies a unique culinary philosophy, describing itself as a ""French Neverland"" where diners can dream and enjoy limitless culinary artistry. The restaurant is renowned for reinventing French classics like Escargots and Duck Pithivier through contemporary techniques and elegant presentation. Lune also features a cozy bar area and offers carefully curated Tasting Menus reflecting the chef's vision, promising a luxurious and memorable gastronomic journey.",Michelin-selected modern French restaurant offering artistic dishes and unique tasting menus.,"#food, #drinks, #indoor, #luxury, #modern, #romantic, #evening, #long_time, #rain, #cloudy, #morning, #few_hours, #bar"
107,Tonkin Specialty Coffee,Mon - Sun: 08:00 - 21:00,https://media-cdn.tripadvisor.com/media/photo-m/1280/2a/ad/66/95/tonkin-cottage-cafe-is.jpg,https://maps.app.goo.gl/Kds6kRMCcp93D64x6,10.774621173232214,106.69789546438923,4.8,"91 Ly Tu Trong Street, Ben Thanh Ward, District 1, Ho Chi Minh City, Vietnam","Tonkin Specialty Coffee is a popular café in District 1, offering a peaceful and cultural sanctuary that sharply contrasts with the Saigon bustle. The shop's decor is heavily inspired by Vietnamese folk culture and Indochine architecture, creating a warm, cozy, and nostalgic atmosphere. Tonkin is renowned for its rich and creamy Egg Coffee (Ca Phe Trung), widely considered one of the best places in Saigon to try this Hanoi specialty. Additionally, the cafe serves other Vietnamese signature brews like Salt Coffee (Ca Phe Muoi), and is committed to using sustainably sourced coffee beans from the Dak Nong highlands. It is an ideal destination for enjoying high-quality Vietnamese coffee and finding a culturally rich, relaxing retreat.","Peaceful cafe with Indochine decor, famous for authentic Egg Coffee and sustainable beans.","#cafe, #indoor, #vintage, #traditional, #quiet, #cozy, #morning, #few_hours, #rain, #cloudy, #culture, #long_time, #moment, #study, #photo"
108,Chez Mimosa Cafe & Breakfast,Mon - Sun: 06:30 - 15:30,https://cf.bstatic.com/xdata/images/hotel/max1024x768/595692232.jpg?k=65e357a8e76b3997f247988295d5f49034290af1a22a9e50f39d2e7e60b381bc&o=,https://maps.app.goo.gl/Gaqy5ftnj3KXosQz5,10.764511381005812,106.69539839321237,4.9,"90 De Tham Street, Cau Ong Lanh Ward, District 1, Ho Chi Minh City, Vietnam","Chez Mimosa Cafe & Breakfast is a popular establishment in District 1, known for its harmonious blend of a homestay/hotel accommodation and a dedicated breakfast cafe. The cafe attracts guests with its diverse and energetic breakfast menu, featuring options ranging from omelets, croissants, crepes, and fresh fruit juices. Notably, it is famous for its unique Vietnamese coffee specialties like Egg Coffee (Ca Phe Trung) and Salt Coffee (Ca Phe Muoi), which are considered top-tier in the downtown area. With a clean, cozy atmosphere and warm, friendly staff, Chez Mimosa provides the perfect starting point for a wonderful day in Saigon.","Cozy spot blending accommodation and dining, renowned for its excellent breakfast and Egg Coffee.","#food, #cafe, #indoor, #vintage, #cozy, #morning, #few_hours, #rain, #sunny, #pleasant, #evening, #long_time, #moment, #dating"
109,% Arabica,"Mon - Fri: 07:00 - 22:00, Sat - Sun: 07:00 - 23:00",https://arabica.com/wp-content/uploads/2022/07/cafe-apartment.jpg,https://maps.app.goo.gl/RxR2Hj76NnJNxT7k9,10.774328113153542,106.70409030671414,4.2,"42 Nguyen Hue Street, District 1, Ho Chi Minh City, Vietnam","% Arabica is a world-renowned specialty coffee brand from Kyoto, Japan, with its branch at The Cafe Apartments (42 Nguyen Hue) being one of the most popular spots in Saigon. The café stands out with its minimalist, modern, and sleek design, offering a tranquil escape amidst the bustling walking street. % Arabica commits to using 100% high-quality Arabica beans, excluding Robusta. Guests frequently favor signature drinks like the Spanish Latte and Kyoto Latte. Located on the fourth floor of the iconic building, the café features a balcony with a stunning view over Nguyen Hue Walking Street, making it a perfect choice for coffee connoisseurs who appreciate quality and aesthetics.","Sleek, minimalist Japanese specialty coffee shop with a balcony view of Nguyen Hue Walking Street.","#cafe, #takeaway, #indoor, #minimalist, #modern, #quiet, #morning, #moment, #sunny, #cloudy, #few_hours, #study, #long_time"
110,Co Ba Dong Khoi Coffee,Mon - Sun: 07:30 - 23:00,https://dynamic-media-cdn.tripadvisor.com/media/photo-o/1b/2f/cc/0b/ca-phe-co-ba-rooftop.jpg?w=900&h=500&s=1,https://maps.app.goo.gl/D6PkydQiCgfnyszs5,10.773533894598742,106.7062018643888,4.3,"4-6 Dong Khoi Street, Ben Nghe Ward, District 1, Ho Chi Minh City, Vietnam","Co Ba Dong Khoi Coffee is a unique and famous cafe situated on the prime Dong Khoi Street in District 1. The shop is designed in the style of Saigon from the 1980s and 1990s, featuring nostalgic decorations and furniture like old sewing machine tables, vintage wooden chairs, and classic film posters. It attracts visitors not only for its quality coffee but also for its large balcony offering a great view, perfect for observing the bustling street below. The menu is varied, covering both traditional Vietnamese coffees and modern beverages. Cafe Co Ba Dong Khoi is the perfect place for visitors to find a peaceful and romantic slice of Old Saigon amidst the modern city center.","Vintage-style cafe recreating 1980s Saigon, featuring a balcony with a great city view.","#cafe, #food, #rooftop, #indoor, #vintage, #romantic, #chill, #morning, #evening, #few_hours, #windy, #sunny, #moment, #long_time, #study"
111,Hoi Beo Coffee,Mon - Sun: 09:00 - 23:00,https://img.mservice.com.vn/common/u/05e07d15ed1a84ee51cdfe60756960e55412b5dcd748a2e496a53522eb6597fa/e9bffc2a-19d1-429b-8afe-f3a5f22b1026b_hjx8ys.jpg,https://maps.app.goo.gl/BcKBaPzoUhzDKiam8,10.763452181395165,106.69213182206244,4.8,"261/17 Tran Hung Dao Street, Co Giang Ward, District 1, Ho Chi Minh City, Vietnam","Hoi Beo Coffee is a well-known coffee shop distinguished by its minimalist and modern design, utilizing a dominant white color scheme to create a spacious, bright, and highly trendy atmosphere. Famous for capitalizing on natural light, the cafe has become an ideal ""check-in"" spot, drawing many young people for photography. Hoi Beo's menu focuses on classic espresso-based coffees, milk tea, and simple, easy-to-enjoy pastries. Despite its humorous name (meaning ""a bit chubby""), the shop provides a light, relaxing feeling and is a great place for remote work, studying, or socializing with friends.","Trendy, minimalist white-themed cafe filled with natural light, popular for photography and working.","#cafe, #food, #indoor, #outdoor, #minimalist, #modern, #morning, #few_hours, #chill, #sunny, #cloudy, #photo, #study, #long_time, #moment"
112,Vo Roof,Mon - Sun: 10:00 - 23:30,https://dynamic-media-cdn.tripadvisor.com/media/photo-o/29/65/a0/12/caption.jpg?w=900&h=500&s=1,https://maps.app.goo.gl/YVKtkFeGnRgGYeUX6,10.77233933520889,106.70274509321634,4.6,"113 Ton That Dam Street, Ben Nghe Ward, District 1, Vietnam","Vo Roof is a prominent restaurant located on the rooftop of an old building right in central District 1, offering a unique dining experience with spectacular panoramic views of Ton That Dam Street and the city's skyscrapers. The restaurant specializes in modern Vietnamese cuisine, famous for its home-style, rustic dishes that are elegantly presented. Vo Roof is highly favored for its spacious and airy setting, enhanced by abundant greenery that creates a relaxing atmosphere. It is an ideal destination for romantic dinners, friend gatherings, or tourists looking to enjoy quality Vietnamese food in a ""chill"" setting while admiring the vibrant Saigon skyline from above.","Rooftop restaurant offering panoramic views and modern Vietnamese cuisine in a chill, green setting.","#food, #drinks, #rooftop, #outdoor, #romantic, #chill, #sunset, #evening, #few_hours, #windy, #sunny, #modern, #dating, #long_time, #moment, #study, #photo"
113,Loop 1 – Cocktail & Kitchen,Mon - Sun: 17:00 - 01:00,https://dynamic-media-cdn.tripadvisor.com/media/photo-o/28/18/8a/3b/a-random-night.jpg?w=900&h=500&s=1,https://maps.app.goo.gl/79cYeyUfG5jCQ5qA6,10.77947720900955,106.70231206438626,4.9,"Ly Tu Trong Street/39 Ward, Ben Nghe, District 1, Ho Chi Minh City, Vietnam","Loop 1 – Cocktail & Kitchen is a distinctive bar and restaurant located in District 1, famous for its unique and warm design inspired by ancient Egyptian aesthetics. The spot attracts Saigon's youth with its chill vibe, making it ideal for relaxation and photography. Loop 1 offers not only creative and unusual cocktails (such as fish sauce cocktails) but also boasts a high-quality culinary selection prepared by a chef with five-star restaurant experience, all at an accessible price point. With its blend of signature drinks, delicious food, and extraordinary atmosphere, Loop 1 is the perfect destination for dates or weekend meetups.","Egyptian-themed bar and kitchen known for creative cocktails and a relaxed, unique vibe.","#drinks, #food, #indoor, #unique, #dramatic, #vibrant, #late_night, #few_hours, #rain, #cloudy, #moment, #dating"
114,Summer Experiment,"Mon - Thus: 16:00 - 01:00, Fri - Sat: 16:00 - 02:00, Sun: 16:00 - 01:00",https://dynamic-media-cdn.tripadvisor.com/media/photo-o/19/ce/cc/44/pre-bar-set.jpg?w=900&h=500&s=1,https://maps.app.goo.gl/YUs1jSq4m9igAWnt7,10.774857973040387,106.69801776438693,4.9,"77-79 Ly Tu Trong Street, Ben Thanh Ward, District 1, Ho Chi Minh City, Vietnam","Summer Experiment is a highly innovative and acclaimed cocktail bar in Saigon, having been recognized in the extended list of Asia's 50 Best Bars. The venue is a literal hidden gem, located on an upper floor in District 1, creating a tranquil oasis away from the city's hustle. Summer Experiment is famous for its ""farm-to-bar"" and ""garden-to-glass"" philosophy, focusing on using fresh, seasonal, and locally sourced ingredients and herbs from its own garden. The cocktail menu is a humorous and experimental collection (e.g., Milk Batch Baby or Sticky Colada). With its modern, relaxed ambiance and inventive drinks, the bar is the perfect destination for cocktail enthusiasts seeking novel and high-quality drinking experiences.","Hidden ""garden-to-glass"" bar famous for innovative, sustainable cocktails and a relaxed atmosphere.","#drinks, #food, #indoor, #unique, #chill, #late_night, #few_hours, #rain, #cloudy, #dating, #moment"
115,Chill Skybar & Dining,Mon - Sun: 17:30 - 01:30,https://chillsaigon.com/assets/uploads/2023/06/chill-banner.jpeg,https://maps.app.goo.gl/J6pabqnmZsKMVpLPA,10.77076505670732,106.69438306439883,4.3,"AB Tower, 76A Le Lai Street, Ben Thanh Ward, District 1, Ho Chi Minh City, Vietnam","Chill Skybar & Dining is an upscale restaurant and bar complex situated on the 26th and 27th floors of the AB Tower in central District 1. Considered one of the most prominent and pioneering skybars in Saigon, Chill attracts affluent locals and tourists with its ""million-dollar view"" overlooking the dazzling city skyline at night. The Chill Dining area on the 27th floor offers a refined, luxurious culinary experience with high-end European dishes like Wagyu beef and salmon. Meanwhile, the Chill Skybar area features vibrant DJ music and premium cocktails, making it the perfect spot for a lively night out and enjoying the view in an exclusive atmosphere.",Iconic luxury rooftop club and dining venue offering breathtaking panoramic city views and nightlife.,"#drinks, #food, #rooftop, #luxury, #dramatic, #vibrant, #evening, #late_night, #long_time, #windy, #sunny, #few_hours"
116,Tung’s Restaurant – Vietnamese Cuisine & vegetarian Food,Mon - Sun: 10:00 - 22:30,https://tungsrestaurant.com/files/images/blog/diem-den.jpg,https://maps.app.goo.gl/DP1TNjM5wLuZWed77,10.772858895064125,106.6965104220562,4.9,"230 Le Thanh Ton Street, Ben Thanh Ward, District 1, Ho Chi Minh City, Vietnam","Tung’s Restaurant is a popular dining spot in central District 1, celebrated for offering both traditional Vietnamese cuisine and an extensive vegetarian/vegan menu at reasonable prices. The restaurant is highly rated for its authentic flavors, using fresh, high-quality ingredients. The vegetarian selection features enticing options such as Pho chay (Vegetarian Pho), Vietnamese Vegetarian Curry, and various stir-fried vegetable dishes with mushrooms. With a cozy, clean environment and warm, attentive staff, Tung’s Restaurant is an ideal destination for tourists wanting traditional Vietnamese food as well as vegetarians/vegans seeking delicious, healthy meal choices.",Popular dining spot serving authentic Vietnamese cuisine and a wide range of vegetarian options.,"#food, #indoor, #healthy, #traditional, #minimalist, #cozy, #evening, #few_hours, #rain, #cloudy, #moment, #dating"
117,Sol Kitchen & Bar,"Mon - Sun: 11:00 - 14:00, 17:00 - 22:30",https://solkitchenbar.com/wp-content/uploads/2024/08/banner_media-scaled.jpg,https://maps.app.goo.gl/VaXXAmamMWxhk5aP7,10.774370376383324,106.69711692389635,4.8,"110 - 112 Ly Tu Trong Street, Ben Thanh Ward, District 1, Ho Chi Minh City, Vietnam","Sol Kitchen & Bar is a prominent restaurant in District 1 specializing in vibrant Latin American cuisine with a lively, festive atmosphere. The restaurant has been recognized in the MICHELIN Guide Bib Gourmand list, confirming its commitment to good quality and great value. The menu is diverse, featuring classic dishes from various countries such as Empanadas (Argentina), Ceviche (Peru), and rich BBQ red meats (like BBQ ribs glazed with fish sauce). Under the direction of Chef Adrian Chong Yen, the Latin American dishes are refined and blended with fresh local ingredients. Sol Kitchen & Bar is an ideal destination for those looking to experience unique international cuisine in a youthful, airy setting, perfect for couples and groups of friends.",Michelin Bib Gourmand Latin American restaurant known for its vibrant atmosphere and wood-fired dishes.,"#food, #drinks, #indoor, #vibrant, #modern, #evening, #long_time, #rain, #cloudy, #few_hours, #bar"
118,Soul Ben Thanh Restaurant & Bar,Mon - Sun: 08:00 - 02:00,https://dynamic-media-cdn.tripadvisor.com/media/photo-o/2c/c0/ef/18/soul-ben-thanh-by-night.jpg?w=900&h=500&s=1,https://maps.app.goo.gl/reSihEUyCSpoaKDJ8,10.773458134387583,106.69746716438156,4.6,"7 Thu Khoa Huan Street, Ben Thanh Ward, District 1, Ho Chi Minh City, Vietnam","Soul Ben Thanh Restaurant & Bar is a prominent dining and entertainment venue located right at the North Gate of the historic Ben Thanh Market in District 1. The restaurant is celebrated for blending traditional Vietnamese cuisine with a modern, lively atmosphere. It is highly praised for its extensive menu featuring Vietnamese dishes from all three regions, notably including a variety of Hotpots (Lau) like Seafood Sour Soup Hotpot, along with special dishes such as Bo Luc Lac (Shaking Beef) and the unique Goi Ga La Coc (Chicken Salad with Hog Plum Leaves). With its spacious, cozy setting and a dedicated bar/balcony area offering views of Ben Thanh Market and the Bitexco Financial Tower, Soul Ben Thanh is an ideal spot for family gatherings, celebrations, or enjoying quality Vietnamese food with friends.",Lively venue near Ben Thanh Market blending modern dining with traditional Vietnamese cuisine.,"#food, #drinks, #indoor, #rooftop, #traditional, #vibrant, #modern, #evening, #few_hours, #windy, #sunny, #photo, #long_time, #moment, #dating, #bar"
119,Soo Kafe,Mon - Sun: 08:00 - 23:00,https://mia.vn/media/uploads/blog-du-lich/soo-kafe-1-1694042083.jpg,https://maps.app.goo.gl/mhaZQt8s6Z3Qk3Yy6,10.772650414509286,106.69720423555168,4.7,"35 Phan Chu Trinh Street, Ben Thanh Ward, District 1, Ho Chi Minh City, Vietnam","Soo Kafe is a stylish ""hidden"" coffee shop located on the second floor of an old building right across from the historic Ben Thanh Market in District 1. The cafe is renowned for its tranquil, cozy atmosphere designed with a minimalist Korean aesthetic blended with a rustic, vintage Saigon feel. Soo Kafe is highly favored by young people and remote workers for its peaceful setting, which is ideal for studying, working, or unwinding. The shop specializes in high-quality coffee, especially Fine Robusta beans, and signature drinks like Saigon Egg Coffee and Cream Cheese Coffee. Featuring many natural-light-filled ""Instagrammable"" corners, it is the perfect destination for those seeking a refined and quiet retreat in the middle of the bustling city.","Peaceful, Korean-minimalist cafe hidden near Ben Thanh, perfect for studying and enjoying fine coffee.","#cafe, #study, #indoor, #outdoor, #minimalist, #quiet, #chill, #morning, #few_hours, #sunny, #cloudy, #photo, #dating, #moment, #long_time"
120,OKKIO Caffe - Le Loi (2nd floor),Mon - Sun: 07:30 - 20:00,https://www.elledecoration.vn/wp-content/uploads/2019/01/okkio2469.jpg,https://maps.app.goo.gl/VGskmCQj7SEM1Yxq8,10.772740834916226,106.69895313554699,4.6,"120 - 122 Le Loi Street, Ben Thanh Ward, District 1, Ho Chi Minh City, Vietnam","OKKIO Caffe - Le Loi (2nd floor) is a distinguished coffee chain known for its nostalgic, cozy design style, often located within beautifully preserved old houses and villas. Each OKKIO branch tells its own story, characterized by a refined blend of classic Asian aesthetics and modern minimalism. OKKIO is renowned for its high-quality, handcrafted traditional Vietnamese coffees and creative signature beverages. The cafe is favored for its quiet, romantic atmosphere, making it an ideal spot for anyone seeking a private corner to read, work, or enjoy quality relaxing moments.","Nostalgic specialty coffee shop in a colonial building, offering handcrafted drinks in a romantic setting.","#cafe, #study, #indoor, #vintage, #romantic, #quiet, #morning, #few_hours, #rain, #sunny, #dating, #moment, #long_time, #photo"
121,Kichi Kichi Nguyen Trai ,Mon - Sun: 10:30 - 21:00,https://vietfoundation.com.vn/files/folder_portfolio_146/images/nh%C3%A0-h%C3%A0ng-l%E1%BA%A9u-b%C4%83ng-chuy%E1%BB%81n-kichi-kichi-XBE900.jpg,https://maps.app.goo.gl/82rk2sT9yEc4er37A,10.761761132366477,106.68611049554522,4.2,"339 Nguyen Trai Street, Nguyen Cu Trinh Ward, District 1, Ho Chi Minh City, Vietnam","Kichi Kichi Nguyen Trai is a prominent branch of Vietnam's leading hotpot chain, famous for its unique Conveyor Belt Hotpot (Lau Bang Chuyen) concept. Located on the bustling Nguyen Trai Street, the restaurant attracts diners with its ""all-you-can-eat"" hotpot experience, featuring hundreds of fresh ingredients automatically moving right past the tables. The menu is diverse, offering various signature Lau broths (such as Tom Yum or mushroom broth) alongside a wide selection of dipping items, from American beef and fresh seafood to seasonal mushrooms and vegetables. With its modern, youthful atmosphere and fast service, Kichi Kichi is an ideal dining spot for groups of friends and families eager to explore hotpot cuisine.",Famous conveyor belt hotpot restaurant offering an all-you-can-eat experience with diverse ingredients.,"#food, #indoor, #modern, #vibrant, #youthful, #evening, #few_hours, #rain, #cloudy, #dating"
122,GoGi House,Mon - Sun: 11:00 - 22:00,https://lh3.googleusercontent.com/gps-cs-s/AG0ilSy_NosESF-XkcP6fqWhuQY3LxdFDyT7LHzBaYtxzBGQPyPzO8hHnYthekdi8JSg-tmFsVCO-kXH934HodVBCN88plfuvU38HzRjvx-50qDfwjMRsclr7Yk7hsmlMsWJvnKX9Dqvptvlx9rV=w408-h544-k-no,https://maps.app.goo.gl/wSC2LKEDSsShmVba6,10.77356388395175,106.70386149554533,3.9,"99 Nguyen Hue Street, Ben Nghe Ward, District 1, Ho Chi Minh City, Vietnam","GoGi House is a highly popular chain famous for its Korean Grill House concept and authentic street-style barbecue. The biggest draw of GoGi is the tableside grilling experience, allowing diners to enjoy hot, fragrant meats immediately after cooking. GoGi House specializes in serving high-quality imported beef cuts, such as American beef short ribs and tenderloin, all marinated in authentic Korean sauces like the traditional Galbi marinade. The restaurant also offers classic side dishes, including kimchi stew (canh kimchi), glass noodles (Japchae), and Bibimbap. With its modern, youthful atmosphere and true Korean vibe, GoGi House is an ideal choice for celebrations and gatherings with friends.",Popular Korean BBQ chain known for its authentic tableside grilling and high-quality beef cuts.,"#food, #indoor, #modern, #vibrant, #youthful, #evening, #long_time, #rain, #cloudy, #few_hours, #dating"
123,King BBQ,Mon - Sun: 10:00 - 22:00,https://melamine.vn/wp-content/uploads/2023/11/Gioi-thieu-ve-nha-hang-King-BBQ-300x225.png,https://maps.app.goo.gl/1q7nZ5RPnaHMy6J77,10.777787680990299,106.70160999554531,3.7,"Vincom Center, B3 70 Le Thanh Ton Street, Ben Nghe Ward, District 1, Ho Chi Minh City, Vietnam","King BBQ is a widely recognized buffet grill and hotpot chain, dubbed the ""King of Korean BBQ,"" offering an authentic Korean dining experience in Vietnam. The restaurant's most distinctive feature is its extensive buffet menu, which includes high-quality imported beef and pork, along with a wide array of traditional Korean side dishes. The chain is famous for its signature King Sauce, prepared according to an exclusive Korean recipe, ensuring the grilled meats are rich, flavorful, and irresistible. With a spacious, modern setting and an advanced smoke ventilation system, King BBQ is a top choice for family gatherings and large group celebrations seeking quality and abundant grilled meat.","""King of Korean BBQ"" buffet chain offering premium grilled meats and traditional side dishes.","#food, #indoor, #modern, #luxury, #evening, #long_time, #rain, #cloudy, #few_hours, #dating"
124,El Gaucho Hai Ba Trung,Mon - Sun: 11:00 - 23:00,https://pasgo.vn/Upload/anh-chi-tiet/nha-hang-el-gaucho-steakhouse-hai-ba-trung-12-normal-1695440147688.webp,https://maps.app.goo.gl/UfUSedqnCu4WiLJm7,10.77827675324062,106.70362019906544,4.5,"74/1 Hai Ba Trung Street, Ben Nghe Ward, District 1, Ho Chi Minh City, Vietnam","El Gaucho is a premium steakhouse chain celebrated for its Argentinian culinary style and world-class beef quality. The Hai Ba Trung branch attracts connoisseurs with its luxurious, intimate ambiance, featuring dark wood interiors and an impressive bar area. The highlight of the restaurant is its selection of Steaks imported from the US and Australia, grilled over charcoal using the traditional Gaucho (Argentinian cowboy) method, ensuring perfect flavor and aroma. In addition to its steaks, El Gaucho boasts an extensive wine cellar and a sophisticated cigar selection. This is the ideal venue for important dinner parties, business meetings, or anniversaries requiring exclusivity and high-end service.","Premium steakhouse serving world-class Argentinian-style steaks in a luxurious, intimate setting.","#food, #indoor, #luxury, #vintage, #romantic, #evening, #long_time, #rain, #cloudy, #dating, #few_hours"
125,Moo Beef Steak Prime,"Mon - Sun: 10:30 - 14:30, 17:00 - 22:00",https://cdn.yeutre.vn/medias/uploads/209/209330-moo-beef-steak.jpg,https://maps.app.goo.gl/gJTXaPE3kM7dt2ns8,10.773437384040433,106.70564476668605,4.5,"35 Ngo Duc Ke Street, Sai Gon Ward, District 1, Ho Chi Minh City, Vietnam","Moo Beef Steak Prime is an upscale steakhouse chain renowned for importing and serving top-quality beef (Prime/Wagyu) from the US, Australia, and Japan. The restaurant attracts gourmands with its culinary philosophy centered on the perfect steak, cooked on specialized grills to ensure a rich, juicy, and flavorful result. The atmosphere at Moo Beef Steak Prime is designed to be luxurious and modern, featuring warm color schemes and sophisticated lighting, creating an elegant environment. In addition to its premium beef, the restaurant offers an extensive wine list and attentive service. This is an ideal venue for important dinner engagements, business meetings, or romantic celebrations.","Upscale steakhouse offering top-tier imported beef and wines in a sophisticated, modern atmosphere.","#food, #indoor, #luxury, #romantic, #evening, #long_time, #rain, #cloudy, #few_hours, #dating"
126,Pizza 4P's,"Mon - Sat: 11:00 - 00:00, Sun: 11:00 - 23:00",https://pizza4ps.com/wp-content/uploads/2023/08/Store-1.jpg,https://maps.app.goo.gl/7d6KQbhbv7SoHTJn9,10.773571783946174,106.69762265997876,4.9,"8 Thu Khoa Huan Street, Ben Thanh Ward, District 1, Ho Chi Minh City, Vietnam","Pizza 4P's is a renowned restaurant chain, founded by a Japanese couple, famous for its unique and high-quality Japanese-Italian Fusion cuisine. The biggest distinguishing feature of 4P's is its commitment to producing its own fresh cheese in-house (like Burrata and Mozzarella) at its farms. The pizzas are baked in a traditional wood-fired oven, resulting in thin, crispy, and aromatic crusts. The restaurant is celebrated for creative pizzas such as Burrata Prosciutto and Salmon Sashimi Pizza. Following the philosophy of ""Delivering Wow, Sharing Happiness"" and featuring a cozy, refined atmosphere, 4P's is an ideal spot to enjoy upscale pizza and innovative Italian dishes.",Renowned Japanese-Italian fusion restaurant famous for its house-made cheeses and wood-fired pizzas.,"#food, #indoor, #modern, #minimalist, #cozy, #pleasant, #evening, #long_time, #rain, #cloudy, #few_hours, #dating"
127,Haidilao,Mon - Sun: 10:00 - 04:00,https://haidilaovietnam.vn/wp-content/uploads/2024/01/2023-08-30.jpg, https://maps.app.goo.gl/89Cdkbia5DwQHWv49,10.764641790438827,106.68229833110685,5,"Nowzone Shopping Mall, 235 Nguyen Van Cu Street, Nguyen Cu Trinh Ward, District 1, Ho Chi Minh City, Vietnam","Haidilao is a globally renowned Chinese hotpot chain, famous not only for its cuisine but also for its exceptional and elaborate customer service. While waiting for a table, diners are treated to complimentary perks like manicures, snacks, and children's play areas. Culinarily, Haidilao offers a wide variety of spicy Sichuan and non-spicy soup bases, paired with high-quality meats, fresh seafood, and vegetables served individually. The main entertainment highlight is the ""Noodle Dance"" (Mian Dian) performance, where staff artfully stretch fresh noodles right at your table, creating a fun, interactive dining experience. Haidilao is an ideal choice for families and groups of friends seeking high-quality hotpot in a lively and unique atmosphere.","Famous hotpot chain known for exceptional service, free perks, and the entertaining ""noodle dance"".","#food, #indoor, #luxury, #vibrant, #youthful, #evening, #late_night, #long_time, #rain, #cloudy, #dating"
128,Tuk Tuk Thai Bistro,Mon - Sun: 10:00 - 22:00,https://pasgo.vn/Upload/anh-chi-tiet/nha-hang-tuk-tuk-thai-bistro-ngo-thoi-nhiem-6-normal-1670416947590.webp,https://maps.app.goo.gl/BxiEdjsgaeXnFxJK9,10.777608731340457,106.70025926438414,4.5,"38 Ly Tu Trong Street, Ben Nghe Ward, District 1, Ho Chi Minh City, Vietnam","Tuk Tuk Thai Bistro is a popular restaurant chain that brings the authentic flavors of Thai street food into a modern, youthful bistro setting in central Saigon. The eatery captivates diners by preserving the characteristic spiciness and sourness of Thai cuisine in every dish. The menu is varied, featuring classics like Pad Thai, Green Curry, and famous desserts such as Mango Sticky Rice. With its bright, energetic design and eye-catching food presentation, Tuk Tuk Thai Bistro is an ideal destination for those looking to enjoy quality Thai food in a comfortable setting, perfect for friends and family.","Trendy bistro bringing authentic, spicy, and sour Thai street food flavors to a modern setting.","#food, #indoor, #modern, #vibrant, #evening, #few_hours, #rain, #cloudy, #long_time, #dating"
129,Basta Hiro - Vincom Center Dong Khoi,Mon - Sun: 10:30 - 22:00,https://statics.vincom.com.vn/vincom-ho/khong-gian-1657102023.jpg,https://maps.app.goo.gl/trsYhaRGWHCMiyeL7,10.778247630870839,106.70205789322428,4.2,"Vincom B, 72 Le Thanh Ton Street, Ben Nghe Ward, District 1, Ho Chi Minh City, Vietnam","Basta Hiro is a famous restaurant specializing in a unique Italian – Japanese Fusion concept, located within the Vincom Center Dong Khoi Shopping Mall. The biggest feature of Basta Hiro is its commitment to serving fresh, handmade Pasta, which offers an especially delicious and chewy texture. The restaurant offers classic Italian dishes like Spaghetti and Pizza, all refined with Japanese flavors and prepared using fresh, high-quality ingredients. The dining space is designed to be modern and bright, featuring an open kitchen that allows guests to watch the pizza making and cooking process. Basta Hiro is an ideal choice for those looking to enjoy creative, high-quality Italian cuisine in a convenient and elegant setting.",Italian-Japanese fusion restaurant serving fresh handmade pasta and pizza in an open-kitchen setting.,"#food, #indoor, #modern, #cozy, #evening, #few_hours, #rain, #cloudy, #dating, #long_time"
130,Chilli Thai,Mon - Sun: 10:00 - 22:00,https://dynamic-media-cdn.tripadvisor.com/media/photo-o/1b/2f/6b/9c/soup-and-cari.jpg?w=900&h=500&s=1,https://maps.app.goo.gl/ih2s4MH1FzimnEaK7,10.774584912953667,106.69784922606557,4.1,"93 Ly Tu Trong Street, Ben Thanh Ward, District 1, Ho Chi Minh City, Vietnam","Chilli Thai is a popular restaurant chain offering an authentic Thai dining experience right in the heart of Saigon. The eatery is loved for faithfully preserving the rich, spicy, sour, and intense flavors characteristic of the Land of Smiles, true to its name. The menu is highly diverse, featuring classic Thai dishes such as Tom Yum (spicy and sour soup), Pad Thai, Som Tum (papaya salad), and various Thai Curries. The atmosphere at Chilli Thai is designed to be modern and youthful, complemented by warm lighting that creates a comfortable and relaxing feel. This is an ideal destination for gatherings, allowing diners to enjoy high-quality Thai cuisine in a friendly environment.","Authentic Thai restaurant offering bold, spicy traditional dishes in a youthful, friendly environment.","#food, #indoor, #modern, #vibrant, #evening, #few_hours, #rain, #cloudy, #long_time, #dating"
131,Dookki Nowzone ,"Mon - Fri: 10:30 - 22:00, Sat - Sun: 10:30 - 20:30",https://i.imgur.com/gbZlT7Q.jpg,https://maps.app.goo.gl/D8gFZQTxBn6wzkQR9,10.764395241050783,106.68260345089216,4.4,"235 Nguyen Van Cu Street, Nguyen Cu Trinh Ward, District 1, Ho Chi Minh City, Vietnam","Dookki Nowzone is a prominent branch of the popular Korean hotpot buffet chain, specializing in Tteokbokki (spicy rice cakes). The restaurant attracts young diners with its unique all-you-can-eat buffet model, allowing guests to freely customize their sauce base and choose unlimited toppings, including various types of rice cakes (tteok), vegetables, fish cakes, and meats. Beyond the hotpot, Dookki features a Korean Street Food counter with popular snacks like rice balls, mixed noodles, and fried tempura items. With a modern, lively atmosphere and reasonable pricing, Dookki is an ideal spot for groups of friends looking to enjoy a fun and creative Korean dining experience.",Popular Korean Topokki buffet where diners customize their own hotpot with unlimited toppings.,"#food, #indoor, #vibrant, #youthful, #cheap, #evening, #few_hours, #rain, #cloudy, #dating"
132,Khoi's Crab Hotpot,Mon - Sun: 00:00 - 23:59,https://static.riviu.co/image/2020/12/15/8b852a443c1b3ce3241ad13168a05cae_output.jpeg,https://maps.app.goo.gl/7P3LzXc1HjqdJn3A8,10.770587135691226,106.69382125089595,3.2,"8 Nguyen Thi Nghia Street, Pham Ngu Lao Ward, District 1, Ho Chi Minh City, Vietnam","Lau Cua Khoi (Khoi's Crab Hotpot) is a famous, long-standing local eatery in Saigon, widely considered one of the best places for crab hotpot in the city. The restaurant captivates diners with its special broth: a rich, intensely savory, and naturally sweet soup base derived from bones and seafood, without excessive use of MSG. Every hotpot features fresh, meaty crabs meticulously selected, served with rice vermicelli (bun), taro, and crisp green vegetables. Lau Cua Khoi offers an authentic Saigon dining experience in a casual, welcoming setting. It is the perfect choice for those seeking high-quality, traditional seafood hotpot with an unforgettable flavor.","Long-standing eatery famous for its rich, naturally sweet crab hotpot and fresh seafood.","#food, #indoor, #traditional, #vintage, #rustic, #evening, #long_time, #rain, #cloudy, #streetfood, #moment, #dating"
133,Pachi Pachi Japanese BBQ & Hotpot,"Mon - Sun: 10:30 - 15:00, 17:00 - 22:00",https://bepvietdecor.vn/upload/202410/29/quan-nuong-bbq-pachi-pachi-buffet-quan-1-CeU5zc.webp,https://maps.app.goo.gl/j432c7mNZn5nFewVA,10.78755870628895,106.69689917788291,4.1,"52 Mac Dinh Chi Street, Da Kao Ward, District 1, Ho Chi Minh City, Vietnam","Pachi Pachi Japanese BBQ & Hotpot is a popular buffet restaurant chain, offering an experience centered on Yakiniku grilling and hotpot in the authentic Japanese culinary style. The venue attracts diners with its diverse buffet menu featuring premium beef, fresh seafood, and vegetables, all marinated with signature Japanese sauces. A key highlight of Pachi Pachi is the grilling process over a charcoal brazier, which creates a crispy, fragrant exterior while locking in the meat's natural sweetness. In addition to grilling, the restaurant serves light, sweet hotpot broths. With its cozy, Japanese-themed ambiance, Pachi Pachi is an ideal choice for groups and families who love traditional Japanese grill and hotpot flavors.",Cozy buffet spot specializing in authentic Japanese charcoal grilling and hotpot.,"#food, #indoor, #vintage, #cozy, #evening, #long_time, #rain, #cloudy, #moment, #dating"
134,Ti Chuot's Beef Hotpot,Mon - Sun: 06:00 - 00:00,https://dynamic-media-cdn.tripadvisor.com/media/photo-o/26/56/98/91/caption.jpg?w=900&h=500&s=1,https://maps.app.goo.gl/foPzLm5CiB9d3iWo6,10.763717901463895,106.69040426438247,3.9,"3 Cao Ba Nha Street, Nguyen Cu Trinh Ward, District 1, Ho Chi Minh City, Vietnam","Lau Bo Ti Chuot is a popular and long-standing local eatery in Saigon, considered a must-visit spot for fans of traditional Vietnamese Beef Hotpot (Lau Bo). The restaurant captivates diners with its distinctive hotpot flavor: a rich, intensely aromatic broth infused with lemongrass, ginger, and various spices, offering a natural, savory sweetness. The hotpot is generously filled with fresh, high-quality beef, beef tendon, and beef meatballs, served alongside noodles, tofu, and fresh green vegetables. Lau Bo Ti Chuot provides an authentic Saigon dining experience in a simple, local setting. It is the perfect choice for chilly evenings, where groups can gather to enjoy a steaming, hearty meal at an affordable price.","Local favorite for traditional, affordable beef hotpot with a rich, aromatic lemongrass broth.","#food, #outdoor, #streetfood, #rustic, #traditional, #cheap, #evening, #few_hours, #windy, #sunny, #moment, #dating"
135,Saigon Grill Pasteur,Mon - Sun: 16:00 - 23:00,https://down-vn.img.susercontent.com/vn-#moment34259-7r98o-lwi3kfiu9djte2@resize_ss640x400,https://maps.app.goo.gl/D4aix8LduAYBYQJa9,10.7770815732867,106.69928316440033,4.3,"91 Pasteur Street, Ben Nghe Ward, District 1, Ho Chi Minh City, Vietnam","Saigon Grill Pasteur is a popular restaurant situated on the bustling Pasteur Street, offering a diverse grilling experience right in central Saigon. The eatery attracts diners with its wide menu of fresh beef, pork, chicken, and seafood, all marinated with rich, authentic Vietnamese seasonings. A key feature of the restaurant is the use of charcoal grills, which create an alluring aroma and perfectly retain the meat's natural sweetness and juiciness. With a spacious, open atmosphere and reasonable pricing, Saigon Grill Pasteur is an ideal destination for gatherings with friends and parties, where everyone can enjoy delicious grilled dishes together.",Rooftop BBQ restaurant offering a wide range of marinated meats and seafood for charcoal grilling.,"#rooftop, #outdoor, #food, #vibrant, #evening, #long_time, #windy, #sunny, #dating, #few_hours"
136,The Log Restaurant,Mon - Sun: 18:00 - 23:00,https://thelog.com.vn/images/uploaded/Gallery/Space/Updated%2005.2023/The%20Log%20(9%20of%2025).jpg,https://maps.app.goo.gl/xE6EKSP5zxKmZh5X8,10.790158322096609,106.70236009321066,4.1,"Rooftop, Gem Center, 8 Nguyen Binh Khiem Street, Ward, District 1, Ho Chi Minh City, Vietnam","The Log Restaurant is a renowned fine dining establishment situated on the rooftop of Gem Center, offering spectacular views over the city center. The unique selling point of The Log is its distinctive design, styled like a rustic wooden cabin or lodge, with warm wooden interiors and high ceilings, creating an atmosphere that is both luxurious and romantic. The restaurant specializes in upscale international cuisine, focusing on Steaks, fresh seafood, and modern dishes, all meticulously prepared and elegantly presented. With its private, high-class setting and professional service, The Log is the perfect venue for romantic dates, anniversaries, or important dinner engagements.","Luxurious rooftop dining space designed like a wooden lodge, serving premium international cuisine.","#food, #rooftop, #indoor, #luxury, #romantic, #rustic, #evening, #long_time, #rain, #cloudy, #few_hours, #dating"
137,Hang Duong Quan District 1,Mon - Sun: 09:00 - 23:30,https://tongdaihoidap.com/wp-content/uploads/2025/04/hang-duong-quan-quan-1-32-34-ngo-duc-ke-ben-nghe-quan-1-1176.jpg,https://maps.app.goo.gl/1qpwDoVnnN6HYTkY6,10.773737794457253,106.70537825090123,4.5,"32-34 Ngo Duc Ke Street, Ward, District 1, Ho Chi Minh City, Vietnam","Hang Duong Quan District 1 is a prominent, upscale seafood and specialty restaurant located on the bustling Ngo Duc Ke Street in central District 1. The restaurant attracts gourmets with its massive menu featuring an array of fresh seafood and unique regional delicacies (such as Red Grouper, Lobster, and various wild game dishes). The establishment emphasizes high-quality, fresh ingredients, prepared using refined techniques to ensure the full, natural flavor is preserved. Hang Duong Quan's dining space is designed to be spacious and luxurious, with many private VIP rooms, making it an ideal venue for large dinner parties, important business entertaining, or premium celebrations.",Upscale seafood restaurant known for its massive menu of fresh catches and unique regional delicacies.,"#food, #indoor, #luxury, #traditional, #karaoke, #evening, #long_time, #rain, #cloudy, #few_hours, #dating"
138,Ngoc Suong Seafood & Bar,Mon - Sun: 10:00 - 22:30,https://pasgo.vn/Upload/anh-chi-tiet/nha-hang-ngoc-suong-seafood-and-bar-thai-van-lung-9-normal-1670#long_time547580.webp,https://maps.app.goo.gl/L4ShqLgVdm5FhcRP8,10.779226769680172,106.70549566438437,4,"8 Nguyen Sieu Street, Saigon Ward, District 1, Ho Chi Minh City, Vietnam","Ngoc Suong Seafood & Bar is a high-end seafood brand with a history spanning over 70 years, renowned for blending traditional Vietnamese culinary flavors with modern, sophisticated preparation styles. The restaurant attracts diners with its commitment to serving fresh, high-quality seafood, meticulously selected and transformed into signature dishes like grilled prawns (Tom cang nuong moi), Ngoc Suong spring rolls (Cha gio Ngoc Suong), and rich seafood hotpots. Ngoc Suong's ambiance is designed to be elegant and stylish, often featuring a Mediterranean flair, which creates a relaxing, upscale atmosphere. This is an ideal choice for business entertaining, important family gatherings, or anyone seeking to experience Vietnamese seafood at a refined level.","Heritage seafood brand blending traditional flavors with a stylish, Mediterranean-inspired ambiance.","#food, #indoor, #luxury, #vintage, #romantic, #evening, #long_time, #rain, #cloudy, #few_hours, #bar"
139,The Canvas Restaurant,"Mon - Sun: 06:00 - 10:00, 18:00 - 22:00",https://dynamic-media-cdn.tripadvisor.com/media/photo-o/29/2f/69/d6/interior.jpg?w=900&h=-1&s=1,https://maps.app.goo.gl/6jQ2g1Cfz85o3Tdu6,10.77896549079724,106.70687103739539,4.8,"LOTTE HOTEL SAIGON, 2A - 4A Ton Duc Thang Street, Ward, District 1, Ho Chi Minh City, Vietnam","The Canvas Restaurant is the main all-day dining venue, specializing in high-end international cuisine and buffet, located within the luxurious LOTTE HOTEL SAIGON in District 1. The restaurant is renowned for its extensive and rich buffet menu, featuring fresh seafood, elegantly prepared Asian and Western dishes, and an attractive dessert station. The setting at The Canvas is designed to be spacious, modern, and sophisticated, with large windows overlooking the hotel grounds, creating a relaxed and upscale ambiance. This is the ideal spot to enjoy high-quality breakfast, lunch, or dinner, particularly the evening seafood buffet, perfect for business meetings or family celebrations.","High-end buffet restaurant in Lotte Hotel, offering an extensive spread of international and seafood dishes.","#food, #indoor, #luxury, #modern, #morning, #evening, #long_time, #rain, #cloudy, #few_hours, #dating"
140,Parkview Restaurant,"Mon - Sun: 06:00 - 10:30, 18:00 - 21:30",https://dynamic-media-cdn.tripadvisor.com/media/photo-o/2a/f8/2e/fd/nha-hang-parkview-khach.jpg?w=900&h=500&s=1,https://maps.app.goo.gl/6PDL4Ky4Sj6p1Jfq9,10.771146436082093,106.69503443554667,4.7,"76 Le Lai Street, Ben Thanh Ward, District 1, Ho Chi Minh City, Vietnam","Parkview Restaurant is the main, elegant dining venue located inside the historic Majestic Saigon Hotel in central District 1. The restaurant is highly regarded for its prime location, offering stunning views over the Bach Dang Wharf Park and the Saigon River. Parkview specializes in upscale international buffets, featuring a wide selection of Asian and European dishes, notably including fresh, exquisitely prepared seafood. The restaurant's design reflects a classic French colonial style, creating an elegant, warm, and nostalgic atmosphere. This is an ideal destination for romantic dinners, important business meetings, or simply enjoying a high-quality lunch in a tranquil and exclusive setting.",Elegant buffet venue in the Majestic Hotel featuring French colonial style and river views.,"#food, #indoor, #vintage, #luxury, #romantic, #evening, #long_time, #rain, #cloudy, #few_hours, #dating"
141,Pho 79 Restaurant (Branch 1),Mon - Sun: 09:00 - 23:30,https://pho79.vn/wp-content/uploads/2019/08/nh%C3%A0-h%C3%A0ng-79-s%C6%B0%C6%A1ng-nguy%E1%BB%87t-%C3%A1nh-900x450.jpg,https://maps.app.goo.gl/d5KfGCauvVAiMboh6,10.771656495913803,106.68844253556067,4.2,"120 Suong Nguyet Anh Street, Pham Ngu Lao Ward, District 1, Ho Chi Minh City, Vietnam","Pho 79 Restaurant is a prominent traditional Vietnamese dining establishment, offering a refined and high-quality experience of cuisine from all three regions (North, Central, and South) of Vietnam. The restaurant attracts diners with its extensive menu, ranging from familiar home-style dishes to specialty upscale cuisine, all prepared with authentic flavors. Pho 79's ambiance is designed to be elegant and formal, yet cozy, often featuring traditional decor that evokes a nostalgic feeling of old Vietnamese streets. With consistently good food quality, attentive service, and a central location, Pho 79 is an ideal choice for warm family meals, business entertaining, or for anyone wishing to explore the essence of Vietnamese gastronomy.",Refined traditional restaurant serving high-quality cuisine from all three regions of Vietnam.,"#food, #indoor, #traditional, #vintage, #cozy, #morning, #moment, #rain, #cloudy"
142,La Brasserie Restaurant,Mon - Sun: 18:00 - 22:00,https://image-tc.galaxy.tf/wijpeg-7dh5mpsapimq5q8nb99rql0ka/rsz-la-brasserie-f1.jpg,https://maps.app.goo.gl/KGfhRdQKGDRP1VXx5,10.764203460760719,106.68293302019161,4.3,"235 Nguyen Van Cu Street, Nguyen Cu Trinh Ward, District 1, Ho Chi Minh City, Vietnam","La Brasserie Restaurant is a luxurious main dining venue, often located within major international hotels (like Hotel Nikko Saigon), renowned for its upscale French and international buffet concept. The restaurant attracts diners with its sumptuous dinner buffet, particularly the specialized seafood nights featuring fresh Lobster, Crab, and Oysters prepared in various styles. La Brasserie's ambiance reflects a classic European architectural style, with sophisticated interiors that create a warm, elegant atmosphere. This is the perfect venue for anniversaries, important corporate entertainment, or for anyone seeking a five-star culinary experience defined by supreme variety and quality.","Luxury buffet spot in Hotel Nikko, renowned for its unlimited lobster, crab, and oyster selection.","#food, #indoor, #luxury, #modern, #evening, #long_time, #rain, #cloudy, #few_hours, #dating"
143,Hoang Yen Vietnamese Cuisine,Mon - Sun: 10:00 - 22:00,https://dynamic-media-cdn.tripadvisor.com/media/photo-o/2b/90/4c/ec/caption.jpg?w=1200&h=1200&s=1,https://maps.app.goo.gl/8Yb33zPT9mkVxiDf7,10.785073965174215,106.69599139322325,4.2,"148 Hai Ba Trung Street, Da Kao Ward, District 1, Ho Chi Minh City, Vietnam","Hoang Yen Vietnamese Cuisine is a prestigious and well-known restaurant chain, famous for serving the refined, traditional dishes and culinary essence of all three regions of Vietnam (North, Central, and South). The restaurant is favored for its extensive and diverse menu, ranging from familiar appetizers like salads and spring rolls to savory hotpots and seafood dishes, all prepared with rich, authentic flavors. Hoang Yen consistently focuses on fresh, high-quality ingredients and professional service. The dining space is designed to be elegant, cozy, and sophisticated, creating a comfortable atmosphere, making it ideal for family gatherings, business entertaining, or enjoying premium Vietnamese cuisine with friends.",Prestigious chain offering a sophisticated menu of traditional dishes from across Vietnam.,"#food, #indoor, #traditional, #elegant, #cozy, #evening, #long_time, #rain, #cloudy, #moment, #dating"
144,Gyu Shige Nguu Phon,Mon - Sun: 10:30 - 22:00,https://pasgo.vn/Upload/anh-chi-tiet/nha-hang-gyu-shige-nguu-phon-ton-that-thiep-9-normal-472437229497.webp,https://maps.app.goo.gl/BFBP4KbstRUcYyce9,10.776644532047936,106.70472350671395,4.7,"48 Dong Du Street, Ben Nghe Ward, District 1, Ho Chi Minh City, Vietnam","Gyu Shige Nguu Phon is a popular restaurant chain specializing in authentic Japanese Yakiniku (Grilled Meat). The eatery attracts diners by focusing on high-quality imported beef (such as Wagyu and Harami), which is thinly sliced and lightly marinated using traditional Japanese recipes. Guests can choose from an A la carte menu or their value-for-money grill Buffet packages. The experience of grilling meat over a charcoal brazier at the table, combined with exclusive dipping sauces and a cozy, Japanese-themed atmosphere, makes Gyu Shige an ideal spot for family and friends who appreciate Japanese culinary culture.",Authentic Japanese Yakiniku restaurant focusing on premium grilled beef and traditional marinades.,"#food, #indoor, #modern, #minimalist, #cozy, #evening, #long_time, #rain, #cloudy, #few_hours"
145,Mandarine Restaurant,"Mon - Sun: 11:30 - 14:00, 17:30 - 22:00",https://dynamic-media-cdn.tripadvisor.com/media/photo-o/0b/8d/82/57/mandarine-restaurant.jpg?w=900&h=500&s=1,https://maps.app.goo.gl/ekFVgb4mt4FsJqfF6,10.781283249712104,106.7060793643818,4.4,"11A Ngo Van Nam Street, Ben Nghe Ward, District 1, Ho Chi Minh City, Vietnam","Mandarine Restaurant is one of Saigon's oldest and most prestigious dining establishments, famous for serving refined traditional Vietnamese and royal cuisine with great sophistication. The restaurant is set within a classic Indochine architectural building, creating a nostalgic, luxurious, and elegant atmosphere. Mandarine attracts diners through its focus on high-quality ingredients, meticulous preparation, and artistic food presentation. The venue has historically been a favored location for hosting diplomats and high-profile figures. Mandarine is the perfect choice for anyone seeking to experience the best of Vietnamese gastronomy in a distinguished and highly refined setting.",Prestigious fine dining establishment serving exquisite royal Vietnamese cuisine in a classic setting.,"#food, #indoor, #luxury, #vintage, #romantic, #traditional, #evening, #long_time, #rain, #cloudy, #few_hours, #dating"
146,"Wrap&Roll MPlaza, District 1",Mon - Sun: 10:00 - 21:00,https://cdn.pastaxi-manager.onepas.vn/content/uploads/articles/huyen/wraproll/nha-hang-wrap-and-roll-cao-thang-16.jpg,https://maps.app.goo.gl/jJYpT9Ca5Kbk78Xa6,10.781547867888479,106.70060756438116,4.8,"39 Le Duan Street, Ben Nghe Ward, District 1, Ho Chi Minh City, Vietnam","Wrap&Roll MPlaza, District 1 is a well-known Vietnamese restaurant chain specializing in fresh rolls and salads, offering light and healthy meal options. The branch at MPlaza (formerly Kumho Plaza) attracts diners due to its prime location and modern, comfortable setting. The menu is extensive, featuring over 40 varieties of rolls, ranging from traditional fresh spring rolls (goi cuon) to signature DIY rolls like Banh Xeo (Southern savory pancakes) and Bo Nuong La Lot (grilled beef in betel leaves). Wrap&Roll is favored for its authentic flavors, fresh, clean ingredients, and quick service style, making it ideal for office lunches or anyone seeking fresh Vietnamese cuisine.","Modern restaurant chain specializing in fresh, healthy Vietnamese rolls and DIY rolling dishes.","#food, #indoor, #healthy, #minimalist, #modern, #evening, #few_hours, #rain, #cloudy, #moment"
147,Com Nieu Thien Ly - Ham Nghi,"Mon - Sun: 10:00 - 14:30, 16:00 - 21:00",https://dynamic-media-cdn.tripadvisor.com/media/photo-o/2d/49/fa/78/com-nieu-thien-ly-luon.jpg?w=900&h=500&s=1,https://maps.app.goo.gl/i32BnTfUB37UgMvY7,10.771389415522039,106.70258166437843,4.5,"116 Ham Nghi Street, Ben Nghe Ward, District 1, Ho Chi Minh City, Vietnam","Com Nieu Thien Ly - Ham Nghi is a restaurant specializing in traditional Vietnamese cuisine, most famous for its Com Nieu (rice cooked in a clay pot). The shop offers authentic, rich home-style flavors reminiscent of childhood memories. The highlight is the fragrant, soft clay pot rice with an appealing crispy crust, typically served with savory side dishes like Ca Loc Kho To (braised snakehead fish in a clay pot) or sour soup. Located on the central Ham Nghi Street, the restaurant attracts both office workers and tourists with its cozy, traditional setting, making it an ideal place to enjoy a quality, rustic Vietnamese meal.",Cozy spot famous for crispy clay pot rice served with savory traditional home-style sides.,"#food, #indoor, #traditional, #cozy, #evening, #few_hours, #rain, #cloudy, #dating"
148,O'livier Restaurant,Mon - Sun: 11:00 - 22:00,https://lh3.googleusercontent.com/places/ANXAkqETyS9zpnUjC2EdGYnntyRQE7icZzts1jzMdvmMb58ob0dn56PRUajX-IKfA_MQpBmRIP-kHWc7xKbsy_by-v7JO9lQ1KEBS_s=s1600-w1920,https://maps.app.goo.gl/mejL1rfouRkxp6318,10.783752053174338,106.70220952705569,4.5,"17 Le Duan Boulevard, Saigon Ward, Ho Chi Minh City, Vietnam","O'livier Restaurant is a renowned dining establishment specializing in upscale Classic French Cuisine in Saigon. The restaurant attracts diners by serving traditional French dishes such as Foie Gras, Souffle, and imported beef cuts, all meticulously prepared. O'livier is highly praised for its dedication to traditional cooking techniques and high-quality ingredients. The dining space is designed to be luxurious and romantic in a classic European style, featuring warm lighting and refined interiors. This is the perfect venue for important dinner parties, anniversary celebrations, or anyone looking to experience the elegance and sophistication of French gastronomy.",Renowned upscale French restaurant serving classic dishes like Foie Gras in a romantic setting.,"#food, #indoor, #luxury, #vintage, #romantic, #evening, #rain, #cloudy, #few_hours, #moment"
149,Lion City Cafe & Restaurant,"Mon - Thus: 11:00 - 23:00, Fri - Sun: 11:00 - 00:00",https://dynamic-media-cdn.tripadvisor.com/media/photo-o/16/a9/91/89/interior-2.jpg?w=800&h=500&s=1,https://maps.app.goo.gl/xb51NnpyYu6EHwSq8,10.772511214622503,106.69516113555828,4.1,"42 Le Anh Xuan Street, Ben Thanh Ward, District 1, Ho Chi Minh City, Vietnam","Lion City Cafe & Restaurant is a famous chain that brings the authentic flavors of Singaporean street food to Vietnam. The restaurant captivates diners by serving the signature dishes of the Lion City, most notably the rich and flavorful Chili Crab, considered a culinary icon of Singapore. Lion City also offers other beloved dishes like Bak Kut Teh (pork rib soup), Laksa (spicy coconut curry noodles), and Hainanese Chicken Rice. With its modern, clean environment and diverse menu, Lion City is an ideal spot to experience the variety and sophistication of Singapore's multi-cultural cuisine.",Famous chain bringing authentic Singaporean flavors like Chili Crab and Frog Porridge to Saigon.,"#food, #indoor, #modern, #evening, #few_hours, #rain, #cloudy, #dating"
150,Huy Ky Guest Family Hotpot 三星糖,Mon - Sun: 14:00 - 00:00,https://afamilycdn.com/150157425591193600/2024/6/17/batchdsc05905-17186221681921887282037.jpg,https://maps.app.goo.gl/c5xAr4RGMfZSy1xH7,10.753724777507797,106.651688585113,3.3,"1 Vo Truong Toan Street, Ward 12, District 5, Ho Chi Minh City, Vietnam","Huy Ky Guest Family Hotpot is a local-style eatery in District 5 known for its Chinese–Vietnamese hotpot dishes. With a casual outdoor setup and blue plastic tables, it offers an authentic neighborhood dining experience. Popular among locals for its flavorful broths and affordable prices, it’s a great spot for an informal dinner with friends or family","A casual local hotpot spot known for its Chinese–Vietnamese flavors and outdoor plastic-table setup. Affordable, flavorful, and perfect for an easy dinner with friends or family.","#food, #indoor, #traditional, #vibrant, #evening, #long_time, #windy, #rain, #few_hours, #dating"
151,Chi Mui Coffee,Mon - Sun: 05:00 - 17:00,https://lh3.googleusercontent.com/gps-cs-s/AG0ilSz2TCOlE0AQCR2cjxAIJZrSc3TI9G6AX-p1BuEWHy4ae3rJnUR9q3pPvqOSFn3WlXUq1WNroEcdni3zUj-17X6Gsl1BfJyJffn2_7jyT9wYw_MnEUm0MkuBkPe3PunMRCLhfG9n=w408-h544-k-no,https://maps.app.goo.gl/FUKNFcF4Tj1Pebh98,10.753791652195163,106.65087502722575,4.5,"74 Nguyen Thi Nho Street, Ward 12, District 5, Ho Chi Minh City, Vietnam","Chi Mui Coffee is a small, no-frills local café serving strong Vietnamese-style coffee. It’s a neighborhood favorite for a simple morning caffeine fix or a quick afternoon break. With its casual outdoor seating and friendly atmosphere, the café captures the charm of Saigon’s everyday street coffee culture.",A simple neighborhood café serving strong Vietnamese coffee. Its casual street-side seating makes it great for a quick morning or afternoon pick-me-up.,"#cafe, #drinks, #outdoor, #cheap, #chill, #morning, #moment, #sunny, #few_hours, #photo"
152,August Milk Tea,Mon - Sun: 00:00 - 00:00,https://lh3.googleusercontent.com/gps-cs-s/AG0ilSw7Qomn2DESmq5h9rGU0odBgrjE3hCPS_QrsDZxLwovWwAW31sAGeO-2uLYzrZyu_n3Hzzn1wW-ZGvMQgIlCTWOXdl_9e7rq80FNkN9q3bsSJGTQZqB3mXRQObTwAvirt4UWhRP=w408-h544-k-no,https://maps.app.goo.gl/un4QGb1FVpw7m46C7,10.754093360074686,106.65099517057112,5,"90 Nguyen Thi Nho Street, Ward 12, District 5, Ho Chi Minh City, Vietnam","August Milk Tea is a cozy local spot specializing in freshly made milk tea and refreshing toppings. Despite its modest size, the shop is known for its friendly service and rich, creamy drinks that appeal to students and nearby residents. It’s an ideal place to cool off and enjoy a sweet break on a sunny day.","A cozy milk-tea shop known for fresh drinks and friendly service. Ideal for students and locals looking for a sweet, refreshing break.","#drinks, #indoor, #cozy, #youthful, #few_hours, #sunny, #morning, #evening, #moment"
153,Hoa Viet67 – Crab Noodle Soup & Thick Noodle Soup,Mon - Sun: 00:00 - 00:00,https://lh3.googleusercontent.com/gps-cs-s/AG0ilSyvlFu0q01wd__zwnsbhGfQF9q9u-8YnUynyeOnmPQilrdNUPt2Jps_PZt6VoNiEG6tqI0YTGm_28kyPgMwA7F4cX-6IxQO8mg8oI5gQj4ajEjKfTtZUxAdt_5Y1UE1U-yXVbmZ=w408-h544-k-no,https://maps.app.goo.gl/msYHEF7S15h1eEBk9,10.754857892610357,106.65174765667793,5,"43 Vo Truong Toan Street, Ward 12, District 5, Ho Chi Minh City, Vietnam","Hoa Viet67 is a small local eatery serving delicious Vietnamese-style crab noodle soup (bún riêu) and thick noodles (bánh canh). Despite its simple setup, the dishes are flavorful and freshly prepared, attracting loyal customers who enjoy authentic home-cooked flavors. It’s a great spot for a comforting meal during lunch or dinner.","A small eatery serving tasty crab noodle soup and banh canh. Simple but flavorful, it’s a comforting spot for lunch or dinner.","#food, #indoor, #traditional, #cozy, #evening, #moment, #cloudy, #few_hours, #rain"
154,Y Long Hien Restaurant,Mon - Sun: 00:00 - 00:00,https://lh3.googleusercontent.com/gps-cs-s/AG0ilSz9F-c-vvqK-WMXegAV_5CCvmzop9jbNC9Raz8RUsS8UUzF89_Jk6bShW7C_bpmQrvZKq1BnPpb_doVKIG7wzH7W1vaLfWq9k3qDLRFHHV310F6uqsGYpJrwK7M73z2oa6d6VOnILh8nVK7=w408-h307-k-no,https://maps.app.goo.gl/KHjB9AfHBqRTy2uT9,10.75515656784216,106.65105802447178,4,"140 Nguyen Thi Nho Street, Ward 12, District 5, Ho Chi Minh City, Vietnam","Y Long Hien is a Chinese-Vietnamese restaurant known for its flavorful noodle soups, stir-fried dishes, and signature dumplings. The bright, casual setup makes it a great spot for family meals or late-night dining. It offers an authentic taste of Chinatown cuisine right in the heart of District 5.","A Chinese–Vietnamese restaurant offering noodle soups, stir-fries, and dumplings. Bright and casual, it’s a reliable spot for family meals or late-night dining.","#food, #indoor, #traditional, #culture, #evening, #late_night, #few_hours, #rain, #moment, #dating"
155,Hami Juice Bar,Mon - Sun: 08:30 - 23:30,https://lh3.googleusercontent.com/gps-cs-s/AG0ilSxf2VmhEX02xHbBTc9tdaTBKd7_ZC1H2bHacwRqQkydmQ-QkWGWui2kfbzA1BxgBypZuvpkUGoGdcmx-y3wm-AcGf2RfBkkRjG2QPuMKIWX3YFJzKHghU1VU7UlaSql3e-Ro4phw20pivTG=w408-h306-k-no,https://maps.app.goo.gl/LLyruM29qNmNF3XDA,10.755046809191516,106.6510426055543,5,"134 Nguyen Thi Nho Street, Ward 12, District 5, Ho Chi Minh City, Vietnam","Hami Juice Bar is a cozy local spot offering freshly pressed fruit juices, smoothies, and tropical drinks at affordable prices. It’s a favorite stop among locals for a refreshing, healthy treat—especially on sunny afternoons. Simple seating and friendly service create a welcoming street-side charm.","A cozy juice bar with fresh fruit drinks and smoothies at good prices. A popular stop for a refreshing, healthy treat on sunny days.","#drinks, #takeaway, #cheap, #cozy, #moment, #sunny, #few_hours, #indoor, #rain, #bar"
156,Co Chin Broken Rice Restaurant,Mon - Sun: 00:00 - 00:00,https://cdn.tasteatlas.com/images/dishes/bd4aea842dba436583ba436a4f77e401.jpg?mw=1300,https://maps.app.goo.gl/zMnLy2HvS6gdpTT38,10.754847461494347,106.6510220093492,3.6,"124 Nguyen Thi Nho Street, Ward 12, District 5, Ho Chi Minh City, Vietnam","Co Chin Broken Rice Restaurant is a humble local eatery serving traditional Vietnamese “cơm tấm” — broken rice with grilled pork, egg, and pickled vegetables. It’s a casual spot popular among nearby workers and students looking for a quick, affordable meal with familiar homemade flavors.","A humble spot serving classic cơm tấm with grilled pork, egg, and pickles. Popular with workers and students looking for a quick, affordable meal.","#food, #streetfood, #cheap, #traditional, #evening, #moment, #sunny, #outdoor"
157,Catch U,Mon - Sun: 10:00 - 23:30,https://lh3.googleusercontent.com/p/AF1QipNw-GJXk2xASodaHHP7BIW11qog94_eIBqQNE8q=w408-h306-k-no,https://maps.app.goo.gl/JDPjNYXW3fQ4k1Up8,10.755354375406332,106.65108647986601,4.7,"144 Nguyen Thi Nho Street, Ward 12, District 5, Ho Chi Minh City, Vietnam","Catch U is a vibrant amusement arcade filled with colorful claw machines and fun mini-games. It’s a popular hangout spot for young people looking to relax, play, and win cute prizes. The neon-lit space and cheerful atmosphere make it an ideal place for casual fun with friends or date nights.","A lively arcade filled with claw machines and mini-games. Fun, colorful, and perfect for casual hangouts or date nights.","#entertainment, #indoor, #youthful, #vibrant, #evening, #few_hours, #rain, #cloudy, #moment, #long_time"
158,Tan Hue Vien Pia Cake Store, Mon - Sun: 07:30 - 17:00,https://lh3.googleusercontent.com/gps-cs-s/AG0ilSyTwSJEGwzquBgrY8cyGHXnsnp8DXfa97jWhsHJ_AFGiKUduc9WNcP1aycEVYx7p55jJCvut9HYwhvd1Q0hIahlRSMHvaf6DIH-DLn10ezln5ry_mnbt_NSIPrhXiwqKJ6ufm2j=w408-h544-k-no,https://maps.app.goo.gl/R7nQZwME69kJmgwx7,10.754690880110841,106.65099368303942,4.3,"116C Nguyen Thi Nho Street, Ward 12, District 5, Ho Chi Minh City, Vietnam","Tan Hue Vien Pia Cake Store is a specialty shop offering the famous bánh pía—a traditional Vietnamese pastry filled with mung bean, durian, and salted egg yolk. This small local store is perfect for those looking to buy authentic Southern sweets as gifts or enjoy a nostalgic local treat.","A specialty shop selling traditional bánh pía with mung bean, durian, and salted egg. Great for picking up authentic local sweets or gifts.","#food, #shopping, #takeaway, #traditional, #morning, #moment, #sunny, #evening, #rain"
159,Co Chin,Mon - Sun: 07:00 - 22:00,https://lh3.googleusercontent.com/gps-cs-s/AG0ilSy0XZsuAZ0HvOrcO9j2mlKE-R2QxGo-PLIcHdvoGfMhZB6m_RLIHxaIbGKwEgmurFJXa00lHAfTuSGsomL4S4WE_-4Qzfq1NCys4ulZ9ivYJbNt3JWweQ9WcK4xnaeszv3mqTy0GQ=w408-h306-k-no,https://maps.app.goo.gl/m6DEUg3hnMFJGdoa6,10.755659350303572,106.65115551404512,3.6,"146 Nguyen Thi Nho Street, Ward 12, District 5, Ho Chi Minh City, Vietnam","Co Chin Vietnamese Restaurant offers familiar local dishes in a casual and cozy setting. Although modest in size, it serves comforting Vietnamese meals that highlight home-style flavors — perfect for a quick lunch or dinner stop in District 5.","A small eatery serving familiar Vietnamese home-style dishes. Cozy, simple, and ideal for a quick, comforting meal.","#food, #indoor, #traditional, #cozy, #evening, #moment, #rain, #few_hours"
160,Crane Tea Nguyen Thi Nho,Mon - Sun: 00:00 - 23:59,https://lh3.googleusercontent.com/gps-cs-s/AG0ilSydEbdTancv8XxxMUVRq9C5HADlZBU4bbyGG8NVbrYzHb80006NScrtzGnPp5WFPt4z5nJq3ku8fI5ZHLDQ-9edSme7YY063q38smqP-38YJNMT2XSrDprsnFrvtgiWxUBLRykz=w408-h543-k-no,https://maps.app.goo.gl/Y5fj96CvUYQRsBUGA,10.756221217781942,106.65123355626368,4.2,"196 Nguyen Thi Nho Street, Ward 12, District 5, Ho Chi Minh City, Vietnam","Crane Tea Nguyen Thi Nho is a cozy bubble tea shop with a cute and minimalistic vibe. It’s a friendly spot for students and young people to enjoy milk tea, fruit tea, and light snacks while chatting or studying. The drinks are reasonably priced and served with care.","A cozy, minimal bubble-tea spot popular with students for milk tea, fruit tea, and light snacks. Affordable drinks and a friendly atmosphere make it great for studying or chatting.","#drinks, #study, #indoor, #minimalist, #cozy, #evening, #few_hours, #sunny, #dating, #moment, #rain"
161,Oai Ky Eatery – Tan Thanh Q5 (威记),Mon - Sun: 16:00 - 23:00,https://lh3.googleusercontent.com/p/AF1QipOmsS5CDhPAm6afDoSfX4UA2w-9WNVh2TmkhQI=w408-h408-k-no,https://maps.app.goo.gl/9hELMC3DCvJwybHTA,10.755502833750166,106.65196996395794,3.8,"228/71 Tan Thanh Street, Ward 12, District 5, Ho Chi Minh City, Vietnam","Oai Ky Eatery is a small local restaurant known for its traditional Chinese–Vietnamese dishes like roasted meats, fried rice, and flavorful soups. Located near the Tan Thanh motorcycle parts market, the place attracts local workers and food lovers looking for an authentic, hearty meal at a fair price.","A small restaurant serving classic Chinese–Vietnamese dishes like roasted meats, fried rice, and soups. Loved by local workers for hearty flavors and fair prices.","#food, #indoor, #traditional, #culture, #evening, #moment, #rain, #few_hours"
162,Tin Du Teochew Rice Restaurant,Mon - Sun: 16:00 - 20:30,https://lh3.googleusercontent.com/gps-cs-s/AG0ilSzx_TFRPojBU-5H2dw3bFdt-hbbUCQ4i290-X0sweLD0pmkJFjd4gqhbqkEAG8zVkUoNLXwKki8CynlDooGPCXsTz0RG1P6uREW-x0hr88fhsi8gv8nC9M1bl_Ql1PNjITv_hDcWf-pLA4=w408-h306-k-no,https://maps.app.goo.gl/LhwvCDnXCpBrmrgv6,10.755289367760634,106.65177657397653,4.1,"243 Tan Thanh Street, Ward 12, District 5, Ho Chi Minh City, Vietnam","Tin Du Teochew Rice Restaurant is a long-standing Chinese–Vietnamese eatery offering classic Teochew-style rice dishes. Famous for its roasted meats, stewed duck, and savory sauces, this spot is a favorite among locals seeking authentic Chaozhou flavors at a reasonable price. The open-air setting adds to the casual charm of a true Saigon dining experience.","A long-standing eatery known for Teochew-style roasted meats, stewed duck, and savory sauces. Its open-air setting adds to the casual, authentic dining experience.","#food, #outdoor, #traditional, #culture, #streetfood, #evening, #few_hours, #windy, #rain, #moment"
163,Milk Tea – Fruit Tea – Juice – Kumquat Tea Cart,Mon - Sun: 16:00 - 23:00,https://lh3.googleusercontent.com/gps-cs-s/AG0ilSwp7ksBCuDxa1FMZPNfWk8zuY9qmkY4NXpaSh37aknDDHY0iq-eAzPJZZs7vVaa-OAwBZw0n0ldiFT5A7PZpHtP3SyJdbFhO2xZUO-2y0dbS-KmyQPbHI-pM4Dy1tUuyXasxNU=w408-h544-k-no,https://maps.app.goo.gl/HNoM8qtPvaZsbXor7,10.755355351763505,106.65205031123286,4.6,"233 Tan Thanh Street, Ward 12, District 5, Ho Chi Minh City, Vietnam","This small street drink cart on Tan Thanh Street offers a variety of refreshing beverages including milk tea, fruit tea, juices, and kumquat tea. It’s a simple yet lively spot popular with students and locals in the evening. The drinks are budget-friendly and perfect for a casual takeaway or a quick sit-down with friends.","A simple street-side cart offering milk tea, fruit tea, juices, and kumquat tea. Cheap, refreshing, and perfect for evening takeaways or quick hangouts.","#drinks, #takeaway, #cheap, #vibrant, #evening, #moment, #windy, #sunny"
164,Tran Snail Eatery,Mon - Sun: 12:00 - 20:00,https://lh3.googleusercontent.com/p/AF1QipMZspO4rTi57JSotL-Z3iSJfMPYXLCY4q4_vI15=w408-h245-k-no,https://maps.app.goo.gl/iknPB2Q2XXa9saPF8,10.75471541037319,106.65182383727063,4.4,"1A Vo Truong Toan Street, Ward 12, District 5, Ho Chi Minh City, Vietnam","Tran Snail Eatery is a beloved local seafood spot specializing in Vietnamese-style snail dishes. The menu includes a wide range of fresh snails, shellfish, and seafood cooked with flavorful sauces such as garlic butter, tamarind, or chili salt. It’s a bustling evening hangout for locals who enjoy casual street dining with cold drinks and friends.",A lively seafood spot specializing in Vietnamese-style snail and shellfish dishes with bold sauces. A bustling evening hangout for casual dining and cold drinks.,"#food, #drinks, #outdoor, #streetfood, #cheap, #vibrant, #evening, #late_night, #few_hours, #windy, #sunny"
165,Chi Phuong Snail Restaurant,Mon - Sun: 15:30 - 22:30,https://lh3.googleusercontent.com/gps-cs-s/AG0ilSzvFXx-TxEfla-g2V9UZUNpivCvAMFNP4BKgkPoj3pMaRkKLYKdTXkLsOZaVvg0CxBr-oLkrnxvJFijBiCCL0JrgjfsGQiNN5V8VH9hu_Eq_a_gnpPkHhEKG-AzqauAtL54XLK5DHtiQhzQ=w408-h544-k-no,https://maps.app.goo.gl/ktEhFk4Db2QebWoR8,10.753639309972106,106.65184893375418,4.5,"322 Hong Bang Street, Ward 12, District 5, Ho Chi Minh City, Vietnam","Chi Phuong Snail Restaurant is a cozy local seafood eatery known for its flavorful snail and shellfish dishes. Each plate bursts with Vietnamese-style sauces such as garlic butter, spicy tamarind, or green chili. The place offers a simple yet lively atmosphere, ideal for evening gatherings with friends over fresh seafood and cold drinks.","A cozy snail and seafood eatery known for flavorful sauces like garlic butter and tamarind. Simple, lively, and ideal for relaxed gatherings with friends.","#food, #drinks, #indoor, #cheap, #cozy, #evening, #few_hours, #rain, #moment"
166,Bup Sen park,Mon - Sun: 00:00 - 23:59,https://streetviewpixels-pa.googleapis.com/v1/thumbnail?panoid=7VB7lv0cKkEZcKjLpbeXXg&cb_client=search.gws-prod.gps&w=408&h=240&yaw=34.41798&pitch=0&thumbfov=100,https://maps.app.goo.gl/KiPKjJTiphaqH5mt5,10.753157186075471,106.65157669254168,5,"591 Nguyen Trai Street, Ward 14, District 5, Ho Chi Minh City, Vietnam","Lotus Bud Park is a small but peaceful green space in the heart of District 5. Locals come here to relax, exercise, or simply enjoy the shade under the trees. With benches, walking paths, and open areas, it’s a refreshing stop for a morning stroll or a quiet afternoon break away from the city’s bustle.","A small, peaceful park where locals relax, exercise, or enjoy the shade. Great for a morning stroll or a quiet break from the city.","#walking, #outdoor, #photo, #natural, #quiet, #chill, #morning, #sunset, #moment, #few_hours, #sunny, #windy, #cloudy"
167,Nhu Y Crispy Chicken Rice,Mon - Sun: 00:00 - 23:59,https://lh3.googleusercontent.com/gps-cs-s/AG0ilSzhuzMQhtTw-XjtytYn8BPLgrF-CDKUmOhLnORLHIOi_9s9rv-laSGPzCqHH0LbBR2VFHglxf_HIt9u3ENGEcSTmd_m5o2HlB4dse5ug12NIeBpOBONhO4Hp-gGejpwWHgdtes=w408-h544-k-no,https://maps.app.goo.gl/1crm8egb9yNzt3J68,10.753245079063488,106.65194736689763,5,"559 Hong Bang Street, Ward 14, District 5, Ho Chi Minh City, Vietnam","Nhu Y Crispy Chicken Rice is a humble local eatery serving flavorful Vietnamese-style fried chicken rice. The crispy golden chicken paired with fragrant rice, fresh vegetables, and tangy sauce makes it a comforting and satisfying meal. Popular among nearby workers and students, this small spot is known for quick service and affordable prices.","A humble spot serving crispy fried chicken with fragrant rice and fresh veggies. Quick, satisfying, and popular among students and workers.","#food, #indoor, #cheap, #traditional, #evening, #moment, #rain, #few_hours"
168,Babaru Milk Tea – Hong Bang,Mon - Sun: 10:00 -22:30,https://lh3.googleusercontent.com/p/AF1QipMJnrACXdghjDYo8z1xq-MZdzuvpn3fp3toPr0o=w408-h408-k-no,https://maps.app.goo.gl/CHWJahYwvLv6M59y6,10.753120347407421,106.6520864844106,4,"563 Hong Bang Street, Ward 14, District 5, Ho Chi Minh City, Vietnam","Babaru Milk Tea – Hong Bang is a small, cute tea shop known for its creamy milk teas and signature chocolate blends. The shop keeps a friendly neighborhood vibe, perfect for quick takeaways or a casual drink break. It’s a go-to spot for students and locals who enjoy sweet, refreshing beverages at a good price.",A cute neighborhood tea shop known for creamy milk teas and chocolate blends. Perfect for takeaways or a sweet drink break at a good price.,"#drinks, #indoor, #modern, #youthful, #cheap, #cozy, #evening, #moment, #few_hours, #sunny, #bar"
169,Anh Thu Nam Vang noodle soup,Mon - Sun: 06:00 - 13:30,https://lh3.googleusercontent.com/gps-cs-s/AG0ilSycmUbJlA1C8LUg6V_d421Or_cyrKdVwLOtN-ODQUQ8JeL5suwZ1I777jEv9A0IKhqq4GXTkkuCCbtExstly7NRy8a9t2cDs2M3Epr7DWpZYEcLGT0MiPegJl0rbMkqrgdZ4mzV3w=w408-h544-k-no,https://maps.app.goo.gl/6KV8srrYbcyiNUPy6,10.752835045860655,106.65211865278171,4.5,"1029B Nguyen Trai Street, Ward 14, District 5, Ho Chi Minh City, Vietnam","Anh Thu Phnom Penh Noodle Soup is a cozy local eatery offering the classic Southern-style Hủ Tiếu Nam Vang. The flavorful broth, fresh toppings, and perfectly cooked noodles make it a favorite breakfast or brunch stop for locals. Guests enjoy its quick service, homemade taste, and affordable prices.","A cozy spot serving flavorful Hủ Tiếu Nam Vang with fresh toppings and a rich broth. A popular, affordable choice for breakfast or brunch.","#food, #indoor, #cheap, #traditional, #cozy, #morning, #moment, #rain, #few_hours"
170,Com 67 – Office Lunch Rice,Mon - Sun: 00:00 - 23:59,https://th.bing.com/th/id/R.7e306aeb99f9b8e352a197a51475bf9c?rik=aqz1QMtma0Ggkg&pid=ImgRaw&r=0,https://maps.app.goo.gl/g1HdUoSGQ9gXkKTDA,10.752856411321076,106.65203417970233,2.7,"1029 Nguyen Trai Street, Ward 14, District 5, Ho Chi Minh City, Vietnam","Com 67 is a simple local eatery serving affordable rice meals tailored for office workers. The menu features everyday Vietnamese home-cooked dishes like stir-fried vegetables, braised pork, and fried fish. It’s a no-frills spot ideal for a quick, budget-friendly lunch break.","A simple eatery serving affordable Vietnamese rice meals for office workers. It’s a no-frills spot perfect for a quick, budget-friendly lunch.","#food, #indoor, #cheap, #traditional, #moment, #rain, #evening, #few_hours"
171,Coffee P’89 (Take Away),Mon - Sun: 07:00 - 21:00,https://lh3.googleusercontent.com/p/AF1QipPHCx1spxqgnBRNlJ0ETIxDXqd9dsLPdgDv2Ff0=w408-h612-k-no,https://maps.app.goo.gl/5MJjSzvBYKS9NEdv7,10.752521305331683,106.65173847729773,5,"21 Xom Voi Street, Ward 14, District 5, Ho Chi Minh City, Vietnam","Coffee P’89 is a minimalist takeaway café specializing in quick, refreshing drinks like matcha lattes, cold brews, and milk coffee. Despite its small setup, the shop delivers excellent flavor and quality, making it a popular stop for locals who enjoy grab-and-go caffeine boosts.","A minimalist takeaway café offering refreshing drinks like matcha lattes, cold brews, and milk coffee. Small but high-quality, it’s a favorite for grab-and-go caffeine.","#cafe, #drinks, #takeaway, #minimalist, #modern, #cheap, #quiet, #morning, #moment, #sunny, #rain"
172,Bao Ngoc Eatery,Mon - Sun: 00:00 - 23:59,https://th.bing.com/th/id/R.60694a7ed48c8959a43c4db7b7b16543?rik=siChMSbSGIlkxQ&pid=ImgRaw&r=0,https://maps.app.goo.gl/2WiXi3Qb2GQJePRL6,10.752180480990093,106.65197865574554,3.5,"61 Tran Chanh Chieu Street, Ward 14, District 5, Ho Chi Minh City, Vietnam","Bao Ngoc Eatery is a humble local spot serving homemade Vietnamese dishes at affordable prices. Though small, the eatery is praised for its cozy atmosphere and fresh, flavorful meals — perfect for nearby residents looking for a comforting lunch or dinner.","A humble spot known for fresh, homemade Vietnamese dishes at good prices. Cozy and flavorful, it’s ideal for a comforting lunch or dinner.","#food, #indoor, #streetfood, #cheap, #traditional, #cozy, #evening, #moment, #few_hours, #rain"
173,Quan Com Binh Dan District 5,Mon - Sun: 00:00 - 23:59,https://lh3.googleusercontent.com/gps-cs-s/AG0ilSxV3-tnSDPt9AVYFiImYNPk4efmTKFByJ2FKhr_Cr9ZYN8jmViVCjq3T4Cady3RcNqjro10whurcFhO8_cPaqKHRHDbFuvZOgTmxaE_0m9Cyy8fPNfRFgaSu3NADPZ6MTAUYWtS=w408-h306-k-no,https://maps.app.goo.gl/ot53ik47YXmX6nHCA,10.751534591359645,106.65150987307057,3.7,"93 Trang Tu Street, Ward 14, District 5, Ho Chi Minh City, Vietnam","Quan Com Binh Dan District 5 is a casual Vietnamese rice restaurant offering affordable home-style meals. Customers can enjoy a variety of daily dishes — from braised pork to stir-fried vegetables — served in a simple, friendly setting. Ideal for quick and satisfying lunches.","A casual rice restaurant offering affordable home-style dishes. Great for quick, satisfying Vietnamese lunches in a simple setting.","#food, #indoor, #cheap, #traditional, #moment, #rain, #few_hours"
174,The Grinders – Coffee Shop,Mon - Sun: 06:00 - 22:00,https://lh3.googleusercontent.com/gps-cs-s/AG0ilSz3m0nXJHUdPmPNNMUyD1JyZBjwSwAFECqG3l4DX_RgnlpN-TIkPZKqKKf4J4Qt9G8bdvqWJ0BTquIP6lC71F5w1Y80mc8zHnX3fhSEgrCHdM4paz1P24MYyQBAqKlPhp-x8Q8w=w408-h306-k-no,https://maps.app.goo.gl/f2CboUQC4uhe7CDa6,10.752359962118918,106.6527206101062,5,"9 Phu Giao Street, Ward 14, District 5, Ho Chi Minh City, Vietnam","The Grinders Coffee Shop is a cozy and modern spot tucked away in District 5, known for its freshly ground coffee and chill ambiance. With its minimalist décor and friendly baristas, it’s a perfect place to relax, work, or have a quiet chat over a cup of aromatic Vietnamese coffee.","A modern, cozy café known for freshly ground coffee and a chill vibe. Minimal decor and friendly baristas make it perfect for relaxing or working.","#cafe, #drinks, #study, #indoor, #minimalist, #modern, #cozy, #quiet, #morning, #few_hours, #rain, #moment"
175,Three Brothers Sesame Donuts,Mon - Sun: 05:30 - 12:00,https://lh3.googleusercontent.com/p/AF1QipOBGWzZBx9TpabMfeUezqXuMRqO7w1bMd6PalHI=w408-h306-k-no,https://maps.app.goo.gl/UyxrdiH64UUHmX2S6,10.752050314432468,106.65325962453637,5,"1A Tran Chanh Chieu Street, Ward 14, District 5, Ho Chi Minh City, Vietnam","“Three Brothers Sesame Donuts” is a small roadside bakery known for its crispy golden sesame buns. Despite its modest setup, the stall attracts many locals for its freshly fried, fragrant pastries with a classic, nostalgic flavor. Each piece is fried on the spot, making it a perfect quick breakfast or an afternoon snack. A familiar stop for anyone wandering around Tran Chanh Chieu Street.","A small roadside stall selling crispy, freshly fried sesame donuts. Nostalgic, fragrant, and perfect for a quick breakfast or snack.","#food, #takeaway, #cheap, #traditional, #morning, #moment, #sunny, #rain"
176,Thang Long Park,Mon - Sun: 00:00 - 23:59,https://media.laodong.vn/Storage/NewsPortal/2020/7/10/818643/7Ky.6.jpg,https://maps.app.goo.gl/mpW6StTxYFsYn6MH9,10.750856298498675,106.65388772246422,3.9,"Cuu Long Park, Thap Muoi Street, Ward 13, District 5, Ho Chi Minh City, Vietnam","Thang Long Park is a calm green space tucked within District 5, featuring the iconic dragon fountain in the middle. Locals often come here for morning walks, light exercise, or to relax in the shade. The park welcomes pets and offers a peaceful spot to take a break from the busy city streets. Best enjoyed on cool mornings or sunny afternoons.","A peaceful neighborhood park with a dragon fountain, perfect for walks and relaxing in the shade. Pet-friendly and refreshing for morning or afternoon breaks.","#walking, #outdoor, #natural, #quiet, #morning, #moment, #sunny, #few_hours"
177,Em Guot Eatery,Mon - Sun: 12:00 - 21:00,https://lh3.googleusercontent.com/p/AF1QipM2x5yYVB1EgjSTt1-n7d982oTmKGD-bZTaK4ls=w408-h510-k-no,https://maps.app.goo.gl/tj6apeujvMLKy656A,10.749881810107983,106.6538611298967,3.3,"128 Ngo Nhan Tinh Street, Ward 13, District 5, Ho Chi Minh City, Vietnam","Em Guot Quan is a casual eatery serving local comfort food like grilled chicken rice, fish balls, and noodles. With outdoor tables and a lively street atmosphere, it’s a great spot for a quick lunch or a casual dinner with friends. The food is simple, flavorful, and affordable — a true taste of everyday Saigon dining.","A casual spot serving grilled chicken rice, noodles, and street-style comfort food. Lively outdoor seating makes it great for quick lunches or casual dinners.","#food, #outdoor, #streetfood, #cheap, #vibrant, #evening, #moment, #windy, #few_hours"
178,Hu Tieu Chi Diem,Mon - Sun: 06:00 - 09:00,https://vietcuongthinh.vn/wp-content/uploads/2020/09/cach-nau-hu-tieu-xuong-thom-ngon-1.jpg,https://maps.app.goo.gl/63b8XutCMu7YFMZW8,10.74975268830102,106.65377127589346,4.2,"124B Ngo Nhan Tinh Street, Ward 13, District 5, Ho Chi Minh City, Vietnam","Hu Tieu Chi Diem is a humble local noodle shop known for its flavorful broth and generous toppings. With stainless steel tables and red plastic chairs, it captures the authentic Saigon breakfast vibe. Locals often drop by for a warm, comforting bowl before starting their day or during lunch hours. Simple, quick, and satisfying.",A humble noodle shop known for flavorful broth and generous toppings. A classic Saigon breakfast stop with simple seating and quick service.,"#food, #indoor, #traditional, #morning, #moment, #rain, #few_hours"
179,Bun Bo Thien Di,Mon - Sun: 06:30 - 17:30,https://lh3.googleusercontent.com/gps-cs-s/AG0ilSwBcbxf43Lgpea6SDIG7l63gPdtB09Fw50xv1HuMFoZ8DXcM7F_h1CkTWe3p2SxZAUL9ZKTqCGuAqBfs9j5blVO1JXcLyhm8yUqev_ds2bRt8Au5XL5nVsCUQGSrtb9FBM4VlX3=w408-h272-k-no,https://maps.app.goo.gl/CyALm3QoiR6nUc6x8,10.74971777270168,106.65378066362527,4.8,"124 Ngo Nhan Tinh Street, Ward 13, District 5, Ho Chi Minh City, Vietnam","Bun Bo Thien Di serves flavorful bowls of Central-style beef noodle soup — rich broth, tender beef, and a balance of spice and aroma. The place has a clean, straightforward setup with a cozy local feel, ideal for a quick yet hearty meal. Whether for breakfast or lunch, this spot captures the authentic taste of Vietnamese comfort food.","A local eatery serving rich, aromatic Central-style beef noodle soup. Clean, cozy, and ideal for a quick, hearty meal any time of day.","#food, #indoor, #traditional, #cozy, #morning, #moment, #rain, #few_hours"
180,Guan Di Temple,Mon - Sun: 09:00 - 17:00,https://lh3.googleusercontent.com/gps-cs-s/AG0ilSzN5zU8XKl4PbeIvNh93xCfwdHohXBle49ICp-tGuR_MEK9aBnW8w1QmclWEfDZyDAfXtnqFuXyVdBjEZ4QNDDYHZA_EscZx3hRKt0aedUZ9olZvNJ5Bo5h0etA_YbC1CaoHr4=w408-h306-k-no,https://maps.app.goo.gl/QetTDYoNzPUq7Jes9,10.749201098813804,106.6544191395852,4.3,"27 Phan Van Khoe Street, Ward 13, District 5, Ho Chi Minh City, Vietnam","Guan Di Temple, also known as Nghia Nhuan Assembly Hall, is a serene historical site dedicated to Guan Yu — a legendary symbol of loyalty and righteousness. The temple showcases intricate Chinese architecture, red-and-gold decorations, and an atmosphere filled with incense and quiet devotion. A peaceful stop for those exploring the cultural depth of Cho Lon.","A serene historic temple honoring Guan Yu, featuring ornate Chinese architecture and red-gold décor. A peaceful cultural stop for anyone exploring Cho Lon.","#culture, #photo, #indoor, #traditional, #quiet, #morning, #few_hours, #cloudy, #rain"
181,Hao Ky Restaurant,Mon - Sun: 00:00 - 23:59,https://lh3.googleusercontent.com/gps-cs-s/AG0ilSxC2rLuAtvvnhdPSkKs8nceyRwgKSBXR8yHqIxnm--OzLNkhBE7uQSYeY3dl3m_75D-2O7JkswbURlYIpdDYgmBAT3fp2Gxz47YaSH9U0olfJXLSkCQQWkJRQkYN4YPyu7rLzGu6Q=w408-h544-k-no,https://maps.app.goo.gl/q9PB3cNgX6AbrdKt7,10.747592186440796,106.65429896593615,5,"52 Ngo Nhan Tinh Street, Ward 1, District 5, Ho Chi Minh City, Vietnam","Hao Ky Family Restaurant is a local dining spot loved for its flavorful rice dishes and homestyle cooking. The meals are generous and freshly made, giving off that comforting “home kitchen” feeling. Perfect for a casual lunch or dinner when you crave something simple, warm, and authentically Saigonese.","A local favorite serving generous, home-style Vietnamese rice dishes. Warm, simple, and perfect for a comforting lunch or dinner.","#food, #indoor, #traditional, #cozy, #evening, #moment, #rain, #few_hours, #dating"
182,79 Gia Phu Eatery,Mon - Sun: 05:30 - 11:00,https://lh3.googleusercontent.com/gps-cs-s/AG0ilSxtTRZtrQrY1Dg-heQqLSfP-oTKwsPvda5zXWxUA9_lrrWHjNtqMHJX4kS3CL8AhHhnSelfflFF4hj6Nobm8_oUqCyMKhD7ViMnNIrqMLQF9RPozawdgoJ4pi5ReRy-6ifFmkA=w408-h295-k-no,https://maps.app.goo.gl/Ei7DG8bLyMwZkkbw5,10.747452523016362,106.65442502976167,4.1,"79 Gia Phu Street, Ward 13, District 5, Ho Chi Minh City, Vietnam","79 Gia Phu Bistro is a long-standing local eatery known for its flavorful noodle dishes and quick service. With simple plastic tables, a bustling morning crowd, and the aroma of freshly cooked broth, this spot captures the true spirit of Saigon’s street food culture. Great for breakfast or lunch if you’re looking for an authentic and affordable local meal.",A long-standing eatery known for flavorful noodles and a lively morning crowd. A true Saigon street-food spot for affordable breakfast or lunch.,"#food, #streetfood, #cheap, #traditional, #morning, #moment, #sunny, #few_hours"
183,Ong Gia Suong Sao,Mon - Sun: 09:00 - 17:00,https://lh3.googleusercontent.com/gps-cs-s/AG0ilSzzJqEBY5-Ix2PCqGfCHVz9hDgPWnIk6OOKf1iD4OhLFuFlVFOcxrOTng9hCFAx8j5BZIzZyTwp_3lXdftQ597qq6xTSkHqckIH6vK3VNGmdpmpgnWKgKAff3EqMfcBqpb31_Y=w408-h306-k-no,https://maps.app.goo.gl/RkEwySURqGm9tG6d9,10.747578452000798,106.65474260723832,4.5,"61 Gia Phu Street, Ward 13, District 5, Ho Chi Minh City, Vietnam","Ong Gia Suong Sao is a local favorite for traditional Vietnamese grass jelly desserts — cool, refreshing, and perfect for a sunny day. The spot keeps things simple with outdoor plastic tables, offering a nostalgic street-side experience.",A popular street spot for refreshing Vietnamese grass-jelly desserts. Simple outdoor seating gives it a nostalgic local charm.,"#food, #outdoor, #streetfood, #cheap, #moment, #sunny, #morning, #evening"
184,Suong Sao Di Ba,Mon - Sun: 09:00 - 18:00,https://lh3.googleusercontent.com/gps-cs-s/AG0ilSzQRzQuaObDnttkzhTkNh-9BHdekaq5J4jqL5oN0BFR7wKRLnb3Frikbyi_MYa9z9dQ-byU9KF559ZiBY7k8OyCea1Eu3Fe1dqWDshvsN6U7jGTyPDAw2dJKDjcY21rCUcBjLiZLg=w408-h306-k-no,https://maps.app.goo.gl/iV8hGE3E8C1VAboDA,10.747653554009052,106.65495450175429,4.5,"47 Gia Phu Street, Ward 13, District 5, Ho Chi Minh City, Vietnam","Suong Sao Di Ba is a charming local dessert spot known for its silky smooth grass jelly and fresh coconut milk. A perfect refreshment on hot Saigon afternoons, it attracts regulars who love the familiar taste of homemade desserts and the friendly auntie behind the counter.","A cozy dessert stall known for silky grass jelly and fresh coconut milk. A beloved stop for cool, homemade treats on hot afternoons.","#food, #outdoor, #traditional, #cozy, #moment, #sunny, #morning, #evening"
185,To Ky Traditional Satay Noodle,Mon - Sun: 06:00 - 22:30,https://toplist.vn/images/800px/hu-tieu-sa-te-gia-truyen-to-ky-935048.jpg,https://maps.app.goo.gl/RmJ8qiM1g9qUeinb6,10.747839991365929,106.6553702441528,4.3,"36 Go Cong Street, Ward 13, District 5, Ho Chi Minh City, Vietnam",To Ky is a long-standing Chinese-Vietnamese eatery famous for its traditional satay noodles. The aromatic broth and signature spicy peanut flavor bring in both locals and visitors who crave authentic flavors of Cholon’s food culture.,A famous Chinese-Vietnamese eatery serving aromatic satay noodles. Loved for its bold flavors and classic Cholon food culture.,"#food, #indoor, #traditional, #culture, #evening, #moment, #rain, #morning"
186,Hu Tieu Ho Mui Dia,Mon - Fri: 11:30 - 18:00; Sat- Sun: close,https://lh3.googleusercontent.com/gps-cs-s/AG0ilSzttbesQTB6BKzJ4SyvohOWgt7FbWAnMGqJNkHoifTQ0MO16DHodDvDSiXU-h9Roz5FOB4Bwosi0jgBHGUl_9FYnRFQBf_mBmsLRyoCW55962G3Ey0cWlY5oFgrPrXpvbXc2Sbi=w408-h353-k-no,https://maps.app.goo.gl/KQiG3grRKT6CYG5L9,10.748058615549946,106.65545000833852,4.5,"46 Go Cong Street, Ward 13, District 5, Ho Chi Minh City, Vietnam","Hu Tieu Ho Mui Dia is a long-standing noodle shop known for its signature thick noodles and flavorful broth. A true hidden gem in Cholon, this small eatery offers authentic local taste and a comforting atmosphere that feels like home.",A long-standing noodle shop known for thick noodles and flavorful broth. A small hidden gem offering authentic Cholon comfort food.,"#food, #indoor, #traditional, #morning, #moment, #rain, #few_hours"
187,Hu Tieu Mi Wonton,Mon - Thu & Sat: 06:00 - 11:30; Fri & Sun: 06:00 - 21:00,https://lh3.googleusercontent.com/gps-cs-s/AG0ilSwwKaxu-__CUJtJXH3fKtmfROgmkACXdpq2MEYGOjN8pbRw-UdhDEYwA-QEOIp6doRbFFX7DoMKmgMck-O8xNE1xrPnI45p1h-RjQmSAXDnzBjnVqO4km2IDtwHhpDcOP3GSyJH=w408-h510-k-no,https://maps.app.goo.gl/F5owGXgakV8MK4aA6,10.747886012894941,106.65540843410109,5,"33A Gia Phu Street, Ward 13, District 5, Ho Chi Minh City, Vietnam","Hu Tieu Mi Wonton 33A Gia Phu serves comforting bowls of wonton noodles in a clear, flavorful broth. A humble family-run spot tucked in Cholon, it’s loved for its handmade wontons, fresh noodles, and the simple warmth of a home-cooked meal.","A humble family-run spot serving clear-broth wonton noodles with handmade toppings. Cozy, simple, and deeply comforting.","#food, #indoor, #traditional, #cozy, #morning, #moment, #rain, #few_hours"
188,Ngu Phuc Bakery,Mon - Sun: 06:30 - 21:00,https://mms.img.susercontent.com/vn-#moment34513-7r98o-lsu88yyivzr864@resize_ss640x400!@crop_w640_h400_cT,https://maps.app.goo.gl/sxyw1PB7s7gUZUWc7,10.749694593172128,106.65475816683184,4,"103 Go Cong Street, Ward 13, District 5, Ho Chi Minh City, Vietnam","Ngu Phuc Bakery is a long-standing local bakery known for its traditional Vietnamese breads and pastries. The aroma of freshly baked loaves fills the street, making it a favorite quick-stop for breakfast or afternoon snacks.",A traditional bakery known for freshly baked Vietnamese breads and pastries. The warm aroma makes it a popular stop for breakfast or snacks.,"#food, #takeaway, #cheap, #traditional, #morning, #moment, #sunny, #rain"
189,3 Long Grilled & Salad,Mon - Sun: 17:00 - 22:00,https://th.bing.com/th/id/R.021b69628a56abf75bd356f88888d383?rik=oiDOF68MrLrbDQ&pid=ImgRaw&r=0,https://maps.app.goo.gl/9yL4ESDhMEtikUzh7,10.750484302388806,106.65456866711855,5,"295 Hai Thuong Lan Ong Street, Ward 13, District 5, Ho Chi Minh City, Vietnam","3 Long Grilled & Salad is a hidden local gem offering flavorful grilled chicken and Vietnamese-style salads. The sizzling sounds and street-side setup create a lively, authentic Saigon night vibe perfect for casual hangouts.",A hidden gem offering flavorful grilled chicken and Vietnamese salads. Street-side vibes and sizzling sounds make it perfect for casual nights out.,"#food, #outdoor, #vibrant, #evening, #few_hours, #windy"
190,Hokkien Noodles (Bun Mi Vang),Mon - Sun: 13:30 - 18:30,https://tse4.mm.bing.net/th/id/OIP.F4wiwWcaGt5QNa6k_AMIWQHaE8?cb=ucfimg2ucfimg=1&rs=1&pid=ImgDetMain&o=7&rm=3,https://maps.app.goo.gl/o3gSQM7577oAr5N16,10.750492588128724,106.6546607875725,4.5,"140 Go Cong Street, Ward 13, District 5, Ho Chi Minh City, Vietnam","Hokkien Noodles is a beloved Chinese-style noodle restaurant offering traditional yellow noodles served either dry or in broth. Known for its rich, savory flavors and homemade texture, it’s a cozy stop for anyone craving authentic Cholon comfort food.","A beloved shop serving classic Chinese-style yellow noodles, dry or in broth. Rich flavors and homemade textures make it a comforting Cholon staple.","#food, #indoor, #traditional, #cozy, #evening, #moment, #rain, #few_hours"
191,Cha Tam Church Mixed Rice Paper,Mon - Sun: 21:00 - 23:45,https://lh3.googleusercontent.com/gps-cs-s/AG0ilSwQCes6oT_zPQfBlfy-bpMVo6eE70c8kRzmfncErqf-9-FZVdpbiEJpPZ9nT5CjxkPkWO2yYViOwxkN23Bf7I-EJIDnjxzBY_EBNmeR21i_Zs0gVxdAaqoVQlCE8DnuCKauvxOQ=w408-h544-k-no,https://maps.app.goo.gl/Qn8XgbMv4RuH5Zx29,10.75181184979643,106.6543765621787,3.8,"21 Hoc Lac Street, Ward 14, District 5, Ho Chi Minh City, Vietnam","Located near the historic Cha Tam Church, this snack stall serves one of the area’s favorite street eats—Vietnamese mixed rice paper. With a tangy-spicy flavor and nostalgic charm, it’s a go-to spot for a quick local bite.","A small street stall serving tangy, spicy mixed rice paper near Cha Tam Church. A go-to spot for a quick, nostalgic street snack.","#food, #streetfood, #takeaway, #cheap, #moment, #sunny, #few_hours"
192,Pho Vu,Mon - Sun: 00:00 - 23:59,https://phos.vn/wp-content/uploads/2021/09/pho-ga-scaled.jpg,https://maps.app.goo.gl/rrm9KwY5hPRRDNqu7,10.751914619515137,106.65447043949679,4.9,"577 Tran Hung Dao Street, Ward 14, District 5, Ho Chi Minh City, Vietnam","Pho Vu is a Hanoi-style pho restaurant known for its authentic northern flavors. Serving clear broth, tender beef, and flat rice noodles, it’s a comforting spot for breakfast or lunch in the bustling District 5 area.",A Hanoi-style pho restaurant known for clear broth and tender beef. A reliable stop for a comforting northern-style meal in District 5.,"#food, #indoor, #traditional, #morning, #moment, #rain, #few_hours, #sunny"
193,St. Francis Xavier Church,"Mon - Sun: 07:00 - 12:00, 14;00 - 18:00, 19:00 - 21:00",https://tse3.mm.bing.net/th/id/OIP.dEQ1QzKknqB5yjzC3QLK0QAAAA?cb=ucfimg2ucfimg=1&rs=1&pid=ImgDetMain&o=7&rm=3,https://maps.app.goo.gl/REva17vsCSz9KWqs6,10.751969957045564,106.65433767014777,4.6,"25 Hoc Lac Street, Ward 14, District 5, Ho Chi Minh City, Vietnam","Built in the early 1900s, St. Francis Xavier Church—commonly known as Cha Tam Church—beautifully blends Gothic architecture with Chinese decorative influences. It’s a peaceful place for reflection and a must-visit landmark in Cholon.","A historic early-1900s church blending Gothic architecture with Chinese elements. Peaceful, atmospheric, and a must-visit in Cholon.","#culture, #photo, #indoor, #quiet, #morning, #few_hours, #sunny, #visit, #moment"
194,Ma Hai Fish Cake Banh Mi,Mon - Sun: 06:00 - 10:00; Sun: close,https://lh3.googleusercontent.com/gps-cs-s/AG0ilSyrmzLUlIk9_ON2BBxvbW9EhWfDAAgsO9nQlJzhbJfOLSdTDzA4kdAvWJRB126bObAHIKN07Sx84_ZzwP0Sd3mUilRUhU-smxM8hRP8KeNI0IEKUOeNrfy_r7Q32n4Un6-Fzjg=w442-h240-k-no,https://maps.app.goo.gl/w74UWohQiyFmbLKG8,10.751904079035322,106.65478157574329,4.3,"559B Tran Hung Dao Street, Ward 14, District 5, Ho Chi Minh City, Vietnam","A local favorite for quick breakfast or afternoon snacks, this small stall offers crunchy baguettes filled with freshly fried fish cakes, pickled veggies, and chili sauce. Simple yet deeply flavorful, it captures the true taste of Saigon street food.","A small stall offering crispy baguettes filled with fresh fried fish cakes and pickles. Simple, crunchy, and full of classic Saigon flavor.","#food, #streetfood, #takeaway, #cheap, #morning, #moment, #sunny, #rain"
195,Lam Gia Restaurant 林家,"Mon - Sun: 06:30 - 12:00, 16:00 - 22:00",https://amthucvietnam365.vn/wp-content/uploads/2021/06/lau-uyen-uong2.jpg,https://maps.app.goo.gl/nUsCDGgbiEm5aokd6,10.752230832123782,106.65431286686368,4.5,"25A Hoc Lac Street, Ward 14, District 5, Ho Chi Minh City, Vietnam","Lam Gia is a stylish Cantonese-style eatery offering handmade noodles, dumplings, and roast meats. The interior is bright and neat with traditional Chinese décor touches, making it perfect for a cozy lunch or casual dinner.","A stylish Cantonese eatery serving handmade noodles, dumplings, and roast meats. Bright décor and cozy ambiance make it great for lunch or dinner.","#food, #indoor, #cozy, #evening, #few_hours, #rain, #moment"
196,Hoc Lac Dimsum,"Mon - Sun: 06:00 - 12:00, 15:00 - 21:00",https://4.bp.blogspot.com/-zcTtYzHRy4k/WhzLAx8QzXI/AAAAAAAAACQ/TP49YieMwk41ppSiT5Vnmzp-hH7038DOwCLcBGAs/s1600/dimsum5.jpg,https://maps.app.goo.gl/EfxmtspCHLHxTyco6,10.752272026014655,106.65449101351129,4.2,"38B Hoc Lac Street, Ward 14, District 5, Ho Chi Minh City, Vietnam","A long-standing dim sum spot in Chinatown, famous for its steaming baskets of dumplings, siu mai, and buns served in a casual local setting. The authentic Cantonese flavors and affordable prices make it a favorite among locals and foodies alike.",A long-running dim sum place known for steamed baskets of dumplings and buns. Authentic Cantonese flavors at affordable local prices.,"#food, #indoor, #cheap, #morning, #few_hours, #rain, #moment"
197,Dimsum 22 Express Vietnam,Mon - Sun: 07:00 - 22:00,https://tse1.mm.bing.net/th/id/OIP.8takKQPRnU0i0QbtfOqnGwHaFj?cb=ucfimg2ucfimg=1&rs=1&pid=ImgDetMain&o=7&rm=3,https://maps.app.goo.gl/uJuTZocXivc5noBQ7,10.75271374060354,106.65458129543686,4.7,"965 Nguyen Trai Street, Ward 14, District 5, Ho Chi Minh City, Vietnam","A modern Chinese restaurant serving Hong Kong-style dim sum with a Vietnamese twist. Clean interior, warm yellow lights, and a wide range of steamed and fried dishes — perfect for casual gatherings or family meals.","A clean, warm-lit restaurant serving Hong Kong–style dim sum with a local twist. Perfect for casual gatherings or family meals.","#food, #indoor, #modern, #culture, #few_hours, #rain, #moment, #morning, #evening"
198,steamed rice rolls.,Mon - Sun: 00:00 - 23:59,https://img.vietcetera.com/uploads/images/23-aug-2022/bc.jpeg,https://maps.app.goo.gl/KkkQLn1GC9jqu4Z37,10.752722892400051,106.65476460994867,3.3,"955 Nguyen Trai Street, Ward 14, District 5, Ho Chi Minh City, Vietnam",A simple Vietnamese breakfast spot serving freshly steamed rice rolls filled with minced pork and wood ear mushrooms. Small tables by the street make it a cozy and authentic local experience.,A simple street stall offering freshly steamed rice rolls with minced pork. Cozy street-side seating captures true local breakfast vibes.,"#food, #streetfood, #cheap, #traditional, #morning, #moment, #sunny, #few_hours"
199,Lai Ky Mi Gia,Mon - Sun: 00:00 - 23:59,https://img-global.cpcdn.com/recipes/e9ad484e476f547c/680x482cq70/h%E1%BB%A7-ti%E1%BA%BFu-mi-recipe-main-photo.jpg,https://maps.app.goo.gl/bGAEec2mfpMXcS8d7,10.752914534613586,106.65415857225013,4.9,"936 Nguyen Trai Street, Ward 14, District 5, Ho Chi Minh City, Vietnam","An authentic Chinese noodle shop serving egg noodles with char siu, wonton, and roasted duck. Small, bustling space filled with the aroma of broth and wok-fried dishes — a true Chinatown gem.","An authentic spot serving egg noodles with char siu, wontons, and roasted duck. Small, bustling, and full of classic Chinatown aromas.","#food, #indoor, #culture, #cozy, #evening, #moment, #rain, #few_hours"
200,NAMO Modern Italian & Grill,Mon - Sun: 00:00 - 23:59,"https://static.wixstatic.com/media/d95732_966abe5078294103aca8072a88f67f67~mv2.jpg/v1/fill/w_320,h_180,al_c,q_80,usm_0.66_1.00_0.01,enc_avif,quality_auto/d95732_966abe5078294103aca8072a88f67f67~mv2.jpg",https://maps.app.goo.gl/LX5iYKhBnQmh9Aud7,10.774571893867032,106.7005989796268,4.8,"34 Le Loi Street, Ben Nghe Ward, District 1, Ho Chi Minh City, Vietnam","NAMO Modern Italian & Grill is an upscale Italian restaurant highly regarded for bringing authentic Neapolitan (Italian) culinary style to Saigon. NAMO is famous for its traditional Neapolitan Pizza, baked in a specialized, high-temperature wood-fired oven, resulting in a thin, soft crust with signature charred edges. In addition to pizza, the restaurant offers an extensive Grill menu featuring high-quality meats and seafood cooked to perfection. NAMO's dining space is designed to be elegant and modern, featuring an open kitchen that allows guests to observe the preparation process. This is an ideal choice for those seeking to enjoy sophisticated, authentic Italian cuisine in a premium setting.","An upscale Italian restaurant known for authentic Neapolitan pizza baked in a high-heat wood-fired oven. Elegant and modern, it’s a premium spot for refined Italian cuisine and quality grilled dishes.","#food, #indoor, #luxury, #modern, #romantic, #evening, #long_time, #rain, #few_hours, #dating"
201,The Monkey Gallery DINING,"Mon - Tue & Thu & Fri: 17:30 - 20:45; Sat & Sun: 11:30 - 13:30, 17:30 - 20:45; Wed: close",https://dynamic-media-cdn.tripadvisor.com/media/photo-o/2d/ed/bc/a8/restaurant-interior.jpg?w=900&h=500&s=1,https://maps.app.goo.gl/5cKVhi5V67beK3Mt7,10.774439758780858,106.70401119999998,4.5,"3rd Floor, 91 Mac Thi Buoi Street, Ben Nghe Ward, District 1, Ho Chi Minh City, Vietnam","The Monkey Gallery DINING is an upscale fine dining restaurant specializing in elevated Modern Vietnamese cuisine, located in central District 1. The venue attracts diners with its highly creative and artistic Tasting Menu experience, which frequently changes according to the seasons. The dishes subtly blend traditional Vietnamese flavors with advanced international techniques, resulting in unique and spectacular presentations. The atmosphere at The Monkey Gallery is designed to be luxurious, cozy, and distinctly artistic, lending itself well to intimate and romantic occasions. This is the perfect choice for special celebrations or for anyone seeking an unexpected and high-class culinary journey through Vietnamese flavors.","A fine-dining restaurant offering creative, artistic Modern Vietnamese tasting menus that change with the seasons. Luxurious and intimate, it’s perfect for special celebrations and high-end culinary experiences.","#food, #drinks, #photo, #dating, #few_hours, #long_time, #indoor, #evening, #sunset, #luxury, #elegant, #romantic, #unique, #pleasant, #cloudy, #rain"
202,Ton Duc Thang Museum,"Mon: close; Tue - Sun: 07:30 - 11:30, 13:00 - 17:00",https://static.vinwonders.com/production/2025/03/Ton-Duc-Thang-Museum-is-a-must-see-attraction-in-Ho-Chi-Minh-City.jpg,https://maps.app.goo.gl/bmJKic1XTL9ygQHF8,10.777157155121271,106.70677711275593,4.5,"5 Ton Duc Thang Street, Saigon Ward, District 1, Ho Chi Minh City, Vietnam","Ton Duc Thang Museum is a significant historical and cultural relic in Ho Chi Minh City, built to honor the life and revolutionary career of President Ton Duc Thang (1888–1980), the successor to President Ho Chi Minh. The museum exhibits numerous documents, photos, and valuable artifacts detailing his childhood, his revolutionary activities in France and Con Dao prison, and his later years as a state leader. The museum building is solemnly designed, offering visitors a place to gain deeper insight into one of Vietnam's great historical figures. It serves as an important educational site, helping younger generations understand his immense contributions to the nation.","A solemn museum honoring the life and revolutionary journey of President Ton Duc Thang. It offers valuable artifacts and historical insights, making it an important educational landmark.","#indoor, #culture, #moment, #few_hours, #morning, #quiet, #traditional, #unique, #cloudy, #sunny, #photo, #visit"
203,Mariamman Temple,Mon - Sun: 00:00 - 23:59,https://statics.vinpearl.com/Mariamman-hindu-temple-01_1676733452.jpg,https://maps.app.goo.gl/JD8pigzpDo1deH2r8,10.7725879157312,106.69565106431317,4.7,"45 Truong Dinh Street, Ben Thanh Ward, District 1, Ho Chi Minh City, Vietnam","Mariamman Temple is a highly significant and historic Hindu temple located right in central District 1. Built in the 19th century by the Indian (Tamil) community in Saigon, it is primarily dedicated to the Goddess Mariamman, revered as the protector from disease and the bringer of rain and fertility. The temple's architecture follows the distinctive South Indian (Dravidian) style, noted for its tall, richly carved, and colorful entrance tower (gopuram). Mariamman Temple is not only the spiritual heart of the Indian community but also a unique cultural and architectural landmark, attracting visitors who seek to admire its peaceful atmosphere and vibrant colors.","A vibrant 19th-century Hindu temple dedicated to the Goddess Mariamman, featuring colorful South Indian architecture. A peaceful and culturally rich landmark in the heart of District 1.","#culture, #photo, #moment, #few_hours, #outdoor, #morning, #sunny, #traditional, #unique, #pleasant, #cloudy, #visit"
204,Union Square Shopping Mall,Mon - Sun: 10:00 - 22:00,https://i2-prod.aberdeenlive.news/incoming/article8497122.ece/ALTERNATES/s1200b/1_Union-Square-Arrestjpeg.jpg,https://maps.app.goo.gl/9f9Y4978Q7sZ9E8TA,10.77641681516617,106.70178663356607,4,"171 Dong Khoi Street, Ben Nghe Ward, District 1, Ho Chi Minh City, Vietnam","Union Square Shopping Mall is a premium shopping center, situated in the most exclusive location in District 1, right at the intersection of Nguyen Hue and Dong Khoi Streets. It is renowned for its luxurious, modern architecture, making it a prime destination for shopping enthusiasts. Union Square houses numerous international luxury brands and famous high-end fashion and cosmetic labels. Beyond the retail areas, the mall also features high-quality dining and entertainment zones. Union Square is more than just a commercial center; it is a symbol of affluence and modern lifestyle, attracting both local residents and international tourists.","A luxury shopping center at the iconic Dong Khoi–Nguyen Hue intersection, home to high-end international brands. Sleek and modern, it’s a symbol of Saigon’s upscale lifestyle.","#shopping, #food, #drinks, #entertainment, #few_hours, #long_time, #indoor, #evening, #modern, #luxury, #vibrant, #youthful, #pleasant, #rain, #sunny, #cloudy"
205,Rex Hotel Saigon,Mon - Sun: 00:00 - 23:59,https://www.rexhotelsaigon.com/wp-content/uploads/sites/174/2017/08/DSC01288-1-FINISH.jpg,https://maps.app.goo.gl/m3aPobUXYGnRaMuEA,10.776108891013752,106.70130215083418,4.4,"141 Nguyen Hue Street, Ben Nghe Ward, District 1, Ho Chi Minh City, Vietnam","Rex Hotel Saigon is a legendary 5-star hotel situated in the most prime location in District 1, right at the intersection of Nguyen Hue and Le Loi Streets. The hotel is renowned not only for its luxury but also for its significant historical value (it hosted the US military's ""Five O'Clock Follies"" briefings during the Vietnam War). Rex's architecture is a harmonious blend of classical elegance and modern design. The most notable feature is the Rex Rooftop Bar, where guests can enjoy panoramic city views and cocktails in a nostalgic atmosphere. Rex is an icon of the opulence and history of Old Saigon.","A historic 5-star hotel blending classic elegance with modern comfort, renowned for its wartime heritage. The famous rooftop bar offers nostalgic city views and signature cocktails.","#drinks, #food, #dating, #photo, #few_hours, #long_time, #rooftop, #evening, #sunset, #luxury, #romantic, #vintage, #unique, #dramatic, #pleasant, #windy, #cloudy"
206,Bason Café,Mon - Sun: 07:00 - 22:00,https://cdn.silverlandhotels.com/wp-content/uploads/2023/12/27-3.png,https://maps.app.goo.gl/DvaDwA8yCDZqPmnb6,10.775166953784227,106.70523129312106,4.6,"6-8 Ho Huan Nghiep Street, District 1, Ho Chi Minh City, Vietnam","Bason Café is a prominent cafe/bistro located within the historic Ba Son Harbour area (now Vinhomes Golden River), offering a blend of modern architecture and cultural heritage. The shop attracts customers with its luxurious, sophisticated design, often utilizing glass and metal to maximize light and views. Bason Café is famous for its spacious, quiet setting, making it an ideal place to overlook the Saigon River and the green Ba Son Park. The menu is diverse, featuring traditional Vietnamese coffee, espresso drinks, and high-quality pastries. This is the perfect stop for office workers and tourists looking to experience a new, modern, and upscale corner of Saigon.","A stylish café in the Ba Son waterfront area, known for its bright, modern design and serene river views. A quiet, upscale spot for coffee, pastries, and relaxed work sessions.","#cafe, #drinks, #study, #photo, #snacks, #few_hours, #moment, #long_time, #outdoor, #indoor, #morning, #sunny, #natural, #modern, #elegant, #quiet, #chill, #pleasant, #cloudy"
207,Little HaNoi Egg Coffee (Le Lai),Tue - Wed: 07:00 - 21:30; Fri - Mon: 07:00 - 22:00,https://dynamic-media-cdn.tripadvisor.com/media/photo-o/18/9a/ab/18/interior.jpg?w=900&h=500&s=1,https://maps.app.goo.gl/TcGXwBECdoW8m8HBA,10.768875597856061,106.69009486425853,4.9,"212 Le Lai Street, Ben Thanh Ward, District 1, Ho Chi Minh City, Vietnam","Little HaNoi Egg Coffee is a specialized cafe that brings the authentic flavor of Hanoi's famous Egg Coffee (Ca Phe Trung) to Saigon. The shop attracts customers with its perfected recipe, which yields a creamy, rich egg foam that blends seamlessly with the mild bitterness of Vietnamese robusta coffee. The interior is designed in an old Hanoi style, cozy and nostalgic, often featuring antique decor and wooden furniture. Located in central District 1, Little HaNoi is the ideal place for tourists and locals alike to find a quiet retreat and savor the surprisingly delicious and creative traditional drink of Northern Vietnam.","A cozy café serving authentic Hanoi-style egg coffee with rich, creamy foam. Its nostalgic décor makes it a quiet retreat in downtown Saigon.","#cafe, #drinks, #photo, #snacks, #study, #moment, #few_hours, #long_time, #indoor, #morning, #vintage, #cozy, #quiet, #romantic, #traditional, #pleasant, #cloudy, #rain"
208,XLIII Specialty Coffee,Mon - Sun: 06:30 - 22:30,https://dynamic-media-cdn.tripadvisor.com/media/photo-o/2d/07/14/55/xliii-coffee-178a-pasteur.jpg?w=900&h=500&s=1,https://maps.app.goo.gl/TH5QLpQz5FGuwKbE6,10.778406830745526,106.69857566429303,4.9,"178A Pasteur Street, Ben Nghe Ward, District 1, Ho Chi Minh City, Vietnam","XLIII Specialty Coffee is a highly-rated cafe among Saigon's coffee connoisseurs, known for its unwavering commitment to high-quality Specialty Coffee beans. The shop focuses on single-origin beans and refined manual brewing methods like Pour-over (V60), emphasizing the purity of the coffee's flavor profile. XLIII's atmosphere is typically minimalist and modern yet remains cozy, often located within old buildings, which adds an element of discovery. XLIII is not just a place to drink coffee but an ideal space for those looking to learn more about the brewing art and enjoy meticulously prepared cups of coffee, rich in flavor.","A specialty café focused on single-origin beans and refined manual brews like V60. Minimalist and modern, it’s ideal for coffee enthusiasts seeking purity and craftsmanship.","#cafe, #drinks, #study, #photo, #snacks, #few_hours, #long_time, #moment, #indoor, #morning, #minimalist, #modern, #quiet, #chill, #unique, #pleasant, #cloudy"
209,Cong Coffee,Mon - Sun: 07:00 - 22:30,https://mia.vn/media/uploads/blog-du-lich/cong-ca-phe-01-1693876084.jpg,https://maps.app.goo.gl/QWeaaDg8nvAqvcWq8,10.778436768085207,106.70115174893999,4.4,"26/15 Ly Tu Trong Street, Ben Nghe Ward, District 1, Ho Chi Minh City, Vietnam","Cong Ca Phe is Vietnam's most iconic and popular coffee chain, famous for its unique nostalgic design aesthetic. The shops recreate the atmosphere of the subsidy period (thoi bao cap) of North Vietnam (1970s - 1980s) with vintage items, rustic wooden furniture, and military-style blankets. Cong is renowned for its signature drink, the rich and creamy Ca Phe Cot Dua (Coconut Coffee), alongside other traditional Vietnamese coffees and beverages. With its cozy, intimate, and deeply historical vibe, Cong Ca Phe is a must-visit spot to experience a slice of Old Vietnamese culture in a modern city setting.","Vietnam’s iconic nostalgic café chain inspired by 70s–80s Northern aesthetics. Famous for its creamy Coconut Coffee, it offers a cozy and vintage cultural experience.","#cafe, #drinks, #snacks, #photo, #study, #moment, #few_hours, #long_time, #indoor, #morning, #vintage, #cozy, #traditional, #romantic, #chill, #pleasant, #cloudy, #rain"
210,The Workshop Coffee,Mon - Sun:  08:00 - 20:30,https://dynamic-media-cdn.tripadvisor.com/media/photo-o/06/95/c9/b2/the-workshop-cafe.jpg?w=500&h=-1&s=1,https://maps.app.goo.gl/sCb1phJvQxih33Ro9,10.773708273926237,106.70561979312994,4.5,"27 Ngo Duc Ke Street, Ben Nghe Ward, District 1, Ho Chi Minh City, Vietnam","The Workshop Coffee is one of the pioneering cafes that brought the Specialty Coffee movement to Saigon. The shop is famous for its hidden location on an upper floor of an old building, offering a sense of discovery. The interior design follows an Industrial Loft aesthetic, featuring high ceilings, rustic wooden furniture, and exposed brick walls, creating a liberated atmosphere. The cafe focuses on high-quality single-origin beans and uses advanced manual brewing methods like Chemex and Syphon, demonstrating its commitment to the craft. This is an ideal destination for specialty coffee lovers who seek sophisticated flavors in a quiet, spacious setting suitable for work.","One of Saigon’s pioneers in specialty coffee, hidden in an old building with an industrial-loft design. Known for single-origin beans and advanced brewing methods like Chemex and Syphon.","#cafe, #drinks, #study, #photo, #snacks, #few_hours, #long_time, #moment, #indoor, #morning, #minimalist, #unique, #quiet, #chill, #pleasant, #cloudy"
211,Cheese Coffee,Mon - Sun: 07:00 - 22:00,https://dynamic-media-cdn.tripadvisor.com/media/photo-o/19/9f/66/08/outsite.jpg?w=900&h=-1&s=1,https://maps.app.goo.gl/JHLGXLE2ZRtDPUuG7,10.76992923697859,106.70286239319451,4.3,"15 Pasteur Street, Nguyen Thai Binh Ward, District 1, Ho Chi Minh City, Vietnam","Cheese Coffee is a popular local coffee and tea chain that attracts young people with its modern, creative, and frequently updated store designs. The brand is best known for its menu innovation, particularly its coffee and tea drinks topped with a rich, unique Cream Cheese Foam (Cheese Foam). Every Cheese Coffee branch is aesthetically curated, offering numerous beautiful ""check-in"" spots popular for photography. Aside from its signature cheese drinks, the cafe also serves traditional coffee and refreshing fruit teas. Cheese Coffee is the perfect spot for those seeking delicious, innovative beverages in a visually appealing and trendy atmosphere.","A trendy café chain loved for modern interiors and signature cheese-foam coffee and tea drinks. Stylish and photogenic, it’s a favorite hangout for young locals.","#cafe, #drinks, #photo, #snacks, #few_hours, #moment, #indoor, #evening, #youthful, #modern, #vibrant, #pleasant, #unique, #sunny, #cloudy"
212,The Letter Cafe,Mon - Sun: 09:00 - 22:30,https://noithatkendesign.vn/storage/app/media/uploaded-files/thiet-ke-the-letter-coffee-3.jpg,https://maps.app.goo.gl/dvypZLcU3dMMX7kaA,10.774259874969372,106.70427837969366,3.1,"42 Nguyen Hue Street, Ben Nghe Ward, District 1, Ho Chi Minh City 0, Vietnam","The Letter Cafe is a well-known coffee shop that attracts customers with its romantic, vintage, and intimate atmosphere. The cafe is typically designed with warm, dark tones, featuring decorations like handwritten letters, old papers, and soft yellow lighting, creating a nostalgic and familiar vibe. The Letter Cafe is an ideal spot for those seeking a quiet corner for writing, reading, or deep conversations. The menu focuses on traditional coffee, herbal teas, and blended drinks. With its unique, cozy, and sophisticated setting, the cafe is the perfect destination for couples or anyone who appreciates peace and classic aesthetics in the heart of Saigon.","A romantic, vintage-style café filled with handwritten letters, warm lighting, and nostalgic décor. Perfect for reading, writing, or intimate conversations in a cozy setting.","#cafe, #drinks, #snacks, #study, #dating, #moment, #few_hours, #long_time, #indoor, #evening, #cozy, #vintage, #romantic, #quiet, #pleasant, #cloudy, #rain"
213,CATFE,Mon - Sun: 09:30 - 22:00,https://images.squarespace-cdn.com/content/v1/555050d2e4b06f76bea1ba86/1530063161393-J8JUBE8BZVPN5A8EDUWU/catfecover.jpg?format=1500w,https://maps.app.goo.gl/4E88TxAPtvicxbVw5,10.772005695667644,106.68792893553838,4.8,"119 Nguyen Thi Minh Khai Street, Ben Thanh Ward, District 1, Ho Chi Minh City, Vietnam","CATFE is one of the pioneering and most beloved cat cafes in Saigon, where animal lovers can relax and enjoy coffee while being surrounded by numerous adorable resident cats. The cafe is home to various breeds, ranging from Persian to British Shorthair cats, all well-cared for and friendly towards guests. CATFE provides a cozy, clean, and tranquil environment, with distinct areas set up for both patrons and the cats. This is an ideal destination to find peace and relieve stress by petting and playing with the cute four-legged residents, all while savoring a selection of coffees and teas.","A beloved cat café where guests relax with coffee while playing with well-cared-for resident cats. Cozy and calming, it’s ideal for animal lovers seeking stress relief.","#cafe, #drinks, #snacks, #few_hours, #moment, #long_time, #indoor, #cozy, #chill, #quiet, #youthful, #pleasant, #unique, #natural, #cloudy"
214,3T Egg Coffee,Mon - Sun:  06:00 - 23:59,https://caphetrung3t.com/wp-content/uploads/2024/06/img-trung-3t-desc-14.jpg,https://maps.app.goo.gl/nycMtQYuQneDa3pT7,10.780714208017173,106.70721896435934,4,"2B Ngo Van Nam Street, Ben Nghe Ward, District 1, Ho Chi Minh City, Vietnam","3T Egg Coffee is a coffee shop renowned for serving the famous Hanoi delicacy, Egg Coffee (Ca Phe Trung), with high quality in Saigon. The cafe attracts customers with its unique recipe, which creates a thick, creamy, and non-fishy layer of egg foam that blends perfectly with the strong bitterness of Vietnamese coffee. Besides its signature item, 3T also serves other traditional coffees, including black coffee, iced milk coffee, and various teas. With its typically cozy, traditional design, Ca Phe Trung 3T is the ideal destination for anyone looking for a unique and warming taste experience of Northern Vietnamese coffee culture in the Southern city.","A local spot known for its creamy, well-balanced Hanoi-style egg coffee. Warm and traditional, it also serves classic Vietnamese brews and teas.","#cafe, #drinks, #snacks, #moment, #few_hours, #indoor, #morning, #traditional, #cozy, #vintage, #pleasant, #cloudy, #rain"
215,Beanthere Cafe - Ho Hao Hon,Mon - Sun: 08:00 - 22:00,https://bandembanhom.com/wp-content/uploads/2025/03/San-Vuon-cua-BeanThere.webp,https://maps.app.goo.gl/3JWhyPjHt8P3GVnX8,10.76203348025778,106.69233985581823,4.5,"42 Ho Hao Hon Street, Co Giang Ward, District 1, Ho Chi Minh City, Vietnam","Beanthere Cafe - Ho Hao Hon is a favored coffee chain, with its District 1 branch standing out for its spacious, modern, and sophisticated design. The cafe attracts numerous young people and remote workers due to its comfortable atmosphere filled with natural light, making it ideal for studying or working remotely. Beanthere is famous for its minimalist aesthetic, frequently updated to offer a fresh feel, and is an excellent ""check-in"" spot. The menu is diverse, featuring traditional coffee, fruit teas, and other creative drinks, all prepared with quality ingredients. This is a great choice for those seeking a productive workspace and delicious beverages.","A spacious, modern café filled with natural light and minimalist design, ideal for studying or remote work. Popular for its aesthetic interiors and diverse drink menu.","#cafe, #drinks, #study, #photo, #snacks, #moment, #few_hours, #long_time, #indoor, #morning, #minimalist, #modern, #quiet, #chill, #youthful, #pleasant, #cloudy"
216,Trung Nguyen E-Coffee,Mon - Sun: 06:30 - 22:00,https://trungnguyenecoffee.com/wp-content/uploads/2020/10/C2-1-%C4%91%C6%B0%E1%BB%9Dng-Ch%C3%A2u-V%C4%83n-Li%C3%AAm-KDC-H%C3%B9ng-V%C6%B0%C6%A1ng-2-P.Ph%C3%BA-Th%E1%BB%A7y-Tp.Phan-Thi%E1%BA%BFt-BT.jpg,https://maps.app.goo.gl/zDXLherdjdCVS2eu9,10.771451796051085,106.68996230669626,4.3,"37 Bui Thi Xuan Street, Pham Ngu Lao Ward, District 1, Ho Chi Minh City, Vietnam","Trung Nguyen E-Coffee is a modern franchise coffee chain developed by the famous Vietnamese coffee corporation, Trung Nguyen. E-Coffee is designed to popularize high-quality Vietnamese coffee to all customer segments at reasonable prices. The shops primarily serve traditional Vietnamese filter coffee (Ca Phe Phin) and Trung Nguyen's signature creative coffee blends. The E-Coffee spaces are typically designed to be modern, dynamic, and minimalist, focusing on convenience and speed of service. This model is an ideal way to enjoy traditional Vietnamese coffee quickly, conveniently, while guaranteeing the familiar flavor profile of this leading coffee brand.","A modern chain designed to make high-quality Vietnamese coffee accessible at reasonable prices. Fast, convenient, and focused on traditional phin brews and signature blends.","#cafe, #drinks, #snacks, #moment, #few_hours, #indoor, #morning, #traditional, #youthful, #pleasant, #cloudy, #rain"
217,KATINAT,Mon - Sun: 07:00 - 22:30,https://upload.urbox.vn/strapi/Gallery_Katinat_1_375aa9eded.jpg,https://maps.app.goo.gl/uEZNqdncvWSUMfX37,10.778316512106427,106.70099240668308,3.4,"158 Dong Khoi Street, Ben Nghe Ward, District 1, Ho Chi Minh City, Vietnam","KATINAT is a rapidly expanding coffee and tea chain famous for its significant investment in architecture and unique spatial design, often featuring a Parisian Chic aesthetic in prime locations. KATINAT stores stand out with warm brown tones, large curved glass designs, and refined interiors, attracting many young people for ""check-in"" photos. The menu is diverse, offering traditional Vietnamese coffee, creamy milk teas, and creative seasonal beverages. KATINAT is more than just a place to grab a drink; it serves as an architectural landmark in the city, representing a modern, upscale, and highly fashionable consumer trend.","A fast-growing café chain famous for its Parisian-chic architecture and stylish locations. With diverse drinks and photogenic interiors, it has become a modern cultural icon.","#cafe, #drinks, #photo, #snacks, #moment, #few_hours, #indoor, #evening, #modern, #elegant, #youthful, #vibrant, #pleasant, #unique, #sunny, #cloudy"
218,Oromia Coffee & Lounge,Mon - Sun: 07:00 - 23:00,https://mia.vn/media/uploads/blog-du-lich/oromia-coffee-lounge-2-1691846906.jpg,https://maps.app.goo.gl/DLoTCohwxbfhG33NA,10.790889021545745,106.69835633552609,4,"85 Phan Ke Binh Street, Da Kao Ward, District 1, Ho Chi Minh City, Vietnam","Oromia Coffee & Lounge is a beloved cafe often described as a ""peaceful oasis"" in Saigon, typically hidden away in a quiet alley. The shop is famous for its cozy, elegant design filled with natural light, featuring warm tones and wooden interiors that provide a completely relaxing atmosphere. A unique highlight of Oromia is its lush green garden area and the presence of friendly resident cats or dogs, creating a homelike, intimate feel. The cafe serves traditional coffees, herbal teas, and high-quality pastries. Oromia is the ideal spot to seek tranquility, read, or have intimate conversations, totally secluded from the city's hustle and bustle.","A peaceful, garden-style café hidden in a quiet alley, known for its cozy, sunlight-filled design. Relaxing and homelike, it’s great for reading, working, or unwinding with pets around.","#cafe, #drinks, #photo, #snacks, #study, #moment, #few_hours, #long_time, #indoor, #outdoor, #natural, #cozy, #elegant, #quiet, #chill, #romantic, #pleasant, #cloudy, #sunny"
219,S'mores Saigon - Nguyen Binh Khiem,Mon - Sun: 07:00 - 22:00,https://scontent.fsgn5-5.fna.fbcdn.net/v/t39.30808-6/523505047_1302967865162351_8051589660464240618_n.jpg?_nc_cat=108&ccb=1-7&_nc_sid=833d8c&_nc_eui2=AeGbW4dOzFDdBhm2GqgaKIwZzyTFC2izUHjPJMULaLNQeARylBhzVYpBxSHKWZwAFrazc0gVS7MXibUYy00h7Jfv&_nc_ohc=UYkkDYT99sMQ7kNvwEtoBv6&_nc_oc=Adn_UF3gEL0_YdhowdnnZC5c3Uqnq9jg5D6xQ7AWimisx30lzxGkl7JeJN62VaXi8FM&_nc_zt=23&_nc_ht=scontent.fsgn5-5.fna&_nc_gid=ad85hmsAW2pnudtrg8qW6w&oh=00_AfjwD1NtHNOwTmLTp8c0tmuL_QFgjWWMSkACNx7iDAfDTw&oe=691E4F12,https://maps.app.goo.gl/7fq5jUspVjh1PCYW8,10.788476662542141,106.70374586435973,4.3,"25A Nguyen Binh Khiem Street, Ward, District 1, Ho Chi Minh City , Vietnam","S'mores Saigon is an upscale lounge bar chain that attracts social elites and trendy young people with its sophisticated, modern, and high-class design. The Nguyen Binh Khiem branch stands out for its harmonious blend of lighting, interior design, and music, creating a romantic and intimate atmosphere. The bar specializes in creative cocktails made with premium ingredients, alongside a high-quality fusion food menu (Asian-European). S'mores is also an ideal venue for enjoying fine spirits and wines. It is the perfect place for dates, business socializing, or groups of friends looking to savor Saigon's vibrant nightlife in a luxurious and private setting.","A luxurious lounge bar with refined lighting, romantic atmosphere, and premium cocktails. Perfect for dates or upscale nightlife gatherings in an intimate, stylish setting.","#drinks, #photo, #entertainment, #indoor, #luxury, #modern, #romantic, #vibrant , #evening, #few_hours"
220,Ban Coffee,Mon - Sun: 08:00 - 22:00,https://mms.img.susercontent.com/vn-#moment34513-7ras8-m0srcuki5mkv11@resize_ss1242x600!@crop_w1242_h600_cT,https://maps.app.goo.gl/mu2JssFDpJmyjqpR7,10.77432317345815,106.70034339319906,4.6,"38/7 Le Loi Street, Ben Nghe Ward, District 1, Ho Chi Minh City, Vietnam","Ban Ca Phe is a beloved coffee brand dedicated to honoring the core values and traditional Vietnamese coffee culture. The cafe attracts customers by serving coffees that are roasted and brewed using manual methods, notably the strong, traditional flavor of Ca Phe Phin (Vietnamese filter coffee). Ban's interiors are typically designed to be rustic and cozy, utilizing natural materials and decor reminiscent of a Vietnamese village (ban), creating a familiar feel. This is the perfect spot for those seeking a quiet corner for work or reading, while fully enjoying the rich essence of Vietnamese coffee beans.","A cozy café dedicated to traditional Vietnamese phin coffee, roasted and brewed by hand for a rich, authentic flavor. Rustic village-inspired interiors make it a peaceful spot for working or reading.","#cafe, #drinks, #study, #snacks, #photo, #moment, #few_hours, #long_time, #indoor, #morning, #rustic, #traditional, #cozy, #quiet, #pleasant, #cloudy, #rain"
221,The Running Bean Ho Tung Mau - Coffee and Brunch,Mon - Sun: 07:30 - 22:00,https://dynamic-media-cdn.tripadvisor.com/media/photo-o/30/57/47/06/r.jpg?w=900&h=500&s=1,https://maps.app.goo.gl/hUUUFEBY1We8XhhP9,10.773090274406766,106.70328229317413,4.7,"115 Ho Tung Mau Street, Saigon Ward, District 1, Ho Chi Minh City, Vietnam","The Running Bean Ho Tung Mau is a popular cafe and brunch chain, with its District 1 branch situated in the bustling financial district. The cafe is favored for its harmonious blend of high-quality specialty coffee and an extensive Western-style Brunch menu, available all day. The space is spacious, often spanning multiple floors, with a minimalist, modern design and abundant natural light. The Running Bean is one of the few spots in Saigon offering quality brunch items like Eggs Benedict and pastries, making it ideal for late weekend breakfasts. It is a favorite destination for office workers and young people who embrace a modern lifestyle.","A stylish café–brunch spot known for specialty coffee and all-day Western brunch favorites. Spacious, bright, and modern, it’s a go-to for office workers and young urban lifestyles.","#cafe, #drinks, #food, #study, #photo, #snacks, #moment, #few_hours, #long_time, #indoor, #morning, #minimalist, #modern, #youthful, #pleasant, #sunny, #cloudy"
222,Kai Coffee - Nguyen Thai Binh,Mon - Sun: 00:00 - 23:59,https://thegioiamthuc.net/am-thuc/Cache/Uploads/thegioiamthuc/2024/thang10/kai-cafe.jpg,https://maps.app.goo.gl/NgzpYUaBJL1k5kWu5,10.7686659778119,106.69899166435272,4.3,"139 Nguyen Thai Binh Street, Nguyen Thai Binh Ward, District 1, Ho Chi Minh City, Vietnam","Kai Coffee is a beloved coffee brand, famous for its commitment to high-quality, carefully selected Vietnamese coffee beans. The Nguyen Thai Binh branch (District 1) attracts customers with its modern, cozy ambiance, often incorporating natural materials like wood and concrete to create a relaxing atmosphere. Kai Coffee focuses on serving both traditional filter coffee and contemporary espresso-based drinks. The shop also stands out for its programs promoting coffee origins, encouraging guests to learn about local produce. Kai Coffee is an ideal destination for coffee lovers seeking high-quality, meticulously prepared beverages in an aesthetic and professional setting.","A modern, cozy café serving high-quality Vietnamese beans through both phin and espresso methods. Loved for its calm aesthetic and focus on educating guests about coffee origins.","#cafe, #drinks, #study, #snacks, #moment, #few_hours, #long_time, #indoor, #morning, #modern, #natural, #cozy, #quiet, #pleasant, #cloudy"
223,The Corner Bar International,Mon - Sun: 00:00 - 23:59,https://dynamic-media-cdn.tripadvisor.com/media/photo-o/1a/d2/29/b1/the-corner-bar.jpg?w=900&h=-1&s=1,https://maps.app.goo.gl/gPdUpFtHm6SBcVFL6,10.766557479436269,106.69137013553963,4.6,"2A Do Quang Dau Street, Pham Ngu Lao Ward, District 1, Ho Chi Minh City, Vietnam","The Corner Bar International is a familiar pub situated right in the heart of the bustling Backpacker Area (Pham Ngu Lao), known as an ideal destination for tourists and expatriates. True to its name, the bar sits directly on a street corner, providing a prime location for people-watching and observing the vibrant life of Saigon's streets. The bar attracts guests with its relaxed, friendly atmosphere and affordable drinks, including beers, basic cocktails, and bar snacks. The Corner Bar is a great place for cultural exchange, watching sports games, and experiencing the diverse, lively international community in Ho Chi Minh City.","A friendly street-corner pub in the Backpacker Area, perfect for people-watching and casual drinks. Affordable and lively, it’s a favorite hangout for tourists and expats.","#drinks, #food, #snacks, #entertainment, #photo, #few_hours, #long_time, #outdoor, #evening, #late_night, #vibrant, #youthful, #free_spirited, #pleasant, #windy, #cloudy"
224,Bar Lush,Mon: close; Tue - Sun: 21:00 - 05:00,https://down-vn.img.susercontent.com/vn-#moment34259-7r98o-lw94ec0xjo4bae@resize_ss640x400,https://maps.app.goo.gl/cBaiVxYAG37tg9rD6,10.783059006129669,106.70533066435071,3.7,"2 Ly Tu Trong Street, Ben Nghe Ward, District 1, Ho Chi Minh City, Vietnam","Bar Lush is one of Saigon's most famous and long-standing bars/nightclubs, consistently holding its status as a premier nightlife venue in District 1. The bar attracts a large crowd of trendy young people and international tourists with its spacious layout, modern, sophisticated design, and high-quality sound and lighting systems. Lush is renowned for its vibrant, energetic atmosphere, where DJs frequently spin contemporary House, Hip-hop, and EDM music. The bar offers a diverse selection of drinks, ranging from creative cocktails to premium spirits. Bar Lush is an essential destination for experiencing the upscale, dynamic, and bustling nightlife of Ho Chi Minh City.","One of Saigon’s most iconic nightclubs, known for its sleek design and energetic DJ nights. Packed with trendsetters and travelers, it’s a staple of upscale nightlife.","#drinks, #entertainment, #photo, #few_hours, #long_time, #indoor, #evening, #late_night, #modern, #vibrant, #dramatic, #youthful, #unique, #luxury, #pleasant, #cloudy"
225,The View Rooftop Bar,Mon - Sun: 07:00 - 02:00,https://pasgo.vn/Upload/anh-chi-tiet/the-view-rooftop-bar-bui-vien-slide-9-normal-259210822899.webp,https://maps.app.goo.gl/R382VXJ3PHAAUjw19,10.765961259899331,106.69108279319701,4.6,"On the 9th Floor, Duc Vuong Hotel, 195 Bui Vien Street, Pham Ngu Lao Ward, District 1, Ho Chi Minh City, Vietnam","The View Rooftop Bar is one of the few bars situated on the rooftop of the Duc Vuong Hotel, right above the vibrant Bui Vien Street. It offers a unique experience where guests can enjoy panoramic views of the city and the bustling chaos of the backpacker area from an elevated perspective. The bar attracts patrons with its airy, friendly ambiance and relaxing vibe, offering a complete escape from the noise below. Featuring reasonably priced drinks and snacks, The View is an ideal stop for socializing with international travelers, enjoying good drinks, and admiring the impressive scenery of Saigon at night.","A relaxed rooftop bar offering sweeping views over Bui Vien Street. With friendly vibes and affordable drinks, it’s ideal for meeting travelers and enjoying the night scenery.","#drinks, #food, #snacks, #photo, #few_hours, #long_time, #rooftop, #evening, #sunset, #chill, #romantic, #pleasant, #windy, #cloudy, #unique"
226,Thi Bar Saigon,Wed - Mon: 19:00 - 02:00; Tue:close,https://encrypted-tbn0.gstatic.com/images?q=tbn:ANd9GcQic5yug0Xe-tul6yOyxO6vpvrV5k2KYig3cA&s,https://maps.app.goo.gl/xLjr9FmteepDkrC69,10.767863018702098,106.6939808508364,4.4,"224 De Tham Street, Pham Ngu Lao Ward, District 1, Ho Chi Minh City, Vietnam","Thi Bar Saigon is a famous pub situated right in the Backpacker Area (Pham Ngu Lao), standing out for its vibrant and electric atmosphere that lasts late into the night. The bar attracts a diverse crowd of international tourists and Saigon youth with its energetic live music sessions, often featuring international and Vietnamese covers. Thi Bar offers a spacious, airy environment, making it an ideal place to enjoy a variety of drinks, from basic cocktails to craft beer. With its prime location, quality music, and open social atmosphere, Thi Bar is one of the essential spots to experience the full, bustling energy of Saigon's nightlife.","A lively pub famous for nightly live music and an outgoing international crowd. Spacious and energetic, it’s a must-visit for experiencing the Backpacker Area’s nightlife.","#drinks, #entertainment, #photo, #few_hours, #long_time, #outdoor, #evening, #late_night, #vibrant, #youthful, #dramatic, #free_spirited, #pleasant, #cloudy"
227,Zion Sky Lounge and Dining,Mon - Sun: 17:30 - 02:30,https://vietnamnightlife.com/uploads/images/2021/01/1611797795-single_product2-zionskyloungediningcoverphoto2.jpg,https://maps.app.goo.gl/HjRV18KTL8LcHaM87,10.770773856697817,106.7020944778597,4.3,"87A Ham Nghi Street, Nguyen Thai Binh Ward, District 1, Ho Chi Minh City, Vietnam","Zion Sky Lounge and Dining is an upscale restaurant and bar complex situated on an upper floor in central District 1, considered an icon of luxurious nightlife in Saigon. The venue is famous for its striking, modern design, often drawing inspiration from mythology and featuring high artistic elements (like the unique lion statue). Zion attracts patrons with its spectacular panoramic views of the skyscrapers and the Saigon River, complemented by a world-class sound and lighting system. The bar serves inventive cocktails, premium spirits, and features a separate dining area with refined fusion cuisine. This is the ideal spot to experience an energetic, high-class night out filled with excitement.","A luxurious sky lounge with dramatic skyline views, artistic interiors, and premium cocktails. High-energy and upscale, it’s a top destination for glamorous nights out.","#drinks, #food, #dating, #entertainment, #few_hours, #long_time, #rooftop, #evening, #sunset, #luxury, #elegant, #dramatic, #unique, #vibrant, #pleasant, #windy, #cloudy"
228,Le Van Tam Park,Mon - Sun: 00:00 - 23:59,https://statics.vinpearl.com/Le-Van-Tam-Park-thumb_1738421991.jpg,https://maps.app.goo.gl/rb2WrtaP2BHuuuE39,10.788213596064672,106.69378372883635,4.4,"Hai Ba Trung Street, Da Kao Ward, District 1, Ho Chi Minh City, Vietnam","Le Van Tam Park is one of the largest and most vital public parks, situated at the border of District 1 and District 3. The park is famous as a ""green lung"" for the city, offering a spacious, airy environment with numerous mature shade trees. This site formerly housed the historic Mac Dinh Chi Cemetery, which was entirely converted into a park in the 1980s. Le Van Tam is a familiar destination for locals to exercise, take morning walks, or simply relax. Due to its large area and wide lawns, the park often serves as an ideal venue for major community events such as book fairs and weekend markets.","A large, tree-shaded city park often used for morning exercise and community events. Peaceful and spacious, it serves as a green escape in the heart of Saigon.","#walking, #photo, #moment, #few_hours, #outdoor, #morning, #sunny, #natural, #chill, #pleasant, #windy, #cloudy"
229,Museum of Vietnamese Geology,"Mon - Fri: 08:00 - 12:00, 13:00 - 16:30; Sat - Sun: close",https://cdn.xanhsm.com/2024/12/fc424e7a-bao-tang-dia-chat-2.jpg,https://maps.app.goo.gl/bS9WVC1tfDvAcFj56,10.785019325888388,106.7078588643609,4.4,"2 Nguyen Binh Khiem Street, Ben Nghe Ward, District 1, Ho Chi Minh City, Vietnam","Museum of Vietnamese Geology is a vital scientific and educational institution that houses and exhibits artifacts related to the geological formation and natural resources of the country. The museum holds a vast collection comprising thousands of samples of rocks, minerals, fossils, and rare geological maps. The display areas are organized scientifically, helping visitors learn about the evolutionary history of the Earth, the formation of mountain ranges, and the creation process of various mineral resources. This is an ideal destination for students, researchers, and anyone interested in exploring and conducting in-depth studies on the natural history and complex geological structure of Vietnam.","A scientific museum showcasing extensive collections of rocks, minerals, fossils, and geological maps. Informative and well-curated, it’s ideal for students and anyone curious about Vietnam’s natural history.","#indoor, #culture, #photo, #moment, #few_hours, #morning, #quiet, #traditional, #unique, #cloudy, #sunny"
230,Ton That Dam Old Market,Mon - Fri: 09:00 - 19:00; Sat - Sun: 09:00 - 16:30,https://uploads.nguoidothi.net.vn/content/14a2a476-0063-4691-847a-7b12921c97e0.gif,https://maps.app.goo.gl/VF5bcy9494ijznM2A,10.771754256053551,106.70320812203384,4.1,"Ton That Dam Street, Ben Nghe Ward, District 1, Ho Chi Minh City, Vietnam","Cho Cu Ton That Dam (Ton That Dam Old Market) is one of the most iconic, long-standing traditional markets in District 1. Tucked away in the street's alleys, this market is famous as a ""slice of Old Saigon"" nestled within the modern city center. The Old Market is a hub for stalls selling fresh produce, spices, and notably, a paradise for local street food (such as bun, sweet soup (che), and affordable ready-made rice meals). The market is not only a commercial zone but also an ideal spot to feel the vibrant, authentic rhythm of local life and discover traditional, budget-friendly dishes.",A hidden traditional market offering fresh produce and beloved street-food stalls. It’s a nostalgic slice of Old Saigon tucked inside the modern city center.,"#food, #streetfood, #snacks, #shopping, #photo, #moment, #few_hours, #outdoor, #morning, #traditional, #vibrant, #cheap, #pleasant, #sunny, #cloudy"
231,Ben Thanh Metro Station,Mon - Sun: 04:30 - 22:30,https://cdn2.tuoitre.vn/thumb_w/480/471584752817336320/2023/8/16/base64-16921682590591857713500.png,https://maps.app.goo.gl/ooUnwMapGdkkpA8cA,10.770593656009906,106.69681752202612,4.6,"Ben Thanh Ward, District 1, Ho Chi Minh City, Vietnam","Ben Thanh Metro Station is the central and most crucial station of Metro Line 1 (Ben Thanh - Suoi Tien) within the Ho Chi Minh City Metro system. The station is entirely constructed underground, situated directly beneath the historic Ben Thanh Market. This structure functions as a major interchange hub, connecting multiple future metro lines (Line 1, Line 2), serving as a vital transport node for the city. The station's design is modern and impressive, including an underground commercial area. Ben Thanh Metro Station is not only a transport facility but is also expected to become a new architectural icon, fundamentally changing local commuting habits and boosting the development of the downtown area.","The central interchange of Metro Line 1, built entirely underground beneath Ben Thanh Market. Modern and spacious, it’s set to become a key transport hub and new urban landmark.","#indoor, #photo, #moment, #few_hours, #modern, #youthful, #unique, #pleasant, #cloudy, #rain"
232,Saigon Waterbus,Mon - Sun: 00:00 - 23:59,https://saigonwaterbus.com/wp-content/uploads/2024/11/z6044714216697_bfdf1a3e573433c20a9fc800b8fd446b.jpg,https://maps.app.goo.gl/qvYjcyUrpr3XHWW4A,10.782987906190225,106.70603596435848,3.3,"4 Ton Duc Thang Street, Ben Nghe Ward, District 1, Ho Chi Minh City, Vietnam","Saigon Waterbus is a modern public river transport service, operational since 2017, connecting the city center (Bach Dang Wharf, District 1) with the eastern districts. The service not only functions for commuting but also offers visitors a unique sightseeing experience along the Saigon River. From the Waterbus, passengers can admire the entire modern city skyline, especially during sunrise or sunset. The terminals are aesthetically designed, and the boats are modern, comfortable, and fast. Saigon Waterbus is an excellent choice for locals and tourists alike to explore the city from a completely new and distinctive perspective.","A scenic river-transport service linking the city center with eastern districts. Comfortable and modern, it offers beautiful skyline views—especially at sunrise and sunset.","#photo, #entertainment, #few_hours, #outdoor, #sunset, #sunny, #natural, #chill, #pleasant, #windy, #unique"
233,Tan Dinh Church - 298 Hai Ba Trung,Mon - Sun: 00:00 - 23:59,https://vietnamtour.in/wp-content/uploads/Tan-Dinh-Church.jpg.jpg,https://maps.app.goo.gl/GHs3fU9jQKCMcBA7A,10.789436322636892,106.69040436436217,4.3,"Tan Dinh Ward, District 1, Ho Chi Minh City, Vietnam","Nha Tho Tan Dinh (Tan Dinh Church) is one of the most famous and oldest religious structures in Ho Chi Minh City, completed in 1876. The building is a prime example of Gothic/Neo-Romanesque architecture, highlighted by its tall, 52-meter bell tower. However, Tan Dinh Church's global fame comes from the vibrant pastel pink color covering its entire exterior. This unique color makes the church one of the most beloved ""check-in"" and tourist destinations in Asia. Located on the bustling Hai Ba Trung Street, the church serves not only as a place of worship but also as a prominent architectural icon of the city.",A historic 1876 church famous worldwide for its striking pastel-pink façade and Gothic architecture. A beloved photo spot and one of Saigon’s most iconic religious landmarks.,"#culture, #photo, #moment, #few_hours, #outdoor, #morning, #sunny, #traditional, #unique, #pleasant, #cloudy, #visit"
234,Ngoc Hoang Pagoda,Mon - Sun: 00:00 - 23:59,https://statics.vinpearl.com/chua-ngoc-hoang-2_1630#few_hours820.jpg,https://maps.app.goo.gl/UxTgcGJBdBukBrsH7,10.79220708150982,106.6981522778597,4.7,"73 Mai Thi Luu Street, Da Kao Ward, District 1, Ho Chi Minh City, Vietnam","Ngoc Hoang Pagoda (or Phuoc Hai Tu) is one of the most ancient and sacred temples in HCMC, built in 1892 by the Cantonese Chinese community. The pagoda primarily honors the Jade Emperor (Ngoc Hoang) alongside various Buddhist and Taoist deities. The structure is famous for its distinctive Chinese architecture, highlighted by intricate wood carvings, detailed ceramic reliefs, and a dark, atmospheric interior filled with incense smoke. Ngoc Hoang Pagoda gained global fame following the visit of US President Barack Obama in 2016. It remains a vital spiritual destination, attracting visitors who come to pray for good fortune, particularly for fertility.","A sacred temple known for intricate Chinese architecture, incense-filled halls, and spiritual significance. Popular with visitors seeking blessings—especially after President Obama’s visit.","#culture, #photo, #moment, #few_hours, #indoor, #morning, #traditional, #unique, #pleasant, #cloudy, #visit"
235,Huyen Sy Church,Mon - Sun: 09:00 - 21:00,https://mia.vn/media/uploads/blog-du-lich/nha-tho-huyen-sy-3-1756661723.png,https://maps.app.goo.gl/amdhxjoB8VF2voz27,10.769209937506526,106.68934119320643,4.9,"1 Ton That Tung Street, Pham Ngu Lao Ward, District 1, Ho Chi Minh City, Vietnam","Huyen Sy Church (or St. Philip the Apostle Church) is one of the oldest and most prominent religious buildings in Saigon, built starting in 1902. The church is famous for its distinct Gothic Revival architecture, characterized by a towering spire/bell tower, pointed arches, and vibrant stained-glass windows. It is popularly named after its main benefactor, Huyen Sy, a wealthy historical figure. A unique feature is the elaborately decorated mausoleum of the founder and his wife located inside the sanctuary. Huyen Sy Church is a historical architectural landmark, drawing visitors to admire its ancient beauty and the fusion of European culture in Vietnam.","A Gothic Revival church built in the early 1900s, featuring a tall spire and vibrant stained-glass windows. The founder’s ornate mausoleum inside adds unique historical value.","#culture, #photo, #moment, #few_hours, #outdoor, #morning, #sunny, #traditional, #unique, #elegant, #pleasant, #cloudy, #visit"
236,Jamia Al-Musulman Mosque,Mon - Sun: 04:15 - 19:45,https://upload.wikimedia.org/wikipedia/commons/1/11/Mosque_in_Ho_Chi_Minh_City.jpg,https://maps.app.goo.gl/9B5HRHYfwhi35btRA,10.776416745849735,106.7042460492689,4.7,"66 Dong Du Street, Ben Nghe Ward, District 1, Ho Chi Minh City, Vietnam","Jamia Al-Musulman Mosque is one of the largest and most prominent mosques in HCMC, centrally located in District 1. The structure was built in 1935, initially catering to the South Asian Indian Muslim community. The mosque's architecture features a harmonious blend of traditional Islamic style with elements of French colonial architecture, notably its prominent arches and two tall minarets. It serves as a crucial religious center for the diverse Muslim community, including the Cham, Malay, and Indian populations. Jamia Al-Musulman is a unique cultural landmark, offering a sense of tranquility and standing as a testament to the city's religious diversity.","One of Saigon’s largest mosques, blending Islamic design with colonial architectural elements. Peaceful and culturally rich, it serves a diverse Muslim community in District 1.","#culture, #photo, #moment, #few_hours, #outdoor, #morning, #traditional, #unique, #quiet, #pleasant, #cloudy, #visit"
237,"Green Palm Gallery - 49 Mac Thi Buoi, Ho Chi Minh",Mon - Sun: 09:00 -19:00,https://dynamic-media-cdn.tripadvisor.com/media/photo-o/28/5b/e1/b0/trien-lam-tranh-cua-hoa.jpg?w=900&h=500&s=1,https://maps.app.goo.gl/U4n3sPuhHerM5cqH7,10.77527978578364,106.70471587228656,4.9,"49 Mac Thi Buoi Street, Ben Nghe Ward, District 1, Ho Chi Minh City, Vietnam","Green Palm Gallery is one of the most reputable contemporary art galleries in Ho Chi Minh City, dedicated to exhibiting and promoting works by talented and established Vietnamese artists. Located on Mac Thi Buoi Street (District 1), the gallery attracts art enthusiasts with its diverse collection, including oil paintings, lacquerware, sculptures, and installation art. The gallery is renowned for its commitment to preserving and developing Vietnamese contemporary art, offering a serene, professional space for appreciating and studying art. Green Palm Gallery is a must-visit destination for tourists seeking a deeper insight into the unique creativity and styles of Vietnamese artists.","A respected gallery showcasing contemporary Vietnamese art, including painting, lacquer, and sculpture. Calm and professional, it’s a must-visit for art lovers seeking cultural depth.","#indoor, #culture, #photo, #few_hours, #moment, #elegant, #unique, #quiet, #pleasant, #cloudy, #visit"
238,Chanh Bistro Rooftop,Mon - Sun: 10:30 - 23:00,https://dynamic-media-cdn.tripadvisor.com/media/photo-o/15/6e/79/7e/dinner-spot.jpg?w=900&h=500&s=1,https://maps.app.goo.gl/BmTNb4HYdAYKzMRQ9,10.772983714240109,106.69567779318108,4.5,"Rooftop Level, 215 Ly Tu Trong Street, Ben Thanh Ward, District 1, Ho Chi Minh City, Vietnam","Chanh Bistro Rooftop is a prominent restaurant located on the rooftop of a building right in central District 1, renowned for its airy, romantic atmosphere and stunning views overlooking the city. The venue offers a European Bistro style combined with Fusion dishes, focusing on comforting, flavorful meals. The menu is diverse, featuring dishes like Beefsteak, Pasta, Burgers, and light appetizers, alongside creative cocktails. Chanh Bistro is the perfect place to watch the sunset, host dates, or meet friends in a relaxed, intimate setting, all supported by attentive service.","A romantic rooftop restaurant with beautiful city views and comforting European-fusion dishes. Cozy and inviting, it’s great for sunsets, dates, and relaxed gatherings.","#food, #drinks, #photo, #dating, #few_hours, #long_time, #rooftop, #sunset, #evening, #romantic, #elegant, #chill, #pleasant, #windy, #cloudy"
239,Rooftop GRAND Lounge,Mon - Sun: 06:00 - 23:30,https://www.hotelgrandsaigon.com/wp-content/uploads/sites/8/2023/08/MBW_2590-1.jpg,https://maps.app.goo.gl/hdqNkQw1vB4o3bbx5,10.774391233694551,106.70565119320437,4.2,"No 8 Dong Khoi Street, Ben Nghe Ward, District 1, Ho Chi Minh City, Vietnam","Rooftop GRAND Lounge is a luxurious sky bar situated on the top floor of a high-rise building in central District 1. The lounge is famous for its high-class, splendid atmosphere, offering a spectacular panoramic view overlooking the Saigon River and the city skyline. GRAND Lounge attracts affluent locals and international tourists with its premium drink menu, ranging from exquisitely crafted classic cocktails to fine wines and Champagne. Featuring modern sound and lighting systems along with attentive service, it is the ideal destination to enjoy a relaxing, romantic, and upscale evening amid the vibrant nightlife of Saigon.","A luxurious sky bar offering premium cocktails and sweeping views of the Saigon River. Elegant and atmospheric, it’s ideal for upscale evenings in the city center.","#drinks, #photo, #dating, #food, #few_hours, #long_time, #rooftop, #evening, #sunset, #luxury, #elegant, #dramatic, #unique, #pleasant, #windy, #cloudy"
240,Tran Huu Trang Cai Luong Theater,Mon - Sun: 00:00 - 23:59,https://nhahatcailuongtranhuutrang.com/wp-content/uploads/2025/02/02b-1-580x326.jpg,https://maps.app.goo.gl/H9N2r6DNdbNkZz6H8,10.765076660488056,106.69233842202897,4.5,"136 Tran Hung Dao Street, Pham Ngu Lao Ward, District 1, Ho Chi Minh City, Vietnam","Tran Huu Trang Cai Luong Theater is the national theater established to preserve and develop Cai Luong (Vietnamese reformed opera), a characteristic traditional musical drama of Southern Vietnam. The theater is named after the eminent playwright Tran Huu Trang, a legendary figure in Cai Luong history. It serves as a vital cultural center, regularly hosting classic and new productions, attracting enthusiasts of traditional arts. The theater's architecture is solemnly designed, reflecting Vietnamese cultural identity. Tran Huu Trang Theater plays an essential role in showcasing and maintaining the complex art form of Cai Luong, which integrates singing, dance, and traditional musical instruments.",A national theater dedicated to preserving and showcasing the traditional Southern art of Cai Luong. Its solemn architecture and regular performances make it a key cultural hub for Vietnamese opera lovers.,"#culture, #entertainment, #photo, #few_hours, #indoor, #evening, #traditional, #pleasant, #cloudy"
241,The Gioi Tre Theater,Mon - Sun: 09:00 - 21:00,https://sankhauthegioitre.vn/upload/news/san-khau-moi-201723132.jpg,https://maps.app.goo.gl/dX149mQbeZ6sCrSr7,10.765927039921985,106.68951213552569,4.4,"125 Cong Quynh Street, Nguyen Cu Trinh Ward, District 1, Ho Chi Minh City, Vietnam","San Khau The Gioi Tre (Youth World Stage) is one of the most successful contemporary theaters in HCMC, famous for its modern comedy, drama, and social psychological plays. The stage attracts large young audiences by producing works with relatable, trend-setting content that reflects contemporary urban life. The Gioi Tre is also known for discovering and launching the careers of many talented young Vietnamese actors and entertainers. With its dynamic, creative staging style and commitment to artistic quality, it is the ideal venue for young audiences seeking fun, meaningful entertainment and exploring modern theatrical arts.","A leading modern theater known for comedy, drama, and youth-oriented stories reflecting urban life. Creative, dynamic, and influential, it’s a favorite among young audiences.","#entertainment, #photo, #few_hours, #indoor, #evening, #modern, #youthful, #vibrant, #pleasant, #cloudy"
242,Hotel Continental Saigon,Mon - Sun: 00:00 - 23:59,https://media-cdn.tripadvisor.com/media/photo-s/30/20/5b/07/hotel-continental-saigon.jpg,https://maps.app.goo.gl/nKNwHPx9Bu15wxuN9,10.777116231700113,106.70254005083761,4.4,"Hotel Continental Saigon, Dong Khoi Street, Ben Nghe Ward, District 1, Ho Chi Minh City, Vietnam","Hotel Continental Saigon is one of the oldest and most historic hotels in Saigon, originally built in 1880. Situated in a prime location in District 1, directly opposite the Opera House, the hotel stands out with its grand, elegant French colonial architecture. The Continental is famous for hosting many historical figures, politicians, and international writers, notably being featured in Graham Greene's novel ""The Quiet American."" The hotel features a large, quiet inner courtyard, perfect for enjoying its nostalgic atmosphere. Hotel Continental is a living symbol of the timeless elegance and beauty of Old Saigon.","One of Saigon’s oldest hotels, featuring elegant French colonial architecture opposite the Opera House. Historic, charming, and timeless, it embodies the beauty of Old Saigon.","#drinks, #food, #photo, #dating, #few_hours, #long_time, #indoor, #outdoor, #morning, #sunset, #vintage, #elegant, #romantic, #traditional, #unique, #quiet, #pleasant, #cloudy"
243,The Iron Bank - Cocktail Vault,Mon - Sun: 17:00 - 01:00,https://toplist.vn/images/800px/the-iron-bank-cocktail-vault-1218863.jpg,https://maps.app.goo.gl/RwYwhQBthsMR2RVp7,10.770345214503168,106.70359569732608,4.7,"47 Ton That Dam Street, Nguyen Thai Binh Ward, District 1, Ho Chi Minh City, Vietnam","The Iron Bank - Cocktail Vault is one of Saigon's most famous cocktail bars, attracting patrons with its unique speakeasy concept. The bar's most distinctive feature is its cleverly disguised entrance, modelled after a heavy bank vault door, creating a sense of thrilling discovery. The interior is designed to be luxurious and cozy, with a classic vibe and soft lighting. The Iron Bank specializes in both classic cocktails and creative signature drinks, all meticulously crafted, alongside a selection of premium spirits. This is the ideal spot for anyone seeking a discreet, high-class entertainment venue and looking to enjoy quality cocktails in an intimate, mysterious atmosphere.","A speakeasy bar hidden behind a vault-style door, offering an intimate and luxurious atmosphere. Known for meticulously crafted cocktails and premium spirits, it’s ideal for discreet, high-end nights out.","#drinks, #photo, #dating, #few_hours, #long_time, #indoor, #evening, #luxury, #elegant, #dramatic, #unique, #cozy, #pleasant, #cloudy"
244,Rabbit Hole,Mon - Sun: 18:00 - 02:00,"https://ik.imagekit.io/cvygf2xse/chivas/wp-content/uploads/2024/09/khong-gian-tong-mau-toi-sang-trong-cua-rabbit-hole-saigon-bar.jpg?tr=q-80,w-1650",https://maps.app.goo.gl/Qrm4WYWZcJsX44zv9,10.777784991626271,106.69757062201914,4.6,"138 Nam Ky Khoi Nghia Street, Ben Nghe Ward, District 1, Ho Chi Minh City, Vietnam","Rabbit Hole is one of the most highly-rated speakeasy cocktail bars in Saigon, known for its hidden, subterranean location. The bar offers a luxurious, classic atmosphere featuring dark tones, leather, and velvet interiors, perfectly recreating the secretive vibe of 1920s bars. Rabbit Hole attracts cocktail aficionados with its sophisticated, complex drink menu, focusing on perfecting and elevating classic recipes. This is the ideal spot for anyone seeking high-quality cocktails, privacy, and a relaxed, intimate environment, completely secluded from the city noise outside.","A top-rated underground speakeasy with a classic, 1920s-inspired setting. It’s loved for its refined cocktails and quiet, sophisticated ambiance.","#drinks, #photo, #dating, #few_hours, #long_time, #indoor, #evening, #late_night, #luxury, #vintage, #cozy, #romantic, #dramatic, #unique, #pleasant, #cloudy"
245,Telephone bar,Mon - Sun: 18:00 - 02:00,https://dynamic-media-cdn.tripadvisor.com/media/photo-o/2f/69/12/1e/caption.jpg?w=900&h=500&s=1,https://maps.app.goo.gl/DdSpMLP7zP2ADdZBA,10.771056376865369,106.6915949490106,4.4,"41 Nguyen Van Trang Street, Pham Ngu Lao Ward, District 1, Ho Chi Minh City, Vietnam","Telephone Bar is a unique speakeasy cocktail bar, highly favored in Saigon for its element of surprise and mystery. The bar is famous for its cleverly disguised entrance, often modelled after an old red British phone booth, creating an exciting discovery experience. The interior is designed to be luxurious and cozy, with dark tones and soft lighting, fostering an intimate atmosphere perfect for dates. Telephone Bar specializes in both creative signature cocktails and classic recipes prepared by professional bartenders. This is the perfect venue for enjoying high-quality drinks in a secret, stylish environment.","A stylish speakeasy entered through a vintage phone booth, offering a cozy, dimly lit atmosphere. Known for creative signature cocktails, it’s perfect for dates and intimate meetups.","#drinks, #photo, #dating, #few_hours, #long_time, #indoor, #evening, #luxury, #elegant, #romantic, #unique, #dramatic, #pleasant, #cloudy"
246,"Firkin Bar
",Mon - Sun: 18:00 - 01:00,https://encrypted-tbn0.gstatic.com/images?q=tbn:ANd9GcQtgFzaNHER1BjtuZkIjtMGTOhusIPTcqllUw&s,https://maps.app.goo.gl/UmTFCwLHFsDv3qXc6,10.776056392827568,106.70498742201958,4.7,"20 Mac Thi Buoi Street, Ward, District 1, Ho Chi Minh City, Vietnam","Firkin Bar is one of the premier speakeasy cocktail bars in Saigon, known for its singular focus on Whisky and other premium spirits. The bar is subtly hidden, offering an intimate, sophisticated, and dark atmosphere, designed in the classic style of a ""gentlemen's club."" Firkin boasts a vast whisky collection and features expert bartenders capable of crafting perfect classic cocktails or inventive original recipes. This is the ideal destination for connoisseurs seeking privacy, luxury, and high-quality drinks in a quiet, intimate setting.","A premium whisky-focused speakeasy with a dark, elegant ""gentlemen’s club"" vibe. It’s a haven for spirit connoisseurs seeking luxury, privacy, and expert-crafted drinks.","#drinks, #photo, #dating, #few_hours, #long_time, #indoor, #evening, #luxury, #elegant, #cozy, #traditional, #unique, #pleasant, #cloudy"
247,Saigon Skydeck,Mon - Sun: 09:30 - 21:30,"https://res.klook.com/images/fl_lossy.progressive,q_65/c_fill,w_1200,h_630/w_80,x_15,y_15,g_south_west,l_Klook_water_br_trans_yhcmh3/activities/jp6myjn3zt4jdblopcdk/SaigonSkydeckTicketatBitexcoFinancialTower-Klook.jpg",https://maps.app.goo.gl/Fg792Edbm5twj3VPA,10.771799175399888,106.70426259319129,4.4,"36 Ho Tung Mau Street, Ben Nghe Ward, District 1, Ho Chi Minh City, Vietnam","Saigon Skydeck is the famous public observation deck located on the 49th floor of the Bitexco Financial Tower – a modern architectural icon of Ho Chi Minh City. The deck offers visitors a spectacular 360-degree panoramic view, overlooking the entire city center, the Saigon River, and surrounding districts. From this vantage point, guests can easily spot major landmarks like Ben Thanh Market and Nha Rong Wharf. Saigon Skydeck is not just a viewing spot but also provides binoculars and historical information about the city. It is a must-visit destination to fully appreciate the sheer scale and dynamic energy of Saigon from a unique, modern perspective.",A 49th-floor observation deck offering sweeping 360° views of Saigon and the Saigon River. A must-visit spot for appreciating the city’s modern skyline.,"#photo, #moment, #few_hours, #indoor, #sunset, #modern, #unique, #dramatic, #pleasant, #windy, #sunny, #cloudy"
248,PK Maltroom,Sun - Mon: 17:30 - 01:00; Tue - Thu: 17:30 - 01:30; Fri - Sat: 17:30 - 01:00,https://dynamic-media-cdn.tripadvisor.com/media/photo-o/15/af/44/8f/pk-maltroom-bar-view.jpg?w=900&h=-1&s=1,https://maps.app.goo.gl/ghWixcFZ8LvgYd4R6,10.793280780760357,106.68909045086382,4.8,"8A Dang Tat Street, Tan Dinh Ward, District 1, Ho Chi Minh City, Vietnam","PK Maltroom is an upscale bar, highly regarded among Saigon's connoisseurs, specializing in Single Malt Whisky and premium spirits. The bar offers a luxurious, classic atmosphere with warm, dark tones and wooden interiors, creating an intimate and private feel. PK Maltroom boasts an extensive and rare whisky collection from around the globe, alongside a menu of exquisitely crafted cocktails. The knowledgeable and professional bartenders are available to advise guests on each spirit. This is the ideal destination for anyone looking to enjoy premium spirits in a tranquil, sophisticated setting, completely secluded from the city noise.","An upscale whisky bar known for its rare global selections and cozy, classic interior. It’s perfect for those seeking premium spirits in a quiet, refined setting.","#drinks, #photo, #dating, #few_hours, #long_time, #indoor, #evening, #luxury, #elegant, #cozy, #unique, #pleasant, #cloudy"
249,Ho Chi Minh City Labor Culture Palace,Mon - Sun: 06:00 - 21:30,https://gka.vn/wp-content/uploads/2017/04/View-2-.jpg,https://maps.app.goo.gl/jLfBBWEx8HjtNuFFA,10.776691367888322,106.69294897423572,4.4,"55B Nguyen Thi Minh Khai Street, Ben Thanh Ward, District 1, Ho Chi Minh City, Vietnam","Ho Chi Minh City Labor Culture Palace is one of the largest and oldest cultural centers in the city, playing a key role in serving the cultural, educational, and recreational needs of the working population. Located in central District 1, the Palace grounds are very spacious, encompassing numerous functional rooms, auditoriums, sports training areas, stages, and a library section. It frequently hosts extracurricular classes (such as music, martial arts, foreign languages), major cultural events, and serves as a meeting place for various community clubs. The Labor Culture Palace is a multi-functional community space, contributing to the enhancement of spiritual life and fostering social exchange for the city's residents.","A major cultural complex offering classes, sports areas, stages, and community spaces. It’s an important venue for education, recreation, and large cultural events.","#entertainment, #photo, #few_hours, #long_time, #indoor, #morning, #youthful, #vibrant, #pleasant, #sunny, #cloudy"
250,Bao Binh Restaurant (寶平),Mon - Sun: 10:00 - 23:00,https://i.ytimg.com/vi/NOp8g31pogM/maxresdefault.jpg,https://maps.app.goo.gl/Ft3xxpKFacQ7BoUq7,10.753032550678283,106.65428817212661,4.1,"31 Hoc Lac Street, Ward 14, District 5, Ho Chi Minh City, Vietnam",A long-standing Chinese–Vietnamese restaurant known for its classic home-style dishes. Locals love gathering here for a hearty meal with friends or family. The atmosphere is simple and cheerful — a true neighborhood favorite that feels like a weekend family reunion.,"A long-standing eatery serving hearty, comforting family-style dishes. Simple, cheerful, and loved for gatherings with friends and relatives.","#food, #moment, #few_hours, #indoor, #evening, #traditional, #cozy, #cheap, #pleasant, #cloudy"
251,Mama Noodles & Rice (媽子麵飯館),"Mon - Sun: 06:30 - 15:00, 17:00 - 20:30",https://lh3.googleusercontent.com/p/AF1QipMNTkNWFQrA18lwfUvWtYq89LgDgYe2lEiyphfh=w408-h541-k-no,https://maps.app.goo.gl/v4bJfqm6yCMwr8hq5,10.753483249793932,106.65436467756062,4.5,"51 Hoc Lac Street, Ward 11, District 5, Ho Chi Minh City, Vietnam","A cozy Chinese-style noodle and rice shop offering comforting homemade dishes. The place is clean, brightly lit, and loved by locals for its flavorful broths, generous portions, and warm family-run vibe. Great for a quick but satisfying meal in the heart of Chợ Lớn.","A bright, clean spot offering flavorful homemade broths, noodles, and rice plates. Warm and family-run, it’s great for a quick, satisfying meal in Chợ Lớn.","#food, #moment, #few_hours, #indoor, #morning, #evening, #traditional, #cozy, #cheap, #pleasant, #cloudy"
252,Duong Tu Giang Fish Hotpot – 471 Hong Bang,Mon - Sun: 15:00 - 03:00,https://th.bing.com/th/id/R.4c577e82a860daa8dea5473fb12ae1e6?rik=RPtNL6U87Cq89Q&riu=http%3a%2f%2fcdn.tgdd.vn%2fFiles%2f2020%2f06%2f18%2f1263878%2fcach-nau-lau-ca-bop-thit-beo-mem-ngot-ma-khong-tanh-202202150950507162.jpg&ehk=EHRZzp6m%2badG6oXcnFLMBtzANMmlk0i0OPmiXgcEjAU%3d&risl=&pid=ImgRaw&r=0,https://maps.app.goo.gl/YQ1EptbpERpVe2qP8,10.753555715220891,106.6543043278679,4.1,"471 Hong Bang Street, Ward 14, District 5, Ho Chi Minh City, Vietnam","A lively local hotpot spot known for its flavorful fish broth and casual street-style seating. Popular with groups and families looking for a warm meal, especially in the evening. Affordable, hearty, and very “District 5” in vibe.","A bustling street-style hotpot place known for flavorful fish broth and friendly prices. Perfect for groups seeking a warm, casual evening meal.","#food, #few_hours, #outdoor, #evening, #vibrant, #cheap, #youthful, #pleasant, #cloudy, #streetfood"
253,Thuan Kieu Fish Hotpot Restaurant,Mon - Sun: 07:00 - 22:00,https://tse4.mm.bing.net/th/id/OIP.um13n7n-EAz_7AStmws5jwHaFq?cb=ucfimg2ucfimg=1&rs=1&pid=ImgDetMain&o=7&rm=3,https://maps.app.goo.gl/4KJVG7gpmnV3bk7W6,10.753232914534935,106.65350637067745,4.1,"49 Phu Huu Street, Ward 14, District 5, Ho Chi Minh City, Vietnam","A well-known Chinese-Vietnamese fish hotpot restaurant in District 5, famous for its rich broth, large portions, and spacious indoor dining area. Popular for family gatherings and group meals, especially on weekends and evenings.","A well-known District 5 spot with rich broth, big portions, and a spacious dining room. Ideal for family gatherings and weekend group meals.","#food, #few_hours, #long_time, #indoor, #evening, #traditional, #vibrant, #youthful, #pleasant, #cloudy"
254,Truong Clan Ancestral Temple,Mon - Sun: 00:00 - 23:59,https://lh3.googleusercontent.com/gps-cs-s/AG0ilSzYc6gotiuEtf1-DeQBfFjfQ_Yo44sXEFYT_-N6E52F7MhaM2B1ILgcbRDGa2kSSJTBnSu3OJOX1-x1AgeJnxG6nnZ5rk7BFRvRv9s0XDCEDIQZ605dnFOmjW99YfyapQLJ0kXhEg=w408-h544-k-no,https://maps.app.goo.gl/5EeTLG7YLV9XsC4r8,10.75327653807308,106.6522922460159,4.8,"545 Hong Bang Street, Ward 14, District 5, Ho Chi Minh City, Vietnam","Truong Clan Ancestral Temple is a peaceful and historically rich worship site located in the heart of District 5’s Chinatown area. Known for its traditional Chinese-Vietnamese architecture, the temple features ornate carvings, red-and-gold décor, and a tranquil spiritual atmosphere. Visitors often come here to pray, reflect, or admire the cultural heritage preserved through generations.
Despite being close to a busy street, the inside remains quiet and calming, making it a meaningful stop for travelers exploring local culture.","A peaceful Chinese-Vietnamese ancestral temple with ornate carvings and red-gold décor. Quiet and calming, it’s a meaningful cultural stop in Chinatown.","#culture, #photo, #moment, #few_hours, #indoor, #morning, #traditional, #quiet, #unique, #pleasant, #cloudy, #visit"
255,Family Restaurant 455,Mon - Sun: 15:00 - 23:30,https://www.adcfoods.com/wp-content/uploads/2021/03/review-mon-mi-xao-hai-san.jpg,https://maps.app.goo.gl/a6uBMyxg3X9Y7trk7,10.756398913602284,106.6519055169701,4.4,"455 Nguyen Chi Thanh Street, Ward 12, District 5, Ho Chi Minh City, Vietnam","Family Restaurant 455 is a casual local eatery serving comforting home-style Vietnamese–Chinese dishes. The menu features flavorful stir-fried plates, vegetables, noodles, and hearty rice meals. It’s a simple, straightforward spot favored by nearby residents for quick lunches and everyday meals. The atmosphere is relaxed and practical—ideal for anyone wanting an affordable neighborhood meal with familiar flavors.","A simple neighborhood eatery serving Vietnamese–Chinese stir-fries, noodles, and rice plates. Affordable and practical, it’s a go-to spot for everyday meals.","#food, #few_hours, #indoor, #evening, #traditional, #cheap, #cozy, #pleasant, #cloudy"
256,Lam Gia Milk Tea,Mon - Sun: 09:00 - 22:30,https://afamilycdn.com/2018/3/20/1-15215167888951523302914.jpg,https://maps.app.goo.gl/ATSshFextdbvdRRi6,10.756407531162258,106.65227392755767,5,"435 Nguyen Chi Thanh Street, Ward 11, District 5, Ho Chi Minh City, Vietnam","Lam Gia Milk Tea is a small local tea shop offering refreshing milk teas, fruit teas, and light snacks. The shop has a simple and cozy takeaway-focused setup, making it ideal for grabbing a quick drink on the go. Friendly service and straightforward flavors make it a convenient stop for students and nearby residents looking for an affordable treat.","A small takeaway-style shop offering milk teas, fruit teas, and quick snacks. Friendly and convenient, it’s ideal for students wanting an affordable drink.","#drinks, #snacks, #takeaway, #moment, #few_hours, #youthful, #cheap, #pleasant, #cloudy"
257,rolled rice pancakes,Mon - Sun: 00:00 - 23:59,https://media-cdn-v2.laodong.vn/Storage/NewsPortal/2022/11/4/#moment2805/Banh-Cuon-Phuong.jpg,https://maps.app.goo.gl/MLoH4Hf3sN6kZwDm6,10.756545412058715,106.65261203597383,5,"415 Nguyen Chi Thanh Street, Ward 12, District 5, Ho Chi Minh City, Vietnam","A small local spot serving fresh and flavorful bánh cuốn with homemade fillings, soft rice rolls, and a balanced dipping sauce. It’s simple, affordable, and perfect for a quick meal. The quiet, no-frills setting makes it ideal for a casual dine-in or takeaway stop.","A humble shop serving soft rice rolls with fresh homemade fillings and balanced dipping sauce. Simple, quick, and great for an affordable snack or meal.","#food, #moment, #few_hours, #outdoor, #morning, #streetfood, #cheap, #pleasant, #cloudy"
258,Van Hao hotpot,Mon - Sun: 15:00 - 23:00,https://static.riviu.co/image/2020/11/27/94dbe80c4b53354e7cbee674be48bcba_output.jpeg,https://maps.app.goo.gl/pzQKC1VCaJx22Quj7,10.756443568221728,106.65268742598181,3.9,"411 Nguyen Chi Thanh Street, Ward 12, District 5, Ho Chi Minh City, Vietnam","A lively hotpot spot known for its affordable price range and large portions. The restaurant is always bustling, especially in the evening, making it a great choice for group hangouts. Broth is flavorful, topping options are diverse, and service is quick. Not a quiet place—more suitable for gatherings and casual dining.","A bustling spot offering big portions, flavorful broth, and fast service. Not quiet—better suited for group gatherings and casual dining.","#food, #few_hours, #long_time, #indoor, #evening, #vibrant, #cheap, #youthful, #pleasant, #cloudy"
259,Dong Xuyen Hotpot Restaurant,Mon - Thu: 16:00 - 22:30; Fri - Sun: 16:00 - 23:30,https://digiticket.vn/blog/wp-content/uploads/2022/07/lau-dong-xuyen-16.jpg,https://maps.app.goo.gl/Dq5RMf69jNpW3Hms8,10.75660696337647,106.65296556664595,4,"407–409 Nguyen Chi Thanh Street, Ward 12, District 5, Ho Chi Minh City, Vietnam","A long-established hotpot restaurant popular with locals for its rich broth and generous portions. The seafood and meat selections are fresh, and the place is especially crowded during evenings and weekends. It’s not a quiet setting—more of a lively, bustling dining spot perfect for big groups and casual gatherings.","A popular District 5 hotpot place known for rich broth, fresh toppings, and large servings. Crowded and lively, it’s ideal for big groups and weekend meals.","#food, #few_hours, #long_time, #indoor, #evening, #traditional, #vibrant, #youthful, #pleasant, #cloudy"
260,Hu Tieu Beef Ball – Duc Dia,Mon - Sun: 18:00 - 23:59,https://lh3.googleusercontent.com/gps-cs-s/AG0ilSwWS6z_Xycnk8IoVzN5QgRiCc79RzsndFMpNMpEPMxbkOJrsfT-v1K5nDMzIcllO-utQ5EvaSCSPw7M1StBNI7K345zaGGDaL0VqhB-DowYuJ4xt-e7_gIKgp8Me-LZmEL8AlYeE0jeFtH7=w408-h306-k-no,https://maps.app.goo.gl/Y7Vp431CtCBqWwSE9,10.756670514632098,106.65328145049112,4.8,"387 Nguyen Chi Thanh Street, Ward 12, District 5, Ho Chi Minh City, Vietnam","A small, local-style noodle spot known for its flavorful broth and handmade beef balls. The portions are satisfying, the food comes out quickly, and the atmosphere has a classic street-food vibe. Great for a simple, hearty meal any time of the day.","A small noodle shop known for its flavorful broth and handmade beef balls. Quick, satisfying, and full of classic street-food charm—perfect any time of day.","#food, #streetfood, #snacks, #moment, #few_hours, #outdoor, #morning, #evening, #cheap, #traditional, #pleasant, #cloudy"
261,Hong Phat Mixed Porridge,Mon - Sun: 17:30 - 23:59,https://lh3.googleusercontent.com/gps-cs-s/AG0ilSxoDMOZjTxzM0nGKd2pc1avewYm--aMEYUb3s0hitF0zJAiSa_Ap5yM_1hWb3Brn1yIao-tXtSR3DLYx4oVQKdoFVyVLrYzF_q--ZxZGEjjG4umbCVF1bTrWJIEJvDUq-qnheaR=w408-h306-k-no,https://maps.app.goo.gl/oYXVmkMn4YWb6uRM9,10.755374169071233,106.65359497963586,4.8,"73 Ta Uyen Street, Ward 12, District 5, Ho Chi Minh City, Vietnam","A classic street-side porridge stall serving warm, flavorful mixed congee with toppings like pork, liver, and intestines. The taste is comforting, portions are generous, and service is quick. Perfect for a late-evening warm meal or a cozy rainy-day stop.","A cozy stall serving warm mixed congee with pork, liver, and intestines. Comforting and generous, it’s ideal for late evenings or rainy-day cravings.","#food, #streetfood, #snacks, #moment, #few_hours, #outdoor, #evening, #late_night, #cozy, #cheap, #pleasant, #rain, #cloudy"
262,47 Ta Uyen Mixed Congee,Mon - Sun: 16:30 - 23:30,https://lh3.googleusercontent.com/p/AF1QipO0NrOEG59OPljqLiKmEYcRCd9OPcHkkUCRigAl=w426-h240-k-no,https://maps.app.goo.gl/qksKjYjG4kUJtPNy9,10.75474206712136,106.65347395165924,4.2,"47 Ta Uyen Street, Ward 12, District 5, Ho Chi Minh City, Vietnam","47 Ta Uyen Mixed Congee is a long-standing street–food stall famous for its hearty bowl of mixed congee loaded with minced pork, liver, kidney, fish cakes, and fragrant herbs. The place has a busy, lively Chinatown atmosphere — simple plastic tables, quick service, and a warm, comforting flavor that locals love. A great stop for affordable, filling late–night food.",A long-standing stall famous for hearty mixed congee loaded with meats and herbs. Lively Chinatown vibes and affordable prices make it a top late-night stop.,"#food, #streetfood, #snacks, #moment, #few_hours, #outdoor, #evening, #late_night, #traditional, #vibrant, #cheap, #pleasant, #cloudy"
263,Linh Giang Hakka Rice Shop,Mon - Sun: 16:00 - 22:00,https://lh3.googleusercontent.com/gps-cs-s/AG0ilSxLFT-QSzboPO6mC2nh17zh2dzxZL4vweO_SaUwD59XHYXNJKqLsVhdFXXPmZTMPP9DbSPPRc6d3GAOxCfg8hVlleeqnKkdGlzZY3gNJKcczlcK4fOwZoopdGY9dJa5k87e3dlD=w408-h306-k-no,https://maps.app.goo.gl/6YUa1hak7iEZgMRw6,10.756562794194858,106.65434531243716,4.3,"145/2 Duong Tu Giang Street, Ward 12, District 5, Ho Chi Minh City, Vietnam","Linh Giang Hakka Rice Shop is a popular local eatery serving traditional home-style Hakka dishes. The food is comforting and flavorful, with generous portions at affordable prices. The shop has a classic Chinatown vibe — busy, simple, and full of regulars who come for reliable, hearty meals. Great for experiencing authentic, everyday Chinese–Vietnamese home cooking.","A popular eatery offering traditional Hakka-style home cooking with generous portions. Busy and familiar, it’s great for authentic Chinese–Vietnamese everyday meals.","#food, #few_hours, #indoor, #evening, #traditional, #cozy, #cheap, #pleasant, #cloudy"
264,Pi Thai – Thai Noodle House (163 Duong Tu Giang),Mon - Sun: 07:00 - 22:00,https://lh3.googleusercontent.com/gps-cs-s/AG0ilSzxLsm3btpNjdRE-KEwrvOSwu5bvvsJSRWFbz9GyPEbgkXQKLLqtbbuTmOYdlZu36flGZYBbNsS6SN1PNLDbPRafktDWsU9XcYPrCFBYbk8PqL_XgEM7GJmHr_B6YeB-PZ5QIsGGeS9oyeN=w408-h541-k-no,https://maps.app.goo.gl/hgHRWzSzjub6GXTq5,10.756868325483502,106.65441867558695,4.5,"163 Duong Tu Giang Street, Ward 12, District 5, Ho Chi Minh City, Vietnam","Pi Thai is a bright and lively Thai noodle restaurant known for its flavorful broth, spicy options, and signature Thai-style toppings. With its eye-catching yellow storefront and fast service, it’s a popular quick-stop for locals craving something bold and refreshing. Affordable, tasty, and perfect for a casual meal.","A bright Thai noodle shop known for bold broths, spicy options, and fast service. Affordable and flavorful—perfect for a quick, refreshing meal.","#food, #moment, #few_hours, #indoor, #youthful, #vibrant, #pleasant, #sunny, #cloudy"
265,Ngoc Yen Sweet Soup Shop,Mon - Sun: 14:00 - 22:30,https://storage.googleapis.com/inspitrip-blog/global/2018/02/11313589_1561139047440198_761978044_n.jpg,https://maps.app.goo.gl/1MxKDJ3YUZw6a8vb6,10.75678136661026,106.65450639239558,4.1,"157 Duong Tu Giang Street, Ward 12, District 5, Ho Chi Minh City, Vietnam","Ngoc Yen Sweet Soup Shop is a cozy local spot serving a variety of traditional Vietnamese sweet soups (chè). It’s simple, familiar, and perfect for a light dessert or late-night snack. Popular among locals thanks to its affordable prices and homemade flavors.","A simple local spot serving classic Vietnamese sweet soups. Cozy, familiar, and perfect for a light dessert or late-night snack.","#drinks, #snacks, #streetfood, #moment, #few_hours, #indoor, #evening, #cozy, #cheap, #pleasant, #cloudy"
266,Chi Phon’s Pork Hock Noodles,Mon - Sun: 06:00 - 11:00,https://lh3.googleusercontent.com/gps-cs-s/AG0ilSxrPkVpSgURoaiaIFf5YWSYqtw-cs74nLo6R9Q3bkynzu_vRPyPY0qSr-xr7A4I9wvMLAF0s8aL3q1IYzPwdrHnb4abQdsJZk9Y2txkmwKjqAEBYrgv0MDd4Rvl959FXnok7nUX=w408-h306-k-no,https://maps.app.goo.gl/wU9FQgWoBYxTJx3LA,10.756608232202362,106.65431261799107,5,"145 Duong Tu Giang Street, Ward 12, District 5, Ho Chi Minh City, Vietnam","Chi Phon’s Pork Hock Noodles is a humble local eatery in District 5, known for its flavorful broth and generous toppings. The bowl combines tender pork hock, soft noodles, and a light, fragrant soup that feels both comforting and satisfying. The place has a simple, no-frills setup, making it perfect for a quick meal or a casual stop during the day.","A humble shop offering fragrant broth, tender pork hock, and soft noodles. Simple and satisfying—great for a quick, comforting meal.","#food, #moment, #few_hours, #indoor, #morning, #evening, #cozy, #cheap, #traditional, #pleasant, #cloudy"
267,Crushed Peach Tea Stall,Mon - Sun: 20:30 - 02:00,https://vnn-imgs-f.vgcloud.vn/2021/08/06/16/tra-chanh-dao-sa-thuc-uong-thom-ngon-tuoi-moi-gioi-tre-me-say.jpg,https://maps.app.goo.gl/fAoESCzyEETL4Poo9,10.756732702324383,106.65454224750016,4.2,"347 Nguyen Chi Thanh, Ward 12, District 5, Ho Chi Minh City, Vietnam","This crushed peach tea stall on Nguyen Chi Thanh offers a refreshing, street-style drink that’s perfect for a quick cool-down. The tea is mixed with plenty of fruit, ice, and a balanced sweetness, making it an easy pick-me-up while wandering around District 5. It’s simple, fast, and full of the lively energy typical of Saigon street vendors — great for anyone who enjoys casual local drinks.","A refreshing street-side tea spot mixing peach tea with fruit and ice. Simple, fast, and lively—ideal for a quick cool-down in District 5.","#drinks, #streetfood, #takeaway, #moment, #outdoor, #sunny, #youthful, #cheap, #pleasant, #windy"
268,Starbucks Golden Plaza,Mon - Sun: 07:00 - 22:00,https://tse3.mm.bing.net/th/id/OIP.XuQMTFZ-tQveWANT6jMpWgHaEK?cb=ucfimg2ucfimg=1&rs=1&pid=ImgDetMain&o=7&rm=3,https://maps.app.goo.gl/j2FwUJbkEaFE7sz6A,10.753602170221084,106.65495522713269,4.8,"465 Hong Bang, Ward 14, District 5, Ho Chi Minh City, Vietnam","Starbucks Golden Plaza in District 5 offers a clean, modern, and comfortable space for both work and relaxation. With reliable Wi-Fi, spacious seating, and consistent drink quality, it’s a convenient stop for students, remote workers, or anyone needing a quiet spot to unwind. Whether you’re grabbing a quick coffee or staying for a longer study session, this branch delivers the familiar Starbucks experience with a calm urban vibe.","A clean, modern café with reliable Wi-Fi and plenty of seating. Great for studying, remote work, or a calm urban coffee break.","#cafe, #drinks, #study, #photo, #snacks, #moment, #few_hours, #long_time, #indoor, #morning, #modern, #minimalist, #quiet, #pleasant, #cloudy, #luxury"
269,Grilled Meatball Bread & Vermicelli Bowl,Mon: 06:00 - 12:45; Tue - Fri: 06:00 - 13:00; Sat - Sun: close,https://lh3.googleusercontent.com/p/AF1QipNo_-ovYaBXjz1CQCzFKVws98eWZcO7NwtvgaCN=w408-h305-k-no,https://maps.app.goo.gl/eBVypoATg3Bc8vTQ8,10.753301336153491,106.65534995276788,0,"74 Duong Tu Giang, Ward 14, District 5, Ho Chi Minh City, Vietnam","This small food spot serves flavorful grilled meatball dishes in both bánh mì and vermicelli bowl styles. The meatballs are smoky, slightly sweet, and well-seasoned, paired with fresh herbs and pickles for a balanced taste. It’s a quick, satisfying street-food choice that captures the classic Saigon flavor — simple, tasty, and perfect for a fast meal on the go.","A small food stall serving smoky, well-seasoned meatballs in bánh mì or vermicelli bowls. Simple, tasty, and perfect for a quick Saigon-style meal on the go.","#food, #streetfood, #snacks, #moment, #few_hours, #outdoor, #cheap, #youthful, #pleasant, #sunny, #cloudy"
270,COTTI COFFEE – Golden Plaza,Mon - Sun: 07:00 - 22:00,https://lh3.googleusercontent.com/gps-cs-s/AG0ilSwqE0EgRo3j8M2Klbq5QjxOl4JuTUH4v-551yYi0iizPjQqVHHXbzfUqD-agDY36tw383iWXjjf8fGymPqO9csClgiFvy20J4aqAzcDINi5badqIimJSRFo3GbeNve0j-bzqZz1yw=w408-h306-k-no,https://maps.app.goo.gl/s4Hh2CrpDNvQSzL98,10.752987808863752,106.65503213680387,4.2,"922 Nguyen Trai, Ward 14, District 5, Ho Chi Minh City Vietnam","COTTI COFFEE – Golden Plaza offers a bright, modern café space with a clean design and a comfortable seating layout. It’s a convenient spot for grabbing a drink, studying, or working thanks to its cool air-conditioning and relaxed environment. The menu features trendy coffee and milk tea options with reasonable prices, making it a popular casual stop for students and office workers in District 5.","A bright, modern café ideal for studying or relaxing with trendy coffee and tea drinks. Affordable and comfortable—popular with students and office workers.","#cafe, #drinks, #study, #snacks, #photo, #moment, #few_hours, #long_time, #indoor, #morning, #modern, #youthful, #pleasant, #cloudy"
271,Koo Kui Desserts – Traditional Sweet Soup House,Mon - Sun: 11:00 - 22:00,https://lh3.googleusercontent.com/p/AF1QipOZdZ_ic6B5dzdwRH0YUop4hK79TXoGF_EipW1k=w408-h366-k-no,https://maps.app.goo.gl/sd32ieGhxhzufxaM6,10.752720344956764,106.65485645211714,4.5,"949 Nguyen Trai, Ward 14, District 5, Ho Chi Minh City, Vietnam","Koo Kui Desserts offers a nostalgic, traditional-style sweet soup experience with a warm and inviting atmosphere. The menu features a variety of Asian-style desserts, from herbal jelly to hot and cold sweet soups, all prepared with gentle flavors and a comforting home-cooked feel. It’s a cozy spot to unwind after a meal, enjoy dessert with friends, or take a small break during your District 5 food trip. The classic décor adds to the charm, making it a pleasant place to slow down and relax.","A nostalgic dessert shop offering herbal jellies and Asian-style sweet soups. Warm and cozy, it’s great for unwinding after a meal or taking a slow break.","#drinks, #snacks, #moment, #few_hours, #indoor, #evening, #cozy, #traditional, #pleasant, #cloudy"
272,Cho Vai Coffee (Le Vu),Mon - Sun: 00:00 - 23:59,https://lh3.googleusercontent.com/gps-cs-s/AG0ilSx9nLJuRTGzlbeT02e3KNEpki-OeOLaIgVyiGzvnDGYTERopBszL5bViRG8oJELhVSEUYJtu0iVp0MMhnT7FjQwqY5Bh9fY0MkbwyI0a6WjUOHMls0iOs7Z7sqpFLedLjh-kQGe=w426-h240-k-no,https://maps.app.goo.gl/cNoMPA5PXhEVg7jT6,10.75265792622625,106.65536202183195,5,"58 Duong Tu Giang, Ward 14, District 5, Ho Chi Minh City, Vietnam","Cho Vai Coffee (Le Vu) is a small, cozy café tucked inside the lively fabric market area of District 5. The space has a warm, intimate feel — simple but charming — perfect for slowing down with a drink after walking around the neighborhood. It’s the kind of spot where you can sit quietly, enjoy a gentle atmosphere, and take in the everyday rhythm of local life. Ideal for a peaceful coffee break or a casual meetup.","A small, intimate café tucked inside the fabric market, perfect for slowing down. Quiet and charming—ideal for a peaceful drink while watching daily life go by.","#cafe, #drinks, #moment, #few_hours, #indoor, #morning, #cozy, #quiet, #traditional, #pleasant, #cloudy"
273,MINISTOP,Mon - Sun: 00:00 - 23:59,https://lh3.googleusercontent.com/gps-cs-s/AG0ilSy-CbaSFYxF6qSHfXqTV7Ru-IIkWWJYoZL6mnk-r2vOYjRZ_P7WTx0etCN7gXfeqfOaB3mGkHb-t13ydvH4g2wKJr2tJu0BVYiC_ZdeX_Prb_seNQ16uKUy-4vgrZlHSz_43VKDdw=w408-h544-k-no,https://maps.app.goo.gl/gAx1U78Q2R5YBTASA,10.752717216286214,106.65534726968319,3.8,"927 Nguyen Trai, Ward 14, District 5, Ho Chi Minh City, Vietnam","MINISTOP is a convenient stop for quick snacks, drinks, or small essentials while moving around District 5. It’s clean, bright, and easy to access, making it a reliable place for a fast grab-and-go moment — whether you need a cold drink, a quick bite, or simply a short break in air-conditioning. A simple, practical spot for everyday needs.","A convenient spot for quick snacks, drinks, or essentials. Clean, bright, and reliable—great for grab-and-go moments or a quick AC break.","#drinks, #snacks, #takeaway, #moment, #indoor, #youthful, #cheap, #pleasant, #cloudy"
274,Khmer 84 Food,Mon - Sun: 07:00 - 20:00,https://tse1.mm.bing.net/th/id/OIP.M4LHJtJkHN23ZVkBicLNBQHaEK?cb=ucfimg2ucfimg=1&rs=1&pid=ImgDetMain&o=7&rm=3,https://maps.app.goo.gl/Ad3uDtTk9EK9KwVU6,10.752234695510044,106.65527060574979,5,"33 Duong Tu Giang, Ward 14, District 5, Ho Chi Minh City, Vietnam","Khmer 84 Food is a simple, home-style eatery serving warm and comforting Cambodian dishes. The flavors are bold but balanced, bringing a taste of traditional Khmer cuisine right into the heart of District 5. The place is modest and spacious, making it a relaxed spot for a quick meal or takeaway. If you’re exploring new flavors beyond typical Vietnamese street food, this is a friendly and satisfying choice.","A simple eatery serving warm, flavorful Cambodian home-style dishes. Relaxed and spacious, it’s a friendly stop for exploring Khmer flavors in District 5.","#food, #moment, #few_hours, #indoor, #traditional, #cheap, #pleasant, #cloudy"
275,Thuan Phat Eatery,"Mon - Sun: 09:30 - 13:30, 16:00 - 22:00",https://lh3.googleusercontent.com/gps-cs-s/AG0ilSz3DbOYWrRJqcP6zwIBwCYoqZgI2QtS-sZXagGCalaEZy2E4LKcZwEmZb7ev5vA_u_F3j47cPN3fF8XLm9_ShXwvh3KvY0AePGqAycV4UW4FzEuz59FgVl7Wi5lFHcqYBtrtJQj=w408-h544-k-no,https://maps.app.goo.gl/XesXfivrUsTJcGMk7,10.75205317790109,106.65506515204768,4.4,"Tran Hung Dao / Duong B, Ward 14, District 5, Ho Chi Minh City, Vietnam","Thuan Phat Eatery is a lively, everyday Vietnamese food spot offering a wide range of affordable dishes. It has the bustling, energetic vibe of a local canteen, where meals are served fast, flavorful, and generously portioned. Whether you're stopping by for a quick lunch or grabbing dinner to-go, this place delivers familiar home-style flavors that fit perfectly into the street-food rhythm of District 5.","A lively local canteen offering fast, affordable, home-style Vietnamese dishes. Bustling and generous—perfect for quick lunches or easy dinners.","#food, #moment, #few_hours, #indoor, #evening, #youthful, #vibrant, #cheap, #pleasant, #cloudy"
276,Le Chau Assembly Hall - 麗朱會館,Mon - Sun: 00:00 - 23:59,https://lh3.googleusercontent.com/gps-cs-s/AG0ilSy1OyxW5JA7b9Cw3fJ7ZKarN9_jiAdTeRyrqXxSQCv8BhjDdo_5767CX7Lr7bFw_BYye_su4lJhoEMwBq5qZCB60O5YWjtC0ZDzqgxi6c9go9fCBzL7UWK49-ME106CEbiDVhwWxQ=w408-h306-k-no,https://maps.app.goo.gl/NdYcEaKo7XPvbHXFA,10.752070306176336,106.65518786311061,4.7,"586 Tran Hung Dao, Ward 14, District 5, Ho Chi Minh City, Vietnam","Le Chau Assembly Hall is a beautifully preserved traditional Chinese temple located in the heart of District 5. The architecture features detailed carvings, red wooden gates, and a peaceful courtyard that contrasts with the busy streets outside. It’s a calm and culturally rich spot where visitors can appreciate heritage, history, and the quiet spiritual atmosphere. Perfect for a short cultural stop, photography, or simply enjoying a moment of stillness.",A beautifully preserved traditional Chinese temple with intricate carvings and a peaceful courtyard. A calm cultural stop ideal for photos and quiet reflection.,"#culture, #photo, #walking, #moment, #few_hours, #indoor, #morning, #traditional, #quiet, #unique, #pleasant, #cloudy, #visit"
277,XCHA Milk Tea,Mon - Sun: 07:00 - 22:00,https://lh3.googleusercontent.com/gps-cs-s/AG0ilSwEs4tvmu6i8MujOeYDl3nUu1jWx92up0Eo92osGiFWzbMLucei05tT7VbnUOBacXqvFtUSWl0t9Adqy6JBSB0u6Cwgl1g09JTC9fwx1FpxjOEnqxj1gjLvjmen_Vf_LJ7t-uz6Ew7NFwfg=w408-h306-k-no,https://maps.app.goo.gl/BFoxReXJtHvyowaJ6,10.751836439253509,106.65560427606003,0,"541B Tran Hung Dao, Ward 14, District 5, Ho Chi Minh City Vietnam","XCHA Milk Tea is a small street-side drink stall offering quick, affordable milk tea options. The setup is simple and convenient, perfect for grab-and-go drinks while passing through Tran Hung Dao. With straightforward flavors and fast service, it’s a casual stop for anyone craving a refreshing milk tea without fuss. Ideal for students, locals, and anyone looking for a quick treat.","A quick, street-side stall offering affordable milk tea for grab-and-go convenience. Simple, fast, and perfect for students craving a casual drink.","#drinks, #takeaway, #snacks, #moment, #outdoor, #youthful, #cheap, #pleasant, #sunny, #cloudy"
278,Hai Ky Noodle Shop,Mon - Sun: 06:00 - 15:00,https://static.riviu.vn/image/2020/07/20/3d68952b116248fbba3ab631256ffdc0.jpg,https://maps.app.goo.gl/b4DogTfdWChdZToZA,10.751368046084133,106.65537762939489,4.4,"5 Duong Tu Giang, Ward 14, District 5, Ho Chi Minh City, Vietnam","Hai Ky Noodle Shop is a humble, local-style eatery serving classic Cantonese-inspired noodle bowls. The flavors are simple and comforting, with fresh noodles, light broth, and straightforward toppings. It has the familiar vibe of a neighborhood noodle stall — no frills, fast service, and perfect for a quick meal at any time of day. A reliable stop if you enjoy traditional Asian noodle dishes in an authentic setting.","A humble Cantonese-style noodle shop serving light broths and fresh noodles. No-frills and comforting—great for a quick, authentic meal anytime.","#food, #moment, #few_hours, #indoor, #traditional, #cozy, #cheap, #pleasant, #cloudy"
279,Confucius Park,Mon - Sun: 00:00 - 23:59,https://lh3.googleusercontent.com/gps-cs-s/AG0ilSzYnh9G_jniAVdA3px7LOJHPXsNo2bwjD6cOB3C7eWMN36kPs1hmV6LfBJ9xK9Sly7LqQiskWPFlQwPPhcGg9nU1bVP3vimY-TrJR2gu79MSskjMWVRpanPv6MGPMiC_BrZ1Ts=w408-h725-k-no,https://maps.app.goo.gl/f6BK7Q1BZtQogpku8,10.750916900927242,106.6559000634193,5,"255A Hai Thuong Lan Ong, Ward 13, District 5, Ho Chi Minh City, Vietnam","Confucius Park is a small cultural corner in District 5 featuring a statue and memorial area dedicated to Confucius. Despite being located along a busy street, the park offers a calm atmosphere with greenery, benches, and an open layout that invites visitors to pause, observe, and enjoy a quiet moment. It’s a quick but meaningful stop for those interested in Chinese-Vietnamese heritage or exploring the historic neighborhood surrounding Hai Thuong Lan Ong.","A small cultural park honoring Confucius, offering greenery and a peaceful resting space. Despite being near a busy street, it’s a quiet place to pause and appreciate local heritage.","#walking, #photo, #moment, #few_hours, #outdoor, #morning, #culture, #quiet, #natural, #pleasant, #windy, #sunny, #cloudy"
280,Di Lac Vegetarian Eatery,Mon - Sun: 06:30 - 15:00,https://images.squarespace-cdn.com/content/v1/508da03be4b0d28844ddf21c/5c622fff-863f-4191-9d0c-7b93d7425c27/Pinakbet_ni_Lakay_Jesse.jpeg,https://maps.app.goo.gl/AP5euaMjbCETGUBKA,10.748164414064021,106.65723492716965,5,"1328 Vo Van Kiet, Ward 13, District 11, Ho Chi Minh City, Vietnam","Di Lac Vegetarian Eatery is a humble, home-style vegetarian spot offering light, comforting dishes at very friendly prices. The food is simple but warm, carrying the familiar flavors of everyday Vietnamese vegetarian cooking. It’s a peaceful place to enjoy a quick meal, takeaway, or a quiet moment away from the busy streets. Perfect for those looking for a wholesome, no-fuss vegetarian option in District 11.","A humble vegetarian spot serving light, home-style Vietnamese dishes at very friendly prices. Peaceful and no-fuss—perfect for a quick meal or quiet break in District 11.","#food, #moment, #few_hours, #indoor, #morning, #evening, #cozy, #quiet, #cheap, #traditional, #pleasant, #cloudy"
281,Takoyaki 1312,"Mon - Sat: 18:30 - 21:00, Sun: close ",https://th.bing.com/th/id/R.130935abf29c3798039c4ca0ec8c70f1?rik=LaG6%2bFKJ%2bbqmJQ&pid=ImgRaw&r=0,https://maps.app.goo.gl/jbd8KnDrR65mwwPZ9,10.748419175946415,106.65796874382504,5,"1312 Vo Van Kiet, Ward 13, District 5, Ho Chi Minh City Vietnam","Takoyaki 1312 is a small, casual spot specializing in freshly made Japanese-style takoyaki. The bites are warm, flavorful, and topped with classic sauces, bonito flakes, and seaweed, making them a satisfying snack for any time of day. It’s a convenient grab-and-go choice or a fun little treat to enjoy while exploring District 5. Simple, tasty, and perfect for fans of Japanese street food.","A small street spot making fresh, Japanese-style takoyaki topped with classic sauces and bonito flakes. Simple, tasty, and great for a quick snack while wandering District 5.","#food, #streetfood, #snacks, #moment, #few_hours, #outdoor, #youthful, #pleasant, #sunny, #cloudy"
282,Fried Oyster & Egg Street Stall,Mon - Sun: 18:30 - 23:59,https://cdn.tgdd.vn/Files/2020/07/03/1267367/bat-mi-cong-thuc-lam-hau-chien-trung-cua-quan-ban-hon-100-phan-hau-chien-moi-ngay-202007031035460530.jpg,https://maps.app.goo.gl/zZ9os6wtkZJvjUox9,10.750557613377357,106.65748347063068,3.8,"128 Phung Hung, Ward 13, District 5, Ho Chi Minh City, Vietnam","This fried oyster and egg street stall is a lively nighttime spot known for its sizzling pans, bold flavors, and energetic street-food vibe. The oysters are fried with eggs until crispy on the edges and soft inside, paired with dipping sauces and fresh herbs. It’s a classic District 5 late-night experience — crowded, smoky, noisy, but full of authentic local charm. Perfect for street-food lovers looking for something flavorful and fun.","A lively night stall known for sizzling oyster–egg dishes with bold, crispy flavors. Crowded, smoky, chaotic—and full of authentic District 5 charm.","#food, #streetfood, #snacks, #few_hours, #moment, #outdoor, #evening, #late_night, #vibrant, #youthful, #cheap, #pleasant, #cloudy"
283,Grilled Milk Cheese Stall,Mon - Sun: 00:00 - 23:59,https://checkinvietnam.vtc.vn/media/20240228/images/pho-mai-sua-nuong-ha-noi-14.jpg,https://maps.app.goo.gl/FPP23cng1oJwtVYs9,10.750608065075681,106.65796496833875,3.3,"191 Hai Thuong Lan Ong, Ward 13, District 5, Ho Chi Minh City, Vietnam","This grilled milk-cheese stall is a small street-food spot tucked inside a narrow alley on Hai Thuong Lan Ong. The taste is sweet, creamy, and lightly caramelized, making it a fun, quirky snack for anyone exploring the Chinatown area. It’s a grab-and-go kind of place — quick, casual, and perfect for satisfying a late-night sweet craving.","A tiny alley stall serving sweet, creamy grilled milk-cheese snacks. Quick, quirky, and perfect for a late-night treat in Chinatown.","#streetfood, #snacks, #moment, #few_hours, #outdoor, #evening, #youthful, #pleasant, #cloudy"
284,Hai Thuong Lan Ong Ice Cream Cart,Mon - Sun: 18:00 - 23:59,https://kemducphat.com/wp-content/uploads/2021/04/kem-ky-la-gi.jpg,https://maps.app.goo.gl/3ia18gWQ3psfS3fi6,10.750607977227284,106.65826948399405,3.5,"177 Hai Thuong Lan Ong, Ward 13, District 5, Ho Chi Minh City, Vietnam","This ice cream cart on Hai Thuong Lan Ong is a classic local-style spot known for its simple, nostalgic flavors. Served right from the cart, the ice cream is creamy, sweet, and perfect for cooling down while walking through the busy streets of District 5. It’s a casual, on-the-go treat with a lively street-food atmosphere — quick, affordable, and full of old-school charm.","A nostalgic ice-cream cart offering simple, creamy local-style flavors. Cheap, refreshing, and great for cooling down as you walk through District 5.","#drinks, #snacks, #streetfood, #takeaway, #moment, #outdoor, #sunny, #youthful, #cheap, #pleasant, #windy"
285,Feeling Tea Milk Tea,Mon - Sun: 08:00 - 21:00,https://static.riviu.vn/image/2020/07/15/3440f552d94a438c846c5ddcdcc245a1.jpg,https://maps.app.goo.gl/YTpnw9gomnwEV5ef6,10.751219831348438,106.6560913197607,4.5,"6B Do Ngoc Thanh, Ward 14, District 5, Ho Chi Minh City, Vietnam","Feeling Tea is a small, straightforward milk tea shop offering classic flavors and quick service. The space is simple but comfortable enough for a short sit-down while enjoying a drink. It’s a convenient spot for students and locals looking for an affordable milk tea option in District 5. Whether you’re grabbing a takeaway or chilling for a moment, it delivers a familiar, easygoing experience.",A straightforward milk-tea shop with quick service and classic flavors. Affordable and easygoing—ideal for a short sit-down or takeaway drink.,"#drinks, #snacks, #moment, #few_hours, #indoor, #youthful, #cheap, #pleasant, #cloudy"
286,Hong Crab Soup,Mon - Sun: 14:00 - 21:00,https://image-us.eva.vn/upload/3-2023/images/2023-07-04/5-cach-nau-sup-cua-don-gian-tai-nha-cuc-ngon-khong-chay-nuoc-cach-nau-sup-cua-eva-019-1688458597-637-width780height591.jpg,https://maps.app.goo.gl/4asAupp7WnWkZVoS6,10.751124054108432,106.65670608469529,3.4,"268 Hai Thuong Lan Ong, Ward 14, District 5, Ho Chi Minh City, Vietnam","Hong Crab Soup is a small, casual street-food stop offering warm, comforting crab soup with a savory, slightly thick texture. It’s a simple grab-and-go snack that fits perfectly into the lively food scene of District 5. Whether you're passing by or craving something warm and flavorful, this spot delivers a quick and satisfying local treat.","A small street stall serving warm, savory crab soup with a slightly thick, comforting texture. Perfect for a quick, flavorful grab-and-go snack in District 5.","#food, #streetfood, #snacks, #moment, #few_hours, #outdoor, #evening, #cheap, #pleasant, #cloudy"
287,Quai Vat Pastry,Mon - Sun: 09:00 - 23:00,https://cdn.tgdd.vn/Files/2021/10/07/1388532/cach-lam-banh-goi-banh-quai-vac-chien-va-hap-thom-ngon-202205241609530407.jpg,https://maps.app.goo.gl/5sE3hb8DzWU7SY7Z9,10.751150888653008,106.65699220866398,4.9,"266 Hai Thuong Lan Ong, Ward 14, District 5, Ho Chi Minh City, Vietnam","Quai Vat Pastry is a popular street-side bakery stall known for its crispy, golden crust and rich, flavorful filling — often with quail eggs, mushrooms, and savory seasonings. Each pastry is freshly fried and packed with texture, making it a satisfying snack for both locals and visitors wandering around District 5. Perfect for takeaway, especially if you're craving something warm, crunchy, and full of flavor.","A popular fry-up stall selling crispy pastries stuffed with savory fillings like quail eggs and mushrooms. Fresh, crunchy, and perfect for a warm on-the-go snack.","#streetfood, #snacks, #moment, #few_hours, #outdoor, #youthful, #cheap, #pleasant, #cloudy"
288,Nhi Phu Assembly Hall (Ong Bon Temple),Mon - Sun: 07:00 - 17:00,https://static.vinwonders.com/production/chua-ong-bon-4.jpg,https://maps.app.goo.gl/V8NWSK7TSCKhNSZP8,10.751038157992731,106.65730230410419,4.9,"264 Hai Thuong Lan Ong, Ward 14, District 5, Ho Chi Minh City, Vietnam","Nhi Phu Assembly Hall, also known as Ong Bon Temple, is one of District 5’s most iconic cultural landmarks. With its ornate Chinese architecture, detailed carvings, and vibrant traditional colors, the temple offers a deep sense of history and spirituality. Despite being located in a busy area, it remains calm and peaceful inside, making it a meaningful stop for anyone exploring the heritage of Saigon’s Chinatown. Perfect for appreciating architecture, taking photos, or enjoying a quiet cultural moment.",A beautifully ornate Chinese temple with vibrant colors and detailed carvings. Calm and spiritual inside—an essential cultural stop in Chinatown.,"#culture, #photo, #walking, #moment, #few_hours, #indoor, #morning, #traditional, #quiet, #unique, #pleasant, #cloudy, #visit"
289,American Beef Kimchi Hotpot,Tue - Sat: 17:00 - 21:00; Sun: 16:00 - 22:00; Mon: close,https://thichlaunuong.com/uploads/files/2021/05/21/gyu-kimchi-nabe-lau-bo-kim-chi1537556147.jpg,https://maps.app.goo.gl/2uWu3zPRvd4XzsNW7,10.752273962806699,106.6568045497419,3.9,"518/1 Tran Hung Dao B, Ward 14, District 5, Ho Chi Minh City, Vietnam","This American beef kimchi hotpot spot is a cozy alleyway eatery serving warm, flavorful Korean-style hotpot at a budget-friendly price. The broth is spicy and tangy, packed with vegetables, tofu, and tender slices of beef. It has a casual, lively atmosphere — perfect for groups of friends looking for a comforting meal, especially on cooler evenings or rainy days. A simple but satisfying hotpot option in District 5.","A cozy alley eatery serving spicy, tangy Korean-style kimchi hotpot with tender beef. Affordable, lively, and great for group meals on cool or rainy nights.","#food, #few_hours, #long_time, #indoor, #evening, #vibrant, #youthful, #cheap, #pleasant, #rain, #cloudy"
290,Savory Sticky Rice with Dried Shrimp,Mon - Sun: 06:30 - 09:30,https://daotaobeptruong.vn/wp-content/uploads/2021/03/xoi-man-sai-gon.jpg,https://maps.app.goo.gl/BLKdBGa46y3rWFaP7,10.752797290321983,106.65630695622072,0,"885 Nguyen Trai, Ward 14, District 5, Ho Chi Minh City, Vietnam","This savory sticky rice stall serves a classic Vietnamese street-food favorite, topped with dried shrimp, floss, fried shallots, and a flavorful soy-based drizzle. It’s warm, fragrant, and filling — the type of late-night comfort food that hits perfectly when you’re craving something salty and satisfying. Fast, affordable, and packed with local charm, it’s a great grab-and-go option along the busy streets of Nguyen Trai.","A comforting xôi stall topped with dried shrimp, floss, fried shallots, and soy sauce. Warm, filling, and perfect for affordable late-night cravings.","#food, #streetfood, #snacks, #moment, #few_hours, #outdoor, #evening, #late_night, #cheap, #pleasant, #cloudy, #takeaway"
291,Phuc Minh Long Traditional Steamed Buns,Mon - Sat: 06:00 - 09:30,https://lh3.googleusercontent.com/gps-cs-s/AG0ilSy0qAf6mmbDE_mDRO6__8W1N-hfDWEmFDAMy1Dr9ulTNkRTQ4CzoHqnwxQLeehSYioeFQKVfBPWjmjZ1d79M726USZarN-rH7n6rjXp5WW5h7F8nRD5Or7a2PQyvbMzL6JLjMw=w408-h408-k-no,https://maps.app.goo.gl/V2WMRr4Guvj3yWuU9,10.752766736797273,106.65652066625937,5,"871 Nguyen Trai, Ward 14, District 5, Ho Chi Minh City, Vietnam","Phuc Minh Long is a long-standing traditional steamed bun stall known for its soft, fluffy dough and richly seasoned fillings. Warm, fragrant, and comforting, these buns are perfect as a quick snack or a light breakfast on the go. The stall has a simple, classic street-food charm, making it a reliable stop for anyone craving authentic handmade Vietnamese steamed buns in District 5.","A long-standing bun stall known for soft, fluffy dough and flavorful fillings. Warm and fragrant—perfect for a quick breakfast or snack.","#food, #streetfood, #snacks, #moment, #few_hours, #outdoor, #morning, #traditional, #cheap, #pleasant, #cloudy, #takeaway"
292,Hue Pork Sausage Banh Mi,Mon - Sun: 06:30 - 11:00,https://th.bing.com/th/id/R.541acfeacad91ab637b1aa20efa800db?rik=z2awITZ1oCJrnQ&pid=ImgRaw&r=0,https://maps.app.goo.gl/xMsq9hAFgJqbeT3L7,10.75309940136358,106.65603795867186,4,"53 Do Ngoc Thanh, Ward 14, District 5, Ho Chi Minh City, Vietnam","This Hue-style pork sausage banh mi stall serves a flavorful and satisfying sandwich with thick slices of cha Hue, fresh herbs, and a crispy baguette. It’s simple, tasty, and perfect for a fast, affordable grab-and-go meal. Whether you're stopping by for a quick breakfast or picking up a snack while exploring the area, this spot delivers classic Vietnamese street-food comfort.","A fast, tasty banh mi spot serving thick slices of cha Huế with herbs and a crispy baguette. Simple, satisfying, and ideal for grab-and-go meals.","#food, #streetfood, #snacks, #moment, #few_hours, #outdoor, #morning, #cheap, #youthful, #pleasant, #cloudy, #takeaway"
293,Lu Ky Chicken Glass Noodles & Banh Lot,Mon - Sun: 15:30 - 23:00,https://i.ytimg.com/vi/JCI-V3D1hPg/hq720.jpg?sqp=-oaymwEhCK4FEIIDSFryq4qpAxMIARUAAAAAGAElAADIQj0AgKJD&rs=AOn4CLCesDtT_PgmwYev_ky8AQrc1Fjn4g,https://maps.app.goo.gl/p1nvESPuZ6oKc1dM6,10.752936449346361,106.65574769577785,4.1,"904/3 Nguyen Trai, Ward 14, District 5, Ho Chi Minh City, Vietnam","Lu Ky is a long-standing, beloved noodle shop known for its comforting chicken glass noodles and signature banh lot. The broth is light but flavorful, the chicken tender, and the toppings generous — all served in a cozy, bustling local setting. Whether you dine in or grab a quick takeaway, it’s a warm, satisfying bowl that reflects the authentic culinary character of District 5.","A beloved local shop famous for chicken glass noodles and banh lot in a light, flavorful broth. Cozy, bustling, and reliably comforting.","#food, #moment, #few_hours, #indoor, #morning, #traditional, #cozy, #pleasant, #cloudy"
294,Vu Gia Bakery – Birthday & Cream Cakes,Mon - Sun: 00:00 - 23:59,https://lh3.googleusercontent.com/gps-cs-s/AG0ilSx7ndre-cuatf7NQZqmYviA4xx0yjXdcn87ooyZQnr9ymspZTmy3Pu8BK1LNc8zwZnI52xDnZD0bCcGbL17QyXA8qjrZXQOL_1odA_z7mVAtJrlglTWITqDXtRhbZPsZLCoMuIi=w408-h544-k-no,https://maps.app.goo.gl/krKEc9G1X9cVzvDV8,10.753013174446643,106.6569554659328,4.6,"848 Nguyen Trai, Ward 14, District 5, Ho Chi Minh City, Vietnam","Vu Gia Bakery is a neighborhood cake shop known for its handcrafted birthday cakes, cream cakes, and decorative designs. The cakes are soft, fresh, and often customized with detailed piping and floral icing — perfect for celebrations or gifting. With friendly service and reasonable prices, it’s a reliable spot in District 5 for picking up a personalized cake or a sweet treat to share.","A neighborhood bakery offering fresh, handcrafted birthday cakes and cream cakes. Friendly and affordable—great for custom orders or sweet treats.","#snacks, #photo, #moment, #few_hours, #indoor, #youthful, #pleasant, #cloudy, #takeaway"
295,ASIANEST Fresh Stewed Bird’s Nest,Mon - Sun: 08:00 - 20:00,https://lh3.googleusercontent.com/p/AF1QipNgB56WK7KsXuj17Wh-fPrSMWHTOhL61M5MlXIL=w408-h306-k-no,https://maps.app.goo.gl/ed2BqBx1nF8MBPPQ7,10.753166669620311,106.6569983812782,5,"842/3 Nguyen Trai, Ward 14, District 5, Ho Chi Minh City Vietnam","ASIANEST is a specialty spot offering freshly stewed bird’s nest, known for its clean preparation and premium ingredients. The shop has a neat, reliable setup tucked inside a small alley, making it a great choice for those who want a nutritious, ready-to-enjoy drink. Smooth, mildly sweet, and refreshing, their bird’s nest is perfect for health-focused customers or anyone looking for a high-quality treat in District 5.","A specialty shop selling freshly stewed bird’s nest made with clean, premium ingredients. Smooth, mildly sweet, and perfect for a nutritious, ready-to-enjoy drink.","#drinks, #snacks, #moment, #few_hours, #indoor, #healthy, #elegant, #pleasant, #cloudy, #takeaway"
296,Nguyen Trai Vegetarian Banh Mi,Mon - Sun: 06:00 - 20:30,https://down-vn.img.susercontent.com/vn-#moment34259-7r98o-lxnkudk5ghjv87,https://maps.app.goo.gl/2EZMFZW8cckyHiHU6,10.753020421001667,106.65709963467128,4.3,"836 Nguyen Trai, Ward 14, District 5, Ho Chi Minh City, Vietnam","This vegetarian banh mi stall on Nguyen Trai is a popular choice thanks to its flavorful fillings, crispy baguette, and affordable price. The ingredients are fresh and well-seasoned, offering a satisfying meat-free option that still feels hearty and tasty. It’s a fast, casual spot perfect for grab-and-go meals or a quick snack along the busy main street of District 5.","A flavorful meat-free banh mi stall with fresh fillings and crispy bread. Quick, affordable, and perfect for a hearty vegetarian grab-and-go meal.","#food, #streetfood, #snacks, #moment, #few_hours, #outdoor, #cheap, #pleasant, #cloudy, #takeaway"
297,Steamed Rice Rolls with Fermented Pork – Soai Kinh Lam,"Mon - Sun: 06:00 - 11:00, 15:30 - 20:30",https://lh3.googleusercontent.com/gps-cs-s/AG0ilSy1Ci22daY1s-IKmtagtDVVtLmbMrXOmuJ080LyeVZDamdtAZRl4DakNznXp0hcn828YH0nNc2K1HVmwfh3we7krSyFPT4YzpJhUhPztENNJmtpztJxhTsRv6l3t9QVN2U0khNJtQ=w408-h544-k-no,https://maps.app.goo.gl/YfSiHukPcNz93YuD6,10.753237195286765,106.65730142274298,4.4,"177 Phung Hung, Soai Kinh Lam Market Area, Ward 1, District 5, Ho Chi Minh City, Vietnam","This small food stall near the Soai Kinh Lam fabric market serves soft, fresh steamed rice rolls topped with nem chua, cha lua, herbs, and crispy fried shallots. The flavors are light, savory, and comforting — perfect for a quick breakfast or a simple snack while exploring the bustling market area. It’s a classic District 5 street-food experience with fast service, familiar tastes, and an easy grab-and-go vibe.","A small stall serving soft rice rolls topped with nem chua, cha lua, herbs, and fried shallots. Light, savory, and ideal for a quick breakfast while exploring the market.","#food, #streetfood, #snacks, #moment, #few_hours, #outdoor, #morning, #traditional, #cheap, #pleasant, #cloudy"
298,Mr. Nguyen Tofu 2 – Sweet Tofu Dessert,Mon - Sun: 14:30 -21:00,https://lh3.googleusercontent.com/gps-cs-s/AG0ilSwuWEByCBxk-p0VGuvHccvtDAC--34TZowjXnNtw-eGXzL13a7BtYaDA6qQSXcpj8xOdkcdxahdhMitKjlIofMWoVDWW3h7A2D2te8euoqXCW_7VwBeQG8SfubR8gJiQkSL86C26A=w408-h544-k-no,https://maps.app.goo.gl/UZ4v3FX9wUqvisbZA,10.753302468144605,106.65735497255793,4.6,"183 Phung Hung, Ward 14, District 5, Ho Chi Minh City, Vietnam","Mr. Nguyen Tofu 2 offers refreshing sweet tofu desserts with a wide mix of toppings like jelly, beans, pearls, and fruit. The tofu is soft and silky, served cold and lightly sweetened — perfect for cooling down after walking through District 5. It’s a simple, satisfying street dessert spot that delivers both nostalgia and comfort, whether you dine at the stall or grab a takeaway bowl.","A dessert stall offering silky sweet tofu with toppings like jelly, fruit, and pearls. Cold, refreshing, and nostalgic—great after a walk through District 5.","#drinks, #snacks, #streetfood, #moment, #few_hours, #outdoor, #youthful, #pleasant, #sunny, #cloudy, #takeaway"
299,Tang Banh Mi,Mon - Sun: 05:30 - 23:30,https://cdn.eva.vn/upload/3-2024/images/mith/banh-mi-tang-1_vks-1726670290-318-width780height1041.jpg,https://maps.app.goo.gl/EX8BQiBQPAJRb9xe7,10.753021685451355,106.65754020537409,4.5,"822 Nguyen Trai, Ward 14, District 5, Ho Chi Minh City, Vietnam","Tang Banh Mi is a well-loved street-side stall offering fresh, flavorful Vietnamese banh mi with generous fillings at a great price. The bread is crispy, the ingredients are plentiful, and the taste is classic — making it an ideal grab-and-go meal for busy mornings or quick lunches. With fast service and a lively street-food vibe, it’s one of those dependable District 5 stops for a satisfying, no-fuss banh mi.","A well-loved stall serving fresh, generously filled banh mi at great prices. Crispy, flavorful, and perfect for busy mornings or quick lunches.","#food, #streetfood, #snacks, #moment, #few_hours, #outdoor, #morning, #cheap, #youthful, #pleasant, #cloudy, #takeaway"
300,Sa Bi Chuong Broken Rice – Tran Binh Trong Street,Mon - Sun: 07:00 - 21:00,https://canbepnho.com/wp-content/uploads/2023/02/Com-tam-Sa-Bi-Chuong-Da-Lat-3.jpg,https://maps.app.goo.gl/MS4TAz2j83FCAbCq6,10.758938922345989,106.6803751066926,4.7,"179 Tran Binh Trong Street, Ward 2, District 5, Ho Chi Minh City, Vietnam","Sa Bi Chuong Broken Rice on Tran Binh Trong Street is a lively eatery in District 5, Ho Chi Minh City, founded by popular Vietnamese streamers; it blends the traditional flavors of Saigon’s iconic broken rice with a modern, youthful atmosphere, making it a favorite spot for locals and visitors seeking both authenticity and creativity in their dining experience.","A must‑try spot in District 5, serving creative takes on Saigon’s iconic broken rice.","#food, #few_hours, #moment, #indoor, #evening, #youthful, #vibrant, #luxury, #pleasant, #cloudy, #takeaway"
301,NICE VIP Restaurant & Karaoke,Mon – Sun: 10:00 – 03:00,https://dangkhoaland.com/wp-content/uploads/2021/12/z3066420536034_eefc56408a194ca1a9fabbe73891c829_result.jpg,https://maps.app.goo.gl/3iwZRJUZ5ARtz8Y18,10.845769025593542,106.76574869176,4.3,"28 Khong Tu Street, Binh Tho Ward, Thu Duc City, Ho Chi Minh City 71306, Vietnam","NICE VIP Restaurant & Karaoke is a luxurious entertainment venue in Thu Duc City, combining a restaurant and private karaoke rooms in one elegant building. The space stands out with its grand architecture, bright lighting, and upscale atmosphere, making it ideal for gatherings, celebrations, company parties, or casual nights out with friends. Inside, guests can enjoy well-equipped karaoke rooms with modern sound systems, comfortable seating, and attentive service. The restaurant offers a variety of dishes and snacks to enjoy during singing sessions, creating a complete dining–entertainment experience. It’s a lively spot, especially during evenings and late nights, suitable for groups, celebrations, and social fun.","A vibrant, upscale karaoke and dining venue perfect for groups and celebrations. Ideal for lively nights out with food, music, and a fun atmosphere.","#karaoke, #food, #drinks, #snacks, #entertainment, #few_hours, #long_time, #indoor, #evening, #late_night, #luxury, #modern, #vibrant, #youthful, #pleasant, #cloudy"
302,MUSIC ONE Karaoke – Thu Duc,Mon – Sun: 11:00 – 00:00,https://tse3.mm.bing.net/th/id/OIP.LcIw0YZHB7HFTzHMczR3fgHaFj?cb=ucfimg2&ucfimg=1&rs=1&pid=ImgDetMain&o=7&rm=3,https://maps.app.goo.gl/HrKyj5tSWMYhpmRi8,10.874193990771586,106.76953534277122,4.4,"2 Duong 4C, Quarter 3, Thu Duc City, Ho Chi Minh City, Vietnam","MUSIC ONE Karaoke – Thu Duc is a modern and stylish karaoke venue featuring vibrant LED lighting, contemporary room designs, and a high–energy atmosphere perfect for groups looking to enjoy a fun night out. The interior stands out with its futuristic décor, patterned walls, and spacious seating layout, creating a dynamic environment ideal for parties, celebrations, and gatherings with friends. Each room is equipped with quality sound systems, comfortable sofas, and attentive service, providing a seamless entertainment experience. With food and snacks available, it’s a lively and convenient spot for evening and nighttime entertainment in the heart of Thu Duc.","A modern, high-energy karaoke venue with futuristic décor and spacious rooms — perfect for groups and nighttime fun.","#karaoke, #drinks, #food, #snacks, #entertainment, #few_hours, #long_time, #indoor, #evening, #late_night, #modern, #vibrant, #youthful, #dramatic, #pleasant, #cloudy"
303,NHU Y Karaoke,Mon – Sun: 08:00 – 04:00,https://tse2.mm.bing.net/th/id/OIP.SUrWCqxwAdwSMWpr5sH3ngHaHa?cb=ucfimg2&ucfimg=1&rs=1&pid=ImgDetMain&o=7&rm=3,https://maps.app.goo.gl/wLq8A5Yypi5gpeBA9,10.882527497932124,106.7290741740274,4.5,"1061 TL43, Binh Chieu Ward, Thu Duc City, Ho Chi Minh City, Vietnam","NHU Y Karaoke is a stylish and modern karaoke venue in Binh Chieu, Thu Duc, featuring striking LED displays and a luxurious entrance that sets the tone for an energetic nightlife experience. The interior is designed with contemporary décor, creating a vibrant and lively environment perfect for friends, families, and groups looking to relax or celebrate. Rooms are equipped with strong sound systems, comfortable seating, and attentive service, providing a smooth and enjoyable entertainment experience. With long operating hours until 4 AM, it’s a convenient spot for late-night gatherings, parties, or spontaneous singing sessions.","A modern, vibrant karaoke venue with stylish décor and long operating hours — ideal for groups and late-night entertainment.","#karaoke, #drinks, #snacks, #food, #entertainment, #few_hours, #long_time, #indoor, #evening, #late_night, #modern, #vibrant, #youthful, #pleasant, #cloudy"
304,Boom Music Box – Hoang Dieu 2,"Mon: 00:00–06:00, 09:00–00:00
; Tue–Sun: 00:00–06:00, 10:30–00:00",https://tse1.mm.bing.net/th/id/OIP.Wp6JiU2qVfKl6Z0aKek6ZQHaHa?cb=ucfimg2&ucfimg=1&rs=1&pid=ImgDetMain&o=7&rm=3,https://maps.app.goo.gl/oaMSNG3FYx6ynavZ8,10.854678311961013,106.76776619851118,4.6,"190 Hoang Dieu 2 Street, Linh Chieu Ward, Thu Duc City, Ho Chi Minh City 70000, Vietnam","Boom Music Box – Hoang Dieu 2 is a lively and modern karaoke venue known for its youthful vibe, colorful LED lighting, and trendy décor. The space is designed to feel energetic and fun, with comfortable seating areas and well-equipped audio systems that enhance the singing experience. The playful interior theme and casual atmosphere make it a great spot for groups of friends, students, or colleagues looking to unwind, celebrate, or enjoy late-night entertainment. With flexible operating hours that run almost around the clock, the venue is suitable for both daytime hangouts and after-midnight karaoke sessions. Snacks and drinks are available, creating a convenient and enjoyable all-in-one entertainment spot in Thu Duc.","A vibrant, youthful karaoke spot with colorful décor and nearly 24-hour service — perfect for groups and late-night fun.","#karaoke, #drinks, #snacks, #food, #entertainment, #few_hours, #long_time, #indoor, #evening, #late_night, #youthful, #vibrant, #free_spirited, #pleasant, #cloudy"
305,Buu Long Pagoda,Mon – Sun: 07:00 – 17:00,https://lh3.googleusercontent.com/p/AF1QipN8qzr7Vftjf5liKN3CVyS22lPZgsp8HVGss6xp=w408-h249-k-no,https://maps.app.goo.gl/yQzS1kK2cDFxDwjq8,10.878883981586675,106.83502837373207,4.9,"81 Nguyen Xien Street, Quarter 2, Thu Duc City, Ho Chi Minh City 71300, Vietnam","Buu Long Pagoda is a stunning Buddhist temple known for its Thai-inspired architecture, golden stupa, peaceful landscape, and panoramic hilltop views. Surrounded by lush greenery, the pagoda offers a calm and spiritual atmosphere, making it an ideal destination for meditation, sightseeing, photography, and slow, relaxing walks. Visitors can explore the intricately designed structures, enjoy the scenic temple grounds, and experience a quiet escape from the city's hustle. With its serene environment and impressive design, Buu Long Pagoda has become one of Thu Duc’s most iconic cultural and spiritual landmarks.","A peaceful, beautifully designed pagoda with Thai-inspired architecture and lush surroundings — perfect for sightseeing and quiet reflection.","#culture, #photo, #moment, #few_hours, #outdoor, #morning, #sunset, #traditional, #natural, #quiet, #unique, #pleasant, #sunny, #cloudy, #visit"
306,Gotama Stupa,Mon – Sun: 00:00 - 00:00,https://lh3.googleusercontent.com/gps-cs-s/AG0ilSzpfwsVGAhO-z_MZa-H3QrE7xTXXooVt1Nm7DikhoV0N6snj9CcjLNcu7LIwfUKfZjpEKo2zVjxQC69tQouhlEk2hMDO3yFHvvlrcTc_XdbYpeHLxfYxZZ0BSrZ2Jgc9KtConPtAAEugys7=w408-h544-k-no,https://maps.app.goo.gl/ssGM1yri7NLa85hU8,10.878814455295718,106.8351618079211,4.9,"81 Nguyen Xien Street, Long Binh Ward, Thu Duc City, Ho Chi Minh City, Vietnam","Gotama Stupa is a beautifully crafted Buddhist structure located within the Buu Long Pagoda area, featuring intricate architectural details and a serene, spiritual atmosphere. The stupa showcases elegant white stone designs, carved patterns, and a peaceful layout that invites visitors to walk around, reflect, and appreciate the cultural artistry. Surrounded by greenery and elevated pathways, it offers a quiet space for meditation, photography, and cultural exploration. Its unique architectural style and tranquil environment make it a meaningful stop for visitors seeking both beauty and spiritual calm.","A serene and beautifully detailed Buddhist stupa perfect for quiet reflection, photography, and cultural exploration.","#culture, #photo, #moment, #few_hours, #outdoor, #morning, #traditional, #unique, #quiet, #natural, #pleasant, #cloudy, #visit"
307,Thu Duc One-Pillar Pagoda – Nam Thien Nhat Tru,Mon - Sun: 00:00 - 00:00,https://lh3.googleusercontent.com/gps-cs-s/AG0ilSwege73UG9C7XHOR1Y3eqCP3jwsS19cDWC3rgXstHKfFQCp67hNprgYGfSQd8ksXHQZEzCMbW_iQ_EfCgDhYV2GDg3_tcBEcopSTHBbEY3BiReM7XknJr7fGHemh85trjd0nFDe=w408-h306-k-no,https://maps.app.goo.gl/JnX5JpBz4m1V7mUi8,10.843616972623353,106.76315632551629,4.6,"100 Dang Van Bi Street, Binh Tho Ward, Thu Duc City, Ho Chi Minh City, Vietnam","Thu Duc One-Pillar Pagoda – Nam Thien Nhat Tru is a beautifully designed Buddhist temple modeled after the iconic One-Pillar Pagoda in Hanoi, featuring unique Vietnamese architectural elements and a peaceful lotus pond. The temple offers a serene atmosphere surrounded by traditional roofs, wooden walkways, and reflective water scenery, creating an ideal space for quiet walks, spiritual reflection, and cultural appreciation. Visitors can enjoy the tranquil garden setting, take photos around the lotus pond, and explore the intricate details of the pagoda’s structure. As one of Thu Duc’s well-known spiritual landmarks, the pagoda provides a calm escape from the busy city and a meaningful spot for sightseeing and cultural exploration.","A peaceful Vietnamese-style pagoda with a lotus pond and traditional architecture — perfect for quiet walks, reflection, and cultural sightseeing.","#culture, #photo, #moment, #few_hours, #outdoor, #morning, #traditional, #quiet, #unique, #pleasant, #cloudy, #visit"
308,Thu Duc Parish Church,Mon – Sun: 04:00 – 22:00,https://lh3.googleusercontent.com/gps-cs-s/AG0ilSwIFFTSXkMxyVam00tyQ83kV6eyZvlOAn-xhk-gFGSHU0W03TXzTT41rzI3_FQygefumejSf_u0T1Kt0BVFNyU47mu1xV1AHtTMX5InfUZDz2aLPCtzBbVqbTT0AzedQ-X2ug=w408-h306-k-no,https://maps.app.goo.gl/chZkkVRtgXQhku8k9,10.851764779414786,106.75717497109402,4.7,"51 Vo Van Ngan Street, Linh Chieu Ward, Thu Duc City, Ho Chi Minh City, Vietnam","Thu Duc Parish Church is a historic and vibrant Catholic church known for its beautiful Gothic-inspired architecture, tall arches, and warm, welcoming atmosphere. The church interior features colorful stained-glass windows, a spacious nave, and a peaceful prayer space, making it a meaningful destination for worshippers and visitors alike. Beyond its religious function, the church serves as a cultural landmark where people can enjoy quiet reflection, admire the architectural beauty, or take photos of its striking façade and illuminated interior during evening Mass. located in the busy center of Thu Duc, it remains a spiritual anchor for the local community and a charming stop for those exploring the area.","A beautiful, historic Catholic church with elegant architecture — ideal for quiet reflection, photography, and cultural visits.","#culture, #photo, #moment, #few_hours, #outdoor, #morning, #evening, #traditional, #elegant, #quiet, #romantic, #unique, #pleasant, #cloudy, #visit"
309,Chau Doc Lady Pagoda 3 (Phuoc Long Pagoda),Mon – Sun: 07:30 – 22:00,https://lh3.googleusercontent.com/gps-cs-s/AG0ilSwDmE2VvpTZY0z6Bd0wOeg_BTzaFDPBMZzCCvSkA_6TvG-CsA7p-Ibhzg51wXxsZs_XFk9bxUrFGxe2Kc4nYCZX2v6oD19ZU8ffRSt29cJwZ8JU_DG5g2GdZmfbsCSXA_LSIrD7=w426-h240-k-no,https://maps.app.goo.gl/htGAZmYgLorqFpQj9,10.879581339944194,106.84588993545694,4.3,"Hamlet 2, Cu Lao Islet, Long Binh Ward, Thu Duc City, Ho Chi Minh City, Vietnam","Chau Doc Lady Pagoda 3 (Phuoc Long Pagoda) is a unique Buddhist temple located on a small islet surrounded by water, accessible by boat and known for its striking golden dragon sculptures and intricately carved Buddha statues. The temple’s architecture, river views, and peaceful island setting create a serene and refreshing atmosphere, making it an ideal place for sightseeing, prayer, photography, and cultural exploration. Visitors can walk around the temple grounds, enjoy the cool river breeze, admire the detailed craftsmanship, and experience a spiritual retreat away from the city’s busy streets. Its combination of natural scenery and religious significance makes it one of the most distinctive pagodas in Thu Duc.","A peaceful riverside pagoda located on an islet, featuring golden dragon sculptures and beautiful Buddhist architecture — perfect for reflection and cultural sightseeing.","#culture, #photo, #moment, #few_hours, #outdoor, #morning, #sunset, #traditional, #unique, #natural, #pleasant, #windy, #cloudy, #visit"
310,Saigon Grand Park Walking Street & Night Market,Mon – Sun: 18:00 – 00:00,https://sacotravel.com/wp-content/uploads/2024/01/1-8-2048x1365.jpg,https://maps.app.goo.gl/hUxRWiUL9duJFJXR7,10.840715710680303,106.84370019198974,4.4,"RRQV+WX, Long Binh Ward, Thu Duc City, Ho Chi Minh City, Vietnam","Saigon Grand Park Walking Street & Night Market is a lively open-air night market featuring street food stalls, drinks, snacks, small shops, and vibrant local activities. With colorful lights, rows of plastic tables, and bustling vendor setups, the place brings a familiar and energetic Saigon night-market vibe. Visitors can stroll around, try various foods, enjoy desserts, shop for small items, or simply soak in the lively, community-oriented atmosphere. It’s a great spot for groups of friends, families, or couples looking for an easy-going nighttime activity with plenty of food choices and street-style charm. The pedestrian-friendly layout makes it perfect for walking, exploring, and taking photos.","A vibrant open-air night market full of street food, snacks, and lively walking areas — perfect for exploring, eating, and enjoying the local night vibe.","#streetfood, #food, #drinks, #snacks, #shopping, #walking, #photo, #few_hours, #long_time, #outdoor, #evening, #vibrant, #youthful, #free_spirited, #cheap, #pleasant, #cloudy"
311,Moonlit Rooftop Café,"Mon – Sat: 17:00 – 23:00;
Sun: 18:30 – 23:00",https://lh3.googleusercontent.com/p/AF1QipMoy980aeuWMDJGwueU-zBwcTFrHUX3RWd_fRVI=w408-h544-k-no,https://maps.app.goo.gl/KLfABLyb3cgxaoKS8,10.854330931219105,106.76447677580047,4.6,"33/18 Street 19, Thu Duc City, Ho Chi Minh City , Vietnam","Moonlit Rooftop Café is a cozy open-air rooftop spot offering a relaxed nighttime atmosphere with city views, warm lighting, and a casual, friendly vibe. The café features simple yet inviting décor, greenery accents, and a breezy outdoor setting that makes it an ideal place to unwind, chat with friends, or enjoy quiet moments overlooking the neighborhood skyline. With its comfortable seating and chilled ambiance, it’s perfect for those who enjoy evening coffees, light drinks, and scenic rooftop spaces. The soft lights and open view create a refreshing escape from the busy streets below.",A cozy rooftop café with breezy outdoor seating and relaxing city views — perfect for evening hangouts and unwinding.,"#cafe, #drinks, #photo, #moment, #few_hours, #long_time, #rooftop, #evening, #chill, #cozy, #romantic, #pleasant, #windy, #cloudy"
312,Sala Riverside Park,Mon – Sun: 00:00 – 23:59,https://lh3.googleusercontent.com/gps-cs-s/AG0ilSw2rnJxRYJs7kVCFM62VevZY8NMpFIW35g3Mb8-PFFlGra8toC7IBNJ1IWRtMft6OMXpeC9dt1HzWPxVTCiD2YALjhCBByT1R-d2fdc_alxJCWtO-5c2Atdp4Ee89Py7kb3Nco=w408-h306-k-no,https://maps.app.goo.gl/11r75rGBhcE7jitr5,10.772292882622367,106.72460330775228,4.6,"01 Hoang The Thien Street, An Loi Dong Ward, Thu Duc City, Ho Chi Minh City, Vietnam","Sala Riverside Park is a spacious riverside green space with wide grassy areas, palm trees, walking paths, and beautiful water views. The park is popular for walking, jogging, biking, picnics, relaxing outdoors, and enjoying fresh air along the riverbank. Its peaceful atmosphere, clean landscape, and open space make it a great destination for families, couples, pet owners, and anyone looking to unwind away from the city’s noise. The scenic riverside walkway also makes it a great spot for photography and enjoying sunrise or sunset moments.","A spacious riverside park with green landscapes and walking paths — perfect for relaxing, exercising, and enjoying open-air views.","#walking, #photo, #outdoor, #moment, #few_hours, #sunny, #sunset, #natural, #chill, #pleasant, #windy"
313,Galaxy Cinema – Thiso Mall,Mon – Sun: 00:00 – 00:00,https://lh3.googleusercontent.com/gps-cs-s/AG0ilSxbkilNYSs6SDauIsGb8pSpQcyVGh2rnbYhGbBIc9wfHdD2PLfBbza11GTnb3TqfJ9s43yTq_rxvjXBItFYg7yPpnJmqoZeAJ9nSXAduLQRMF-4OYT_fc-Djag5v2GrJb4vlKx5=w408-h306-k-no,https://maps.app.goo.gl/9zAM8kHNmhD7eAuV8,10.771551106220711,106.72177538995842,4.3,"10 Mai Chi Tho Street, Thu Thiem Ward, Thu Duc City, Ho Chi Minh City, Vietnam","Galaxy Cinema at Thiso Mall is a modern and popular movie complex, serving as a key entertainment destination within the prominent Thu Thiem area, the cinema is known for its high-quality viewing experience, featuring comfortable seating, modern digital projection systems, and immersive sound technology across multiple screens, the location inside the major shopping complex makes it highly convenient, offering access to various dining and retail options before or after a movie, making it a favorite spot for local film enthusiasts, couples, and families seeking the latest domestic and international film releases.","A modern, comfortable cinema inside Thiso Mall — perfect for movie nights, casual hangouts, and group entertainment.","#movie, #few_hours, #indoor, #youthful, #pleasant, #cloudy, #entertainment"
314,Bac Kim Thang – Thiso Mall Sala,Mon – Sun: 10:00 – 22:00,https://lh3.googleusercontent.com/p/AF1QipO5UMRBwhwNOJgzxAbvNi61AJA6n62s0hmtflq_=w426-h240-k-no,https://maps.app.goo.gl/1k4fUgPm2RJut4ez9,10.771435163065554,106.72175996866633,5.0,"Thiso Mall Sala, An Khanh Ward, Thu Duc City, Ho Chi Minh City 700000, Vietnam","Bac Kim Thang at Thiso Mall Sala is a cozy, well-designed family restaurant offering comforting Vietnamese dishes in a clean and modern dining space. With warm lighting, friendly service, and a casual atmosphere, it’s an ideal spot for families, couples, or groups looking to enjoy a relaxing meal. The restaurant features neatly arranged seating, a comfortable layout, and a menu focused on everyday Vietnamese flavors, making it suitable for both casual lunches and easy-going dinners. Conveniently located inside Thiso Mall, it’s a pleasant stop for shoppers and visitors looking for a satisfying and welcoming dining experience.","A cozy Vietnamese family restaurant at Thiso Mall, offering comforting dishes in a warm and modern atmosphere — perfect for casual meals.","#food, #few_hours, #indoor, #evening, #cozy, #pleasant, #traditional, #modern, #cloudy"
315,Isushi – Thiso Mall,Mon – Sun: 10:00 – 22:00,"https://assets.simpleviewinc.com/simpleview/image/upload/c_fit,w_768,h_480/crm/miamifl/Blue-Ribbon-Sushi-Bar---Grill-1-1440x900-96e73eae5056a36_96e73fac-5056-a36a-0b01aefae62b7a60.jpg",https://maps.app.goo.gl/7pcmFTFRt84Mps6G6,10.771555790946058,106.72159171547166,4.7,"53 Hoang The Thien Street, Thu Thiem Ward, Thu Duc City, Ho Chi Minh City, Vietnam","Isushi – Thiso Mall is a warm, elegant Japanese restaurant featuring cozy wooden interiors, soft lighting, and a calm, intimate dining atmosphere. Known for its sushi, sashimi, and a wide variety of Japanese dishes, the restaurant offers a high-quality dining experience suitable for families, couples, and groups. The design blends modern Japanese aesthetics with comfortable seating, creating a relaxing environment perfect for both casual meals and special occasions. Located inside Thiso Mall, it provides easy access and a pleasant break for shoppers looking for authentic Japanese cuisine in a refined setting.","A cozy Japanese restaurant with warm wooden interiors and quality dishes — perfect for family meals, dates, or relaxing dinners.","#food, #photo, #few_hours, #long_time, #indoor, #evening, #elegant, #cozy, #modern, #pleasant, #cloudy, #luxury"
316,Metashow Exhibition,"Mon – Fri: 10:00 – 21:30; 
Sat – Sun: 09:30 – 21:30",https://lh3.googleusercontent.com/gps-cs-s/AG0ilSz55HNlZVd8oTmRSn2sAqFOeB96cHZRvIqLdRHolFTSgnoFpEY5i43UdvV7ecOHdnTfWDCMzupAMBTKJo55xXA81mWAKY_P1P2lXbm93iJgET2RZO87Eqfxaz_vyJeNIOMwfJer9Hq2KDYW=w408-h306-k-no,https://maps.app.goo.gl/apW4Bo7L3Rxpqdia6,10.771582061489447,106.72130975900288,4.8,"Thiso Mall Sala, 10 Mai Chi Tho Street, Thu Thiem Ward, Thu Duc City, Ho Chi Minh City, Vietnam","Metashow Exhibition is an immersive art and visual experience located inside Thiso Mall Sala, featuring creative installations, themed rooms, and vibrant photo zones. Designed for visitors to explore, interact, and capture unique visual moments, the exhibition blends modern art, digital elements, and dynamic lighting to create a playful and visually captivating atmosphere. The space is ideal for couples, families, groups of friends, and anyone who enjoys creative exhibitions or photography. With its well-crafted layouts and constantly engaging visuals, Metashow offers a fun, interactive activity perfect for weekends, dates, or casual hangouts.","An immersive art exhibition with creative photo zones and vibrant installations — perfect for dates, groups, and photography lovers.","#entertainment, #photo, #few_hours, #indoor, #unique, #youthful, #vibrant, #pleasant, #cloudy, #visit"
317,Red Junk – Hong Kong Fusion,Mon – Sun: 10:00 – 22:00,https://thisomallsala.vn:441/Resource/Images/Outlet/REDJUNK/Detail/Detail_1200_600.webp,https://maps.app.goo.gl/b3qCD9d42v2B3cSJ9,10.771745018536803,106.72116041082072,4.8,"Thiso Mall Sala, 10 Mai Chi Tho Street, An Khanh Ward, Thu Duc City, Ho Chi Minh City, Vietnam","Red Junk – Hong Kong Fusion is a stylish and modern restaurant offering Hong Kong–inspired fusion cuisine in a beautifully designed space overlooking the Sala urban area. With a sleek interior featuring curved seating, panoramic windows, soft lighting, and contemporary Asian aesthetics, the restaurant delivers an elevated dining experience suitable for couples, families, and groups. The menu blends traditional Hong Kong flavors with creative twists, making it an attractive choice for those seeking something unique and flavorful. Its comfortable ambiance, refined décor, and scenic view make it ideal for relaxed meals, casual gatherings, and special dinner occasions.","A stylish Hong Kong–fusion restaurant with modern décor and panoramic views — perfect for relaxed meals, groups, and special dining moments.","#food, #photo, #dating, #few_hours, #long_time, #indoor, #evening, #elegant, #modern, #unique, #romantic, #pleasant, #cloudy, #luxury"
318,Thiso Mall Sala,Mon – Sun: 10:00 – 22:00,https://lh3.googleusercontent.com/gps-cs-s/AG0ilSwfr1cHTBs0EMLKBt_CKgKb4baAMvRqZEPsc-DcPmg-97NrESWFkNpBPoIpz_bir2LUU_rpvxCJJcOdF6iQ8gPj9TePhqUx21gilpHuYmPaA1n4mJXcTGLAS9l_JeQF0Zxd1gXR13pmaQ-E=w408-h544-k-no,https://maps.app.goo.gl/fR1Asu7Qi8sCye4fA,10.771995837012243,106.72105556854375,4.4,"10 Mai Chi Tho Street, Thu Thiem Ward, Thu Duc City, Ho Chi Minh City, Vietnam","Thiso Mall Sala is a modern, large-scale shopping and entertainment complex featuring retail stores, cafés, restaurants, a cinema, and various recreational areas. With its contemporary architecture, spacious indoor layout, and clean, well-designed public spaces, the mall offers a comfortable environment for shopping, dining, hanging out, or spending family time. Visitors can explore a variety of brands, enjoy food and drinks, watch movies, or simply stroll through the open corridors with city views. It is one of the most vibrant lifestyle hubs in the Thu Duc – Thu Thiem area.","A modern, spacious mall offering shopping, dining, and entertainment — perfect for families, couples, and casual hangouts.","#food, #dating, #few_hours, #long_time, #indoor, #evening, #elegant, #modern, #unique, #romantic, #pleasant, #cloudy"
319,Seagame Riverside Restaurant,Mon – Sun: 00:00 – 23:59,https://lh3.googleusercontent.com/p/AF1QipOTf-4M91TQbh4rtVVQWTDQ5Efs_2bIVqyPu7uy=w408-h306-k-no,https://maps.app.goo.gl/aKNsWut9GBXYixYx8,10.864313982518444,106.71698074508255,4.4,"255/43 Old National Highway 13, Hiep Binh Phuoc Ward, Thu Duc City, Ho Chi Minh City, Vietnam","Seagame Riverside Restaurant is an open-air riverside dining spot offering a relaxed atmosphere with spacious outdoor tables, fresh breezes, and scenic water views. Popular for gatherings, casual meals, and drinks, the restaurant provides a comfortable setting ideal for families, large groups, and evening hangouts. With its wide seating layout, lively ambience, and direct riverside location, guests can enjoy local dishes, cold beers, and sunset views right by the water. It’s a friendly, easy-going place for people who enjoy outdoor dining and a vibrant community vibe.","A lively riverside restaurant with spacious outdoor seating — perfect for casual meals, groups, and enjoying sunset views.","#food, #drinks, #photo, #few_hours, #long_time, #outdoor, #evening, #sunset, #chill, #natural, #pleasant, #windy, #cloudy"
320,Hue Tapioca Dumplings – Thu Duc,Mon – Sun: 00:00 – 23:59,https://lh3.googleusercontent.com/gps-cs-s/AG0ilSzkulkRJYe-W_1VofxCmDFjP_50J2cWXY8xUFvINkedHb9VMcLQDN3t0CBv-VRWlNrDn7t-0lOhcdvDOchBUc1zVZ7G7N9ptu_F-eNM365SHYOm1ZxZqvs0Wvfs45DaLgORhSE=w408-h396-k-no,https://maps.app.goo.gl/4iqAHPFJckT7qUYB8,10.864777589715876,106.71786050959211,5.0,"233 Old National Highway 13, Hiep Binh Phuoc Ward, Thu Duc City, Ho Chi Minh City, Vietnam","This small food spot in Thu Duc specializes in Hue-style tapioca dumplings, offering a simple yet flavorful takeaway experience. Known for its chewy dumplings filled with shrimp and pork, served with a rich, spicy dipping sauce, the place delivers authentic Hue street-food taste in a casual setting. It’s ideal for quick bites, takeaway orders, or satisfying sudden cravings for central Vietnamese snacks. The shop focuses on fast service, affordable pricing, and freshly prepared portions, making it a local favorite among nearby residents.",A local spot serving authentic Hue tapioca dumplings — perfect for quick bites or takeaway cravings.,"#food, #streetfood, #snacks, #moment, #few_hours, #outdoor, #cheap, #traditional, #pleasant, #cloudy"
321,Song Xanh Riverside Café,Mon – Sun: 00:00 – 23:59,https://lh3.googleusercontent.com/gps-cs-s/AG0ilSysg5zDRFWyyxZPeQDlGOHF2VliWIdEpqiCqZqDIMuQ5lKhs2pCJ-W_PuSRw5HkLJTgkkGCzdsZDUCD4Nw6d0K_8rRJlZ9o1QNR3zNk1leeVRO6dJQFYRKOwoKr660DxtRlJXb0=w408-h306-k-no,https://maps.app.goo.gl/7LVcK5t5sf8WGPKw8,10.865620510071249,106.71564644371472,4.1,"273 Alley, Old National Highway 13, Quarter 1, Thu Duc City, Ho Chi Minh City, Vietnam","Song Xanh Riverside Café is a spacious, open-air coffee shop located right by the river, offering a refreshing and relaxing atmosphere. With an airy layout, natural greenery, and wide views overlooking the water, the café is ideal for unwinding, chatting with friends, casual dates, or simply enjoying the breeze. The open seating and riverside ambiance create a chill and comfortable experience, especially during late afternoons and evenings. It’s a friendly spot for groups, families, or solo visitors looking for a peaceful place to enjoy drinks with a scenic view.","A spacious riverside café with open-air seating and relaxing views — perfect for chilling, chatting, or enjoying breezy afternoons.","#cafe, #drinks, #photo, #moment, #few_hours, #long_time, #outdoor, #evening, #sunset, #chill, #natural, #cozy, #pleasant, #windy, #cloudy"
322,Hottick Spicy Thai Hotpot,Mon – Sun: 00:00 – 00:00,https://lh3.googleusercontent.com/gps-cs-s/AG0ilSx1mVZcNIAS7GjSvIqus6R4_JZLKuUKnVwbcqDIEypbRffRH9Lx-rRy0QjGznj8Ph3_JGTNRsoueUNbKiayY_Q0hjjbBnlDl_qRHQeLQasDzZv4eKKvMRBepiW_BySwuKj0tO2H=w408-h262-k-no,https://maps.app.goo.gl/7GM4QsRmbPQK4zMd6,10.866779885675001,106.72026205820062,5.0,"841/7/3 National Highway 13, Hiep Binh Phuoc Ward, Thu Duc City, Ho Chi Minh City, Vietnam","Hottick Spicy Thai Hotpot is a casual local restaurant specializing in sour–spicy Thai-style hotpot with a variety of meats, seafood, and fresh ingredients. The dining style is friendly and comfortable, offering a lively atmosphere that suits families, groups of friends, or anyone craving flavorful hotpot at an affordable price. With quick service, generous portions, and a cozy, straightforward setup, the restaurant is a convenient spot for casual lunches and evening gatherings in Thu Duc.","A local, affordable Thai hotpot spot with bold flavors — great for casual meals and group gatherings.","#food, #few_hours, #long_time, #indoor, #evening, #vibrant, #youthful, #pleasant, #cloudy, #rain"
323,Liem Fresh Dimsum & Steamed Buns,Mon – Sun: 07:30 – 21:30,https://lh3.googleusercontent.com/p/AF1QipOzt1gfxVQwou6ONM9S_x8KaGRZXPY4Am_xnNdE=w408-h306-k-no,https://maps.app.goo.gl/tX6a6oRjPa7tYGho8,10.866844365817895,106.72150749861731,4.0,"176/43 Old National Highway 13, Thu Duc City, Ho Chi Minh City, Vietnam","Liem Fresh Dimsum & Steamed Buns is a small local eatery offering freshly made dimsum, steamed buns, and various Chinese-style snacks. The dishes are prepared daily, giving them a soft texture and rich flavor. With a simple and compact setup, the shop focuses on quick service, takeaway options, and affordable pricing. It's a convenient spot for breakfast, casual meals, or light bites throughout the day, making it popular among nearby residents looking for fresh dimsum without the need for a full restaurant experience.",A small local dimsum shop serving fresh steamed buns and snacks — ideal for quick meals or takeaway,"#food, #snacks, #moment, #few_hours, #indoor, #morning, #traditional, #cheap, #pleasant, #cloudy"
324,VinMart+ Convenience Store,Mon – Sun: 06:00 – 22:00,https://tse2.mm.bing.net/th/id/OIP.IcqH6OGAu0SofLl5LhpfgQHaFj?cb=ucfimg2&ucfimg=1&rs=1&pid=ImgDetMain&o=7&rm=3,https://maps.app.goo.gl/H6eYvNxUTGiMMr83A,10.868695173573851,106.71907045059308,3.9,"8 Street 12, Hiep Binh Phuoc Ward, Thu Duc City, Ho Chi Minh City, Vietnam","VinMart+ is a compact convenience store offering everyday essentials, snacks, drinks, and basic household items. Designed for quick visits and fast purchases, the store serves nearby residents with a clean layout, easy product access, and extended operating hours. It’s a practical spot for grabbing necessities on the go, making last-minute purchases, or picking up quick snacks and beverages.","A convenient mini-store for quick purchases, snacks, and daily essentials in the neighborhood.","#drinks, #snacks, #takeaway, #moment, #indoor, #cheap, #youthful, #pleasant, #cloudy"
325,Buu Lien Pagoda,Mon – Fri: 06:30 - 19:30; Sat - Sun: 00:00 - 23:59,https://lh3.googleusercontent.com/p/AF1QipObjBCXGsn_KuOIixgbwJc4JhOO-nBXx-LAAOo8=w426-h240-k-no,https://maps.app.goo.gl/viDDEFiTjMwEg3t99,10.867078493245264,106.71877044904804,5.0,"220 Old National Highway 13, Hiep Binh Phuoc Ward, Thu Duc City, Ho Chi Minh City, Vietnam","Buu Lien Pagoda is a peaceful Buddhist temple featuring traditional architecture, warm wooden interiors, and a tranquil worship atmosphere. Surrounded by plants and decorated with statues and altars, the pagoda provides a quiet space for prayer, reflection, and cultural visits. It is a calming retreat for locals seeking spiritual grounding or visitors exploring the cultural and religious heritage of the area.","A peaceful Buddhist pagoda offering a quiet space for worship, reflection, and cultural visits.","#culture, #photo, #moment, #few_hours, #indoor, #morning, #traditional, #quiet, #natural, #pleasant, #cloudy, #visit"
326,Hoang Vu Coffee,Mon – Sun: 04:30 – 23:00,https://lh3.googleusercontent.com/gps-cs-s/AG0ilSxXDFOnDxBpAJdKr-KD0OACFxmZoL8PXduG_HyVhDmE8M1FvA-TpUp47P1DI74yBRV3BcuOWN4E2o56kJ4XGLx0gEE2PPwZlDrKIOb6nKACc7RSHOOCxhbGNQh84fhM46I-vAuxtg=w408-h358-k-no,https://maps.app.goo.gl/ve97bYvb1gVTENLw9,10.865902014691036,106.72421305642699,4.1,"840 National Highway 13, Hiep Binh Phuoc Ward, Thu Duc City, Ho Chi Minh City, Vietnam","Hoang Vu Coffee is a spacious, casual Vietnamese-style café offering freshly roasted coffee and a relaxed open-air atmosphere. With large outdoor seating areas, umbrellas, and plenty of natural light, the café is a popular choice for locals to enjoy strong traditional coffee, meet friends, or take a quiet morning break. Its simple setup, affordable drinks, and early opening hours make it an ideal everyday café for both solo visitors and groups.","A spacious, casual Vietnamese café with strong traditional coffee — perfect for morning stops or relaxed hangouts.","#cafe, #drinks, #moment, #few_hours, #long_time, #outdoor, #morning, #chill, #cozy, #traditional, #pleasant, #cloudy"
327,Pho’S – Vietnamese Noodle Restaurant,"Mon: 00:00 – 21:00;
Tue – Sun: 06:00 – 21:00",https://th.bing.com/th/id/OIP.lANLXJWuWvUSothulojXpAHaE8?o=7&cb=ucfimg2&rm=3&ucfimg=1&rs=1&pid=ImgDetMain&o=7&rm=3,https://maps.app.goo.gl/vnCciV3MWuEHMSmw9,10.864467420783201,106.72301852935277,4.1,"82 National Highway 1A, Hiep Binh Phuoc Ward, Thu Duc City, Ho Chi Minh City, Vietnam","Pho’S is a casual Vietnamese noodle restaurant offering flavorful bowls of phở along with side dishes and beverages. With a clean, bright interior and quick service style, the restaurant caters to both dine-in customers and takeaway orders. It is a convenient everyday spot for locals looking for a hearty meal, whether during breakfast, lunch, or evening. The space is simple and practical, making it suitable for families, individuals, and workers wanting a straightforward and satisfying Vietnamese meal.","A simple, local Vietnamese noodle restaurant serving quick, flavorful phở for dine-in or takeaway.","#food, #moment, #few_hours, #indoor, #pleasant, #cheap, #cloudy"
328,Mi Quang Viet – Local Vietnamese Noodle Shop,Mon – Sun: 05:30 – 18:00,https://tse1.mm.bing.net/th/id/OIP.pDbvfYAbUvLSO6r9wwxCagHaFj?cb=ucfimg2&ucfimg=1&rs=1&pid=ImgDetMain&o=7&rm=3,https://maps.app.goo.gl/feShfbkLMEXr8HjD8,10.864143886979829,106.72470193000437,4.0,"828 National Highway 13, Hiep Binh Phuoc Ward, Thu Duc City, Ho Chi Minh City, Vietnam","Mi Quang Viet is a small local eatery specializing in authentic Mi Quang — a Central Vietnamese noodle dish known for its rich broth, turmeric noodles, and fresh toppings. With a simple, friendly setup and fast service, the restaurant caters to locals looking for a flavorful and affordable Vietnamese meal. It's a popular breakfast and lunch stop, offering generous portions and home-style cooking in a casual environment.","A small local eatery serving authentic Mi Quang with rich flavors — ideal for quick, affordable meals.","#food, #moment, #few_hours, #indoor, #morning, #traditional, #pleasant, #cheap, #cloudy"
329,Bun Bo – Pho Kim Ngan,Mon – Sun: 09:00 – 17:00,https://lh3.googleusercontent.com/gps-cs-s/AG0ilSyozkwn5uGfg0XB77iBPCqsCGUrWrMO2JtSsZTIxr9Cv649YKYDghTZ6ujyOXI7usdZiLivZuewzesWej4ppHZ04Z0_D4YS2YCX0ufF_YFoZe_DVq6XIT9qVWESh8lI6jYvRsgvTf322NSM=w408-h544-k-no,https://maps.app.goo.gl/QqCRWtH8q3QKSKxJ7,10.86085501539645,106.72193582447764,5.0,"70 National Highway 13, Hiep Binh Phuoc Ward, Thu Duc City, Ho Chi Minh City, Vietnam","Bun Bo – Pho Kim Ngan is a small, local Vietnamese eatery serving hearty bowls of Bun Bo and Pho with a traditional, home-style taste. Known for its rich broth and simple setup, the shop attracts nearby residents looking for a quick and flavorful meal. Portions are generous, prices are affordable, and service is fast, making it an ideal spot for breakfast or lunch. The casual atmosphere and familiar flavors create a comforting dining experience for regulars.","A small local eatery offering flavorful Bun Bo and Pho with a traditional, home-style taste — ideal for a quick and affordable meal.","#food, #moment, #few_hours, #indoor, #morning, #traditional, #pleasant, #cheap, #cloudy"
330,Viet Huong Grilled Chicken,Mon - Sun: 09:00 - 21:00,https://lh3.googleusercontent.com/gps-cs-s/AG0ilSyr9U4luLG7dw8wDwsRvoFw9zjSohd6JvG0Xrbbm-5vxPbHoGsetup-IDQD-CIIhc0r5HBsVPPrjVpo26a6nCJRbpqZJ-3QpBUuCZ2zl9_oMuvEd6L9WOvG4bLjszK7Oq_8jfR4=w408-h725-k-no,https://maps.app.goo.gl/squLytbm1ghbVThEA,10.86059782748988,106.72181247922934,4.7,"101 National Highway 13 Old Route, Hiep Binh Phuoc Ward, Thu Duc City, Ho Chi Minh City, Vietnam","Viet Huong Grilled Chicken is a small local eatery known for its fragrant, flavorful Vietnamese-style grilled chicken, served with dipping sauces, fresh herbs, and simple side dishes. The restaurant offers a casual, homely atmosphere where groups, families, and locals gather to enjoy a hearty shared meal. With straightforward service, affordable pricing, and a focus on familiar Vietnamese flavors, it’s a comfortable spot for lunch or dinner when craving delicious grilled chicken in Thu Duc.","A local spot famous for Vietnamese-style grilled chicken served with fresh herbs and dipping sauces. Cozy, casual, and perfect for family or group meals.","#food, #few_hours, #indoor, #cozy, #pleasant, #cheap, #cloudy"
331,SEN Garden Café & Beer,Mon - Sun: 07:00 - 22:00,https://lh3.googleusercontent.com/gps-cs-s/AG0ilSxMLqg4U-aetr0p2CfaIWyoa7eoOnQKLxN3UtagmqUZkg9GyJkySyJ978sFh2T_qz1Feir_RNFi61rpIdvZ0M2IM7vJmlQy-IpSIcK4fnB1UdIDVXIFkm5vJQJ7TTf8JvC8tW3qERbO0PbK=w408-h306-k-no,https://maps.app.goo.gl/xVMJgiZUpaBPf7K19,10.858736151886141,106.72234676775368,4.3,"32 Old National Highway 13, Hiep Binh Phuoc Ward, Thu Duc City, Ho Chi Minh City, Vietnam","SEN Garden Café & Beer is a spacious, nature-inspired café featuring wooden decor, bamboo seating, and a peaceful garden setting surrounded by greenery. The atmosphere blends rustic Vietnamese charm with a relaxed outdoor café vibe, making it a comfortable place to enjoy coffee, casual drinks, or a light meal. It’s suitable for daytime work sessions, casual meetups, or unwinding with friends over beer in the evening. With its open-air layout and decorative lanterns, the café offers a warm, cozy ambiance that appeals to groups, couples, and solo visitors alike.","A rustic garden-style café offering coffee, beer, and light meals in a spacious green setting. Cozy, relaxing, and ideal for meetups or unwinding outdoors.","#cafe, #drinks, #photo, #moment, #few_hours, #long_time, #outdoor, #evening, #rustic, #natural, #cozy, #chill, #pleasant, #windy, #cloudy"
332,Bao Bao Broken Rice,Mon - Sun: 11:00 - 23:00,https://lh3.googleusercontent.com/gps-cs-s/AG0ilSy_ZCy5E8m6LVvMPDBr3CIeZlktJ_-sMN7W1ZjCjWc-SVEdp97aZOm04Y1X676DKxWd_pqYp9lmE0OvU-dpdAoPbPRoJwfI3GBoombNLy4if6MSo51EH8saDer8picfiP3fc_uO_s1CBuLo=w408-h306-k-no,https://maps.app.goo.gl/uGHdQzLbFzr3SFh4A,10.858857324281997,106.72239236530449,3.8,"32B Old National Highway 13, Hiep Binh Phuoc Ward, Thu Duc City, Ho Chi Minh City, Vietnam","Bao Bao Broken Rice is a casual local eatery specializing in traditional Vietnamese cơm tấm, featuring grilled meats, flavorful fish sauce, and classic side dishes. The restaurant offers quick service, straightforward seating, and an affordable menu that attracts nearby residents and workers looking for a satisfying lunch or dinner. With familiar flavors and a simple setup, it’s a convenient spot for a hearty meal, takeaway orders, or a quick stop during the day.","A simple local spot serving traditional Vietnamese broken rice with flavorful grilled meats. Affordable, quick, and ideal for everyday meals.","#food, #moment, #few_hours, #indoor, #traditional, #cheap, #pleasant, #cloudy"
333,Otoké Fried Chicken,Mon - Tue: 09:00 - 22:00; Wed: 09:00 - 21:00; Thu - Sun: 09:00 - 22:00,https://lh3.googleusercontent.com/p/AF1QipMHmD9EYZPZcDAIUZgR1h0OLnxzpO3rN08OlX_r=w408-h306-k-no,https://maps.app.goo.gl/FQoYHrabdang8ga28,10.857798381232321,106.72286175188054,4.9,"665 National Highway 13, Quarter 3, Thu Duc City, Ho Chi Minh City, Vietnam","Otoké Fried Chicken is a compact fast-food stall offering crispy Korean-style fried chicken, convenient for quick meals, takeaway, or grabbing food on the go. The shop has a small outdoor seating area and a straightforward service counter, making it popular with students, workers, and nearby residents looking for an affordable and flavorful fried chicken fix. With fast preparation, strong seasoning, and an easy-to-access location, it’s an ideal choice for a short stop, casual snack, or a quick lunch or dinner.","A small fast-food spot serving crispy Korean-style fried chicken, ideal for quick meals or takeaway. Affordable, convenient, and perfect for a short stop.","#food, #snacks, #moment, #few_hours, #outdoor, #youthful, #cheap, #pleasant, #cloudy"
334,No.16 Crispy Chicken Rice,Mon - Sun: 06:00 - 21:00,https://lh3.googleusercontent.com/gps-cs-s/AG0ilSzbNkFB9ZVsIKRyqg3SjalXnSxZcAGki7bD4Ydgz9JvzqQlm7eUtltT5ei-7Y8OJsYadzuq-6nNCv5VH8nI4h4fEo8TK5sfGJJr8kvznA5l9uhxWoFuEYsCGXJ3yh8GqZZk7rXS=w408-h544-k-no,https://maps.app.goo.gl/qthy6X7BFPNw8wr78,10.857943261711798,106.722513064715,4.3,"16 Old National Highway 13, Hiep Binh Phuoc Ward, Thu Duc City, Ho Chi Minh City, Vietnam","No.16 Crispy Chicken Rice is a small local eatery serving classic Vietnamese-style crispy fried chicken rice, accompanied by pickled vegetables, broth, and homemade dipping sauces. The restaurant features a simple, compact setup with fast service, making it a convenient stop for breakfast, lunch, or an early dinner. Popular among workers and nearby residents, it offers affordable comfort food with familiar local flavors, ideal for a quick meal or takeaway.",A small local spot serving crispy Vietnamese fried chicken rice with quick service and affordable prices. Ideal for a fast meal or takeaway.,"#food, #moment, #few_hours, #indoor, #cheap, #pleasant, #cloudy"
335,2TL Mixed Noodles & Street Snacks,Mon - Sun: 00:00 - 23:59,https://lh3.googleusercontent.com/p/AF1QipMVQOsc7ntSmwHcZDTlXhhsiNav6bW8DCPUAuny=w408-h544-k-no,https://maps.app.goo.gl/SDznRJyAevxsxABP6,10.857582377456072,106.7223655432262,0,"35 Old National Highway 13, Quarter 11, Thu Duc City, Ho Chi Minh City, Vietnam","2TL Mixed Noodles & Street Snacks is a small local stall offering a wide variety of skewers, snacks, and flavorful mixed noodles. With its casual, street-style setup and fast-service format, the place attracts students and nearby residents looking for a quick bite, late-night snacks, or takeaway food. The stall features a lively atmosphere with many choices of fried or boiled skewers, making it a convenient and affordable stop for anyone craving street snacks in Thu Duc.","A casual street-food stall serving mixed noodles and a wide range of affordable skewers and snacks. Quick, convenient, and ideal for a fast meal or takeaway.","#food, #streetfood, #snacks, #moment, #few_hours, #outdoor, #evening, #late_night, #youthful, #vibrant, #cheap, #pleasant, #cloudy"
336,H&H Smoothie & Coffee,Mon - Sun: 07:00 - 21:00,https://lh3.googleusercontent.com/gps-cs-s/AG0ilSy8kpAcv-EIdUr05WGiyW2aL7QyBGR49aVoJhGwn9Nyw5RZAiNLXzjnrQJchDaq_xzKo3rrfGpull08Zu5td-Hm8JAGE3MxSqHjaxzDzv_wZdmtIWjsbfQTw0uGVHj4uZg8sdHVUg=w408-h306-k-no,https://maps.app.goo.gl/Redt2RfFzqxr6Kwm7,10.856929096821318,106.7226042598157,3.9,"40/4 National Highway 13, Hiep Binh Phuoc Ward, Binh Thanh District, Ho Chi Minh City, Vietnam","H&H Smoothie & Coffee is a casual open-air café offering smoothies, juices, iced drinks, and simple Vietnamese-style coffee. The space is spacious and shaded with trees, plastic chairs, and outdoor seating that creates a relaxed everyday atmosphere. It’s a popular spot among locals for morning drinks, casual meetups, or taking a break throughout the day. With quick service and an easygoing vibe, it’s suitable for solo guests, small groups, or anyone who enjoys outdoor cafés in a lively neighborhood.","A relaxed open-air café serving smoothies and coffee in a spacious, tree-shaded setting. Casual, local, and ideal for everyday meetups.","#cafe, #drinks, #moment, #few_hours, #long_time, #outdoor, #morning, #youthful, #chill, #pleasant, #cloudy, #windy"
337,Phu Sa Go Noi Mi Quang,Mon - Sun: 06:00 - 20:30,https://lh3.googleusercontent.com/p/AF1QipNWC-sRs71bFhDVlQlPMKDco7cjswzWTdPnaLeA=w408-h285-k-no,https://maps.app.goo.gl/NGRvVk5JrP9mkCTp9,10.857195150800647,106.7227410524681,5.0,"649 National Highway 13, Hiep Binh Phuoc Ward, Thu Duc City, Ho Chi Minh City, Vietnam","Phu Sa Go Noi Mi Quang is a local eatery specializing in authentic Central Vietnamese Mi Quang, known for its rich broth, turmeric noodles, fresh herbs, and flavorful toppings. The restaurant offers a simple, casual setting with fast service, making it a familiar stop for residents looking for a comforting and satisfying meal. With generous portions and traditional flavors, it’s a great place for breakfast, lunch, or an early dinner, whether dining in or grabbing food to go.","A casual local spot serving authentic Central Vietnamese Mi Quang with rich flavors and fresh herbs. Affordable, quick, and ideal for everyday meals.","#food, #moment, #few_hours, #indoor, #morning, #traditional, #cheap, #pleasant, #cloudy"
338,Thanh Nhi Broken Rice,Mon - Sun: 06:00 - 10:00,https://lh3.googleusercontent.com/gps-cs-s/AG0ilSzAtUhpQpyzsZGI1b70YfSC2jSaP0rawEy83p5X5xTpgZasVO1ua_DB0J6JW2Yl0r0F-4elyxlIo7zGe9xhrAOdfBPEaXAeiGsqiTnpVU7vKCsR2h2bpiNnDpKhc1CMhVpU8CCKmQ=w408-h544-k-no,https://maps.app.goo.gl/VyQYqwc5ArZ6UMWh6,10.855669520821463,106.72214629585648,4.4,"641 National Highway 13, Hiep Binh Phuoc Ward, Thu Duc City, Ho Chi Minh City, Vietnam","Thanh Nhi Broken Rice is a small local eatery offering traditional Vietnamese cơm tấm with grilled meats, pickled vegetables, and homemade dipping sauce. Known for its early opening hours, the restaurant serves as a popular morning stop for workers and residents looking for a quick and flavorful breakfast. With simple seating, fast service, and affordable pricing, it’s an easy choice for both dine-in and takeaway.","A local spot serving traditional Vietnamese broken rice, perfect for a quick and flavorful breakfast. Simple, fast, and budget-friendly.","#food, #moment, #few_hours, #indoor, #morning, #traditional, #cheap, #pleasant, #cloudy"
339,Binh Dan Porridge & Noodle Shop,Mon - Sun: 05:00 - 10:00,https://tse3.mm.bing.net/th/id/OIP.RqSBlrxR16_qobD7_eJieAHaFm?cb=ucfimg2&ucfimg=1&rs=1&pid=ImgDetMain&o=7&rm=3,https://maps.app.goo.gl/BD3EhnoeofC4wDwD6,10.855673744727223,106.72249571224201,4.5,"39603 National Highway 13, Hiep Binh Phuoc Ward, Thu Duc City, Ho Chi Minh City,","Binh Dan Porridge & Noodle Shop is a simple local eatery serving Vietnamese cháo lòng, hủ tiếu, and other comforting breakfast dishes. With early opening hours and fast service, the shop is a popular morning stop for workers and residents looking for a warm, filling, and affordable meal. Its no-frills setup and straightforward menu create a familiar neighborhood atmosphere, ideal for dine-in or quick takeaway.","A small local shop serving cháo lòng and hủ tiếu with fast service and affordable prices. Perfect for a warm, filling breakfast.","#food, #moment, #few_hours, #indoor, #morning, #traditional, #cheap, #pleasant, #cloudy"
340,Huynh Tram Pho – 631 QL13,Mon - Sun: 05:30 - 22:00,https://lh3.googleusercontent.com/gps-cs-s/AG0ilSwLVp8z7E4825dXnGjeTjgxYoL4EFahyaRD5aQ_hjHWqX6XArhpxZ4u8A6PZZKXyUqBaAReY3pUtenStwgMY3hmtG2Z5t6k7ftxmYRz1rqjaiKY8U6ekdnw_qDXmScRUxxGYIRV0XRMeHeB=w408-h306-k-no,https://maps.app.goo.gl/GkxMmc2tys9ne4S18,10.854535763793073,106.72173128268423,4.0,"631 National Highway 13, Hiep Binh Phuoc Ward, Thu Duc City, Ho Chi Minh City, Vietnam","Huynh Tram Pho – 631 QL13 is a spacious local noodle shop serving traditional Vietnamese pho with a clean, straightforward setup and quick service. The restaurant offers a variety of toppings, fresh herbs, and flavorful broth, attracting nearby residents and commuters looking for a hearty meal throughout the day. With open-air seating and an easygoing local atmosphere, it’s suitable for breakfast, lunch, dinner, or a simple takeaway meal.","A spacious local pho shop serving flavorful broth and quick, affordable meals. Suitable for breakfast, lunch, or dinner.","#food, #moment, #few_hours, #outdoor, #morning, #evening, #pleasant, #cheap, #traditional, #cloudy"
341,Meo Beo Milk Tea,"Mon - Sat: 10:00 - 20:00, Sun: Closed",https://lh3.googleusercontent.com/gps-cs-s/AG0ilSyurS70JLhDUZSJK0smHEu7QKHCr_Zw2jWMdk55_184e02IEOfZR31maWRPdpcxr6NfbMLOW7tW_QZOmudmKDhF1hGIGOtZXdH1NbDe1gygdFBEQrhgSHjqL0ivkPprPCTgXw3y=w408-h408-k-no,https://maps.app.goo.gl/M1ZJVTponA7KFdX68,10.849906592616225,106.71918317319899,4.1,"580 National Highway 13, Hiep Binh Phuoc Ward, Thu Duc City, Ho Chi Minh City, Vietnam","Meo Beo Milk Tea is a small, casual drink shop serving milk tea, toppings, and refreshing beverages at friendly prices. With a simple setup and quick service, the shop attracts students, young customers, and nearby residents looking for a sweet drink or a convenient to-go option. The space is compact but comfortable enough for short visits, takeaway orders, or casual meetups throughout the afternoon and early evening.","A small, casual milk tea shop offering sweet drinks and quick service. Affordable and convenient for takeaway or a short visit.","#drinks, #snacks, #takeaway, #moment, #few_hours, #indoor, #youthful, #cheap, #pleasant, #cloudy"
342,Thanh Cam Church,Mon - Sun: 00:00 - 23:59,https://lh3.googleusercontent.com/gps-cs-s/AG0ilSwKy5N_TfzDyyEm6yS6T44DTjzoWZpTXxrpMWyZ-g037TZeckEHYJDUsSmb9DkB8iuTM2URezWiMRF3QFAmiHNO_Un3m5AKfY30k752vEOgC9OThKk-zH9z_L2JIsr_vrs0RnU65g=w408-h303-k-no,https://maps.app.goo.gl/GvFPyoz5nc7qE43VA,10.845570630507245,106.8157998424001,4.7,"12 Street No. 11, Long Thạnh Mỹ Ward, District 9, Ho Chi Minh City, Vietnam","Thanh Cam Church is a peaceful Catholic church located in Long Thạnh Mỹ, offering a calm and sacred atmosphere for prayer, reflection, and community gatherings. With traditional architecture, a spacious courtyard, and a serene environment surrounded by greenery, the church serves as a spiritual home for local parishioners. It is open throughout the day for individual visits, ceremonies, and worship activities, providing a quiet place for anyone seeking tranquility or cultural exploration.","A peaceful Catholic church with a calm atmosphere for prayer and reflection. Serene, spacious, and open for daily visits.","#culture, #photo, #moment, #few_hours, #outdoor, #morning, #evening, #traditional, #quiet, #natural, #pleasant, #cloudy, #visit"
343,Domino’s Pizza,Mon - Sun: 09:00 - 23:00,https://lh3.googleusercontent.com/p/AF1QipNMbh5m8lBLGLxwCE4s02N_XUChLmeySKwLe8gH=w426-h240-k-no,https://maps.app.goo.gl/WFStKDiTQB5UemKu6,10.841407448629749,106.82342291947568,4.2,"319 Nguyen Van Tang Street, Quarter P, Thu Duc City, Ho Chi Minh City, Vietnam","Domino’s Pizza is a well-known international pizza chain offering a variety of pizzas, sides, and fast-delivery options. The restaurant provides a clean, modern indoor space with quick service, making it a convenient choice for dine-in, takeaway, or home delivery. Popular among students, families, and office workers, the store combines consistent quality with casual comfort, suitable for meals throughout the day and evening.","A modern pizza restaurant offering fast service, dine-in, takeaway, and delivery. Convenient, consistent, and suitable for any casual meal.","#food, #takeaway, #few_hours, #moment, #indoor, #modern, #youthful, #pleasant, #cloudy"
344,Sunday Basic Milk Tea – Nguyen Van Tang,Mon - Sun: 07:00 - 23:00,https://lh3.googleusercontent.com/gps-cs-s/AG0ilSyhOwgMtDPJ5AXC9lpFGcPEq7B_wdGwxcKGLTkE-5Gl3nfCflqtdnTUU3p3XtGdadEpIRhnKs__wVT0DNx4ioVAyldztGdoRpubz7sDyH1m74H0hBisLX3U-iuzc5Mk3K7RtGE=w408-h295-k-no,https://maps.app.goo.gl/haJUPWG2r8jhftnT6,10.841337085907336,106.82275162075383,4.4,"298 Nguyen Van Tang Street, Long Thạnh Mỹ Ward, District 9, Ho Chi Minh City, Vietnam","Sunday Basic Milk Tea – Nguyen Van Tang is a casual street-style milk tea shop offering a wide range of sweet drinks, toppings, and quick takeaway service. With its simple, open-front setup and friendly pricing, the shop attracts students and young customers who stop by for a refreshing drink throughout the day. The space is compact, energetic, and convenient for grab-and-go orders or short visits in the afternoon and evening.","A simple, street-style milk tea shop offering quick service and affordable drinks. Great for takeaway or a short casual stop.","#drinks, #snacks, #takeaway, #moment, #few_hours, #indoor, #youthful, #cheap, #pleasant, #cloudy"
345,Dieu Tam 2 Vegetarian Hotpot,Mon - Sun: 00:00 - 00:00,https://cdn.tgdd.vn/Files/2019/12/16/1227037/thanh-dam-bo-mat-cuoi-tuan-voi-2-mon-lau-nam-chay-thom-ngon-don-gian-va-de-lam-9-760x367.jpg,https://maps.app.goo.gl/35qqucEhsCgagzMu6,10.841244222169246,106.82241736154755,3.1,"288 Nguyen Van Tang Street, Long Thạnh Mỹ Ward, Thu Duc City, Ho Chi Minh City, Vietnam","Dieu Tam 2 Vegetarian Hotpot is a simple, local vegetarian restaurant specializing in comforting hotpots, stir-fries, and familiar plant-based dishes. With a casual and unpretentious setup, the restaurant serves nearby residents looking for affordable vegetarian meals suitable for both dine-in and takeaway. The open-air seating, quick service, and homestyle cooking make it a convenient choice for everyday dining or small family gatherings.","A casual vegetarian restaurant offering affordable hotpots and homestyle plant-based dishes. Simple, local, and suitable for everyday dining.","#food, #few_hours, #outdoor, #cozy, #traditional, #pleasant, #cheap, #cloudy, #rain, #healthy"
346,Thu Duc Forest Herb Pancake Shop,Mon - Sun: 15:00 - 21:00,https://tse4.mm.bing.net/th/id/OIP.BKlvGHOrmz8WrFhF5tkNmAHaEL?cb=ucfimg2&ucfimg=1&rs=1&pid=ImgDetMain&o=7&rm=3,https://maps.app.goo.gl/qMbxhEWw8u8dnSU37,10.841317767061602,106.82198714464245,4.9,"271a Nguyen Van Tang Street, Long Thạnh Mỹ Ward, Thu Duc City, Ho Chi Minh City, Vietnam","Thu Duc Forest Herb Pancake Shop is a casual, open-air eatery specializing in bánh xèo and bánh khọt served with a large basket of fresh forest herbs. With simple seating, a friendly atmosphere, and homestyle flavors, the restaurant attracts families, groups, and local residents looking for a tasty and affordable afternoon or evening meal. Its street-style setup and generous herb plates make it a standout spot for those who enjoy traditional Vietnamese dishes in a relaxed setting.","A casual street-style spot serving bánh xèo and bánh khọt with fresh forest herbs. Affordable, flavorful, and great for groups.","#food, #streetfood, #snacks, #moment, #few_hours, #outdoor, #evening, #traditional, #cheap, #pleasant, #cloudy"
347,Bo By Nha Trang Fish Cake & Jellyfish Noodle,Mon - Sun: 00:00 - 23:59,https://down-vn.img.susercontent.com/vn-11134259-7r98o-lwe5zgzkeeorcb,https://maps.app.goo.gl/8xvtZEb8B8sVmKL2A,10.841558227542647,106.82172209292328,4.6,"269 Nguyen Van Tang Street, Long Thạnh Mỹ Ward, Thu Duc City, Ho Chi Minh City, Vietnam","Bo By Nha Trang Fish Cake & Jellyfish Noodle is a small local eatery serving authentic Nha Trang–style bún chả cá and bún sứa. Known for its light, refreshing broth and flavorful handmade fish cakes, the shop offers comforting coastal flavors in a simple, everyday setting. Popular among residents for its affordable breakfast and lunch options, it provides quick service, takeaway convenience, and a familiar, street-food atmosphere.","A small local eatery offering authentic Nha Trang-style fish cake and jellyfish noodles. Light, flavorful, and perfect for a quick everyday meal.","#food, #moment, #few_hours, #indoor, #morning, #traditional, #pleasant, #cheap, #cloudy"
348,Meecha Mini Hotpot – 40k,Mon - Sun: 12:00 - 22:30,https://lh3.googleusercontent.com/p/AF1QipMvDrIgBAbvLQigmrZsn4H5Qe3CKT2w59yyhpI=w408-h544-k-no,https://maps.app.goo.gl/rqccXDqZLJdLQKge6,10.8417741809369,106.82140923365345,5.0,"255 Nguyen Van Tang Street, Long Thạnh Mỹ Ward, Thu Duc City, Ho Chi Minh City, Vietnam","Meecha Mini Hotpot is a small, budget-friendly restaurant offering mini hotpots with various toppings at an affordable price. With its simple setup and quick service, the shop attracts students, young groups, and local residents looking for a fun and satisfying meal without spending much. The space is cozy but lively, making it a popular choice for casual afternoon and evening gatherings.","A cozy budget hotpot shop serving mini hotpots at affordable prices. Lively, simple, and great for casual group meals.","#food, #few_hours, #long_time, #indoor, #evening, #youthful, #pleasant, #cheap, #cloudy"
349,421 Goat Hotpot,Mon - Sun: 00:00 - 00:00,https://lh3.googleusercontent.com/gps-cs-s/AG0ilSx-A6458qnwK_OU9jEcfEJyX3gS_88UrlIpaD03mCAJFIO83SZ9FFRp2NcuB-ywJMQmfH69vyShcjW0_GOtH5XjeDLUVLfMn-eX4lT5Y84JhNuvpI7YsLu-K_k9sUVrLJ8SmPMrqjT1MI6d=w408-h306-k-no,https://maps.app.goo.gl/ZdvyaKqEzNSrgHnH7,10.811795866768083,106.858286885645,5.0,"332 Long Thuận Street, Long Phước Ward, Thu Duc City, Ho Chi Minh City, Vietnam","421 Goat Hotpot is a local restaurant specializing in flavorful goat dishes, especially its signature goat hotpot served with fresh vegetables, herbs, and dipping sauces. With a casual atmosphere and spacious table setup, the restaurant is ideal for group gatherings, family meals, and evening hangouts. Its homestyle cooking, rich broth, and generous portions make it a popular spot for those who enjoy hearty, traditional Vietnamese goat cuisine.",A casual local spot serving flavorful goat hotpot with generous portions. Great for evening meals and group gatherings.,"#food, #few_hours, #long_time, #indoor, #evening, #traditional, #cozy, #pleasant, #cloudy"
350,Akiso Tofu & Vermicelli – Long Phuoc,Mon - Sun: 00:00 - 00:00,https://lh3.googleusercontent.com/gps-cs-s/AG0ilSwwQxEpaOme837gR4Akh4-Q6ptQ8eczMa3thFzpIwaiWbjkZC_BTPdRs1D0koIxVPssgFQxk8Pk0LKGbi8qOLMGdFWrTfKRvvP1ADNDMdSBESISY7u4ezevReUFmDmLPym33GRvlw=w408-h306-k-no,https://maps.app.goo.gl/zUHNZpUkYf7PY9fa8,10.812800540766538,106.86019408473877,5.0,"201 Long Phuoc Street, Thu Duc City, Ho Chi Minh City, Vietnam","Akiso Tofu & Vermicelli – Long Phuoc is a clean, modern-style bún đậu restaurant serving crispy fried tofu, pork, chả cốm, and fresh herbs in a neatly arranged platter. With bright signage and a comfortable indoor dining space, the restaurant attracts students, families, and nearby residents who enjoy Northern-style bún đậu at an affordable price. The atmosphere is casual and welcoming, making it suitable for both solo meals and group dining.","A casual and clean bún đậu restaurant offering flavorful Northern-style platters. Comfortable, affordable, and great for everyday meals.","#food, #few_hours, #moment, #indoor, #modern, #pleasant, #cheap, #cloudy"
351,Suoi Tien Cultural Theme Park,Mon - Sun: 08:00 - 17:00,https://r2.nucuoimekong.com/wp-content/uploads/khu-du-lich-suoi-tien-hcm.jpg,https://maps.app.goo.gl/7MoPw9Mg7gshLK5bA,10.866444443362155,106.80317852867518,4.3,"120 Song Hanh Xa Lo Ha Noi, Tan Phu Ward, Thu Duc City, Ho Chi Minh City, Vietnam","Suoi Tien Cultural Theme Park is one of the largest and most prominent theme parks in HCMC, renowned for its unique cultural and Buddhist theme, based on Vietnamese legends and history. The park is elaborately designed, recreating images from myths such as Lac Long Quan and Au Co, alongside religious elements like the Long Quy (Dragon Turtle) and grand statues of deities. The most famous attraction is Tien Dong - Ngoc Nu Beach, a large artificial beach. Suoi Tien not only features modern rides but also provides a cultural and educational experience, hosting major traditional festivals. This is an ideal destination for families seeking to combine entertainment with the exploration of Vietnamese cultural heritage.",Suoi Tien is a major theme park famous for its unique cultural and Buddhist theme. It offers a distinct experience exploring Vietnamese myths and legends through its architecture.,"#entertainment, #photo, #few_hours, #long_time, #outdoor, #morning, #culture, #vibrant, #youthful, #unique, #pleasant, #sunny, #cloudy"
352,The BCR Fitness and Sports Club,"Mon: 08:00 - 18:00, Tue: Close, Wed - Sun: 08:00 - 18:00",https://cdn.xanhsm.com/2024/12/5ee8e116-bcr-quan-9-7.jpg,https://maps.app.goo.gl/ArRwo1fsQ4ZtyVHF7,10.806388138382214,106.84446158883794,3.7,"Truong Thanh, Thu Duc, Ho Chi Minh City, Vietnam","The BCR Fitness and Sports Club is a famous outdoor entertainment and sports complex, located peacefully along the Tac River (Thu Duc City). The BCR’s spacious grounds are designed to blend with nature, making it an ideal retreat from the city center's hustle. The club is renowned for its unique thrill games and water activities such as Kayaking, Paintball, an infinity pool by the river, and recreational fishing. With its lush green spaces and camping services, The BCR is the perfect choice for teambuilding events, family picnics, or seeking novel adventurous experiences.","The BCR is a large outdoor entertainment complex near the river, famous for unique activities like Kayaking, Paintball, and camping.","#entertainment, #photo, #few_hours, #long_time, #outdoor, #morning, #evening, #natural, #free_spirited, #youthful, #vibrant, #pleasant, #sunny, #cloudy, #windy"
353,"City Park, The Global City","Mon - Fri: 10:00 - 22:00, Sat - Sun: 09:00 - 22:00",https://the-globalcitys.com.vn/uploads/baiviet/cong-vien-city-park/city-park-min.jpg,https://maps.app.goo.gl/MDdCWfxqeRygpr7fA,10.800266263739111,106.77235693599012,4.3,"D3 Street, An Phu Ward, Thu Duc City, Ho Chi Minh City, Vietnam","City Park is the central park and largest green space within The Global City urban complex in Thu Duc City. The park is designed to international standards, emphasizing modernity and sustainability, creating an ideal space for rest and relaxation. City Park stands out with its waterscape design, canals, and large outdoor stage area, frequently hosting major events, music festivals, and art performances. The area has quickly become a trendy new check-in spot, offering a dynamic and upscale atmosphere, making it an attractive weekend destination for residents and visitors.","City Park is the central park of The Global City (Thu Duc), known for its modern waterscape design and hosting major festivals and events.","#walking, #photo, #entertainment, #few_hours, #long_time, #outdoor, #morning, #evening, #modern, #youthful, #vibrant, #pleasant, #sunny, #cloudy"
354,Vietgangz Horse Club & Glamping,Mon - Sun: 06:00 - 23:00,https://longphuoc.vn/wp-content/uploads/2024/06/Vietgangz-Horse-Club-Glamping-Long-Phuoc-Quan-9-shgf.jpg,https://maps.app.goo.gl/FJPBbeWZbQJiwaLU8,10.80446057928967,106.86433641465729,4.8,"88 Street 9, Long Phuoc Ward, Thu Duc City, Ho Chi Minh City, Vietnam","Vietgangz Horse Club & Glamping is a unique entertainment complex that combines horse riding and glamorous camping (glamping) just outside the city center. The club is famous for its spacious, distinctive cowboy/Western aesthetic, offering a perfect retreat from the urban noise. It provides horse riding lessons for beginners, organizes overnight stays in luxury tents, and offers outdoor activities like archery. Vietgangz has become a popular check-in spot, attracting young people and families seeking novel adventurous experiences in a natural and stylish setting.","Vietgangz is a unique complex specializing in horse riding and glamorous camping (glamping), offering an adventurous, Western-themed retreat outside HCMC.","#entertainment, #few_hours, #long_time, #outdoor, #morning, #sunset, #free_spirited, #unique, #natural, #youthful, #pleasant, #windy, #cloudy"
355,Ao Dai Museum,Mon - Sun: 08:30 - 17:30,https://static.vinwonders.com/production/bao-tang-ao-dai-2.jpg,https://maps.app.goo.gl/jK5uxu7ortAnvXXd6,10.809134800735352,106.85323887291166,4.4,"206/19/30 Long Thuan Street, Ward, Thu Duc City, Ho Chi Minh City, Vietnam","Ao Dai Museum (Bao tang Ao Dai) is Vietnam's first private museum, established by designer Si Hoang, dedicated to honoring and preserving the history of the Ao Dai (Vietnam's national costume). The museum is located in Thu Duc City (former District 9), famous for its spacious, lush grounds designed in the style of traditional Southern Vietnamese garden architecture. It showcases collections tracing the Ao Dai's history, from ancient cross-collared robes to modern interpretations. The Ao Dai Museum is not just a tourist spot but a cultural and educational space, offering deep insight into the cultural, social significance, and subtle evolution of the Vietnamese long dress through the ages.","The Ao Dai Museum is Vietnam’s first private museum honoring the national dress, showcasing the history of the Ao Dai in a traditional Southern garden setting.","#culture, #photo, #few_hours, #long_time, #indoor, #morning, #traditional, #elegant, #unique, #pleasant, #cloudy, #visit"
356,Giga Mall Pham Van Dong,"Mon - Fri: 09:30 - 22:00, Sat - Sun: 09:00 - 22:00",https://gigamall.com.vn/data/image/gigamall%20bai%20viet/2022/gi-1643177181_750x0.jpg,https://maps.app.goo.gl/XSjhrDdmPzFjpa9P8,10.827906863167073,106.72163052872965,4.5,"Pham Van Dong Street, Hiep Binh Chanh Ward, Thu Duc City, Ho Chi Minh City, Vietnam","Giga Mall Pham Van Dong is a large, comprehensive shopping complex situated on Pham Van Dong Boulevard in Thu Duc City, making it a leading retail and entertainment destination in the Eastern area. The mall is famous for its spacious, modern design, hosting many major domestic and international fashion and cosmetic brands. A special highlight of Giga Mall is its high-tech entertainment zone, including a modern cinema complex and the JP World interactive art area. With a diverse food court and numerous restaurants, Giga Mall is the ideal destination for families and friends looking to combine shopping, dining, and unique entertainment experiences.","Giga Mall is a large modern shopping center in Thu Duc, known for its contemporary design, numerous brands, and high-tech entertainment zones.","#shopping, #entertainment, #food, #drinks, #few_hours, #long_time, #indoor, #evening, #modern, #youthful, #vibrant, #pleasant, #rain, #cloudy"
357,Vincom Plaza Thu Duc,Mon - Sun: 10:00 - 22:00,https://statics.vincom.com.vn/vincom-tttm/gioi_thieu/anh_bai_viet/Vincom-Thu-Duc-1024x537.jpg,https://maps.app.goo.gl/7coNdMoowBk3qw6d7,10.85033708323066,106.76509999986594,4.3,"216 Vo Van Ngan Street, Binh Tho Ward, Thu Duc City, Ho Chi Minh City, Vietnam","Vincom Plaza Thu Duc is a large shopping center that serves as the main retail and entertainment hub for Thu Duc City. It attracts a large local population due to its convenience and modern, clean shopping environment. Vincom Plaza hosts various fashion outlets and a wide range of dining options, including familiar restaurant chains and a food court. Notably, this mall typically features a VinMart/WinMart supermarket and a modern cinema complex, fulfilling the essential needs and entertainment desires of local families. Vincom Plaza Thu Duc is a bustling community center that enhances the quality of life and leisure experience in the city's Eastern area.","Vincom Plaza Thu Duc is a large, modern shopping center serving as the main retail, dining, and entertainment hub for the Thu Duc community.","#shopping, #food, #drinks, #entertainment, #few_hours, #long_time, #indoor, #modern, #youthful, #pleasant, #rain, #cloudy"
358,Vincom Plaza Le Van Viet,"Mon - Fri: 10:00 - 22:00, Sat - Sun: 09:30 - 22:00",https://cdn.xanhsm.com/2025/01/7b4341f7-vincom-plaza-le-van-viet.jpg,https://maps.app.goo.gl/VwQ13AghqaWyEcSx8,10.845199250075945,106.77863605756403,4.0,"50 Le Van Viet Street, Hiep Phu Ward, Thu Duc City, Ho Chi Minh City, Vietnam","Vincom Plaza Le Van Viet is a modern and familiar shopping center situated on the main Le Van Viet street (Thu Duc City, former District 9). This mall serves as a leading retail and entertainment destination, catering to the needs of one of the city's most populous areas. Vincom Plaza attracts customers with its spacious, convenient environment, hosting fashion and cosmetic brands, and a diverse food court. Notably, the mall typically features a VinMart/WinMart supermarket and a high-quality cinema complex, creating a complete entertainment complex. Vincom Plaza Le Van Viet is an ideal choice for families and groups of friends looking to enjoy shopping, dining, and weekend entertainment.","Vincom Plaza Le Van Viet is a major shopping center in Thu Duc, serving as a leading retail, dining, and entertainment hub for the Eastern city community.","#shopping, #food, #drinks, #entertainment, #few_hours, #long_time, #indoor, #modern, #youthful, #pleasant, #rain, #cloudy"
359,Vincom Mega Mall Thao Dien,"Mon - Fri: 10:00 - 22:00, Sat - Sun: 09:30 - 22:00",https://mia.vn/media/uploads/blog-du-lich/vincom-mega-mall-thao-dien-2-1734363284.jpg,https://maps.app.goo.gl/RM5MD3qtePhXAqMB9,10.802627259699435,106.74098232873469,4.4,"161 Vo Nguyen Giap Street, Thao Dien Ward, Thu Duc City, Ho Chi Minh City, Vietnam","Vincom Mega Mall Thao Dien is a large, modern shopping center, prominent in the Thao Dien area (former District 2). It is located on the main Vo Nguyen Giap Street and has direct connectivity to Thao Dien Station (Metro Line 1). The mall is designed to be spacious and luxurious, providing an international-class shopping and entertainment space. It gathers major fashion and cosmetic brands, along with a vast food court, an ice rink, and a modern cinema complex. Vincom Mega Mall Thao Dien is a favorite destination for the expatriate community and Saigon youth, serving as the leading entertainment center in the eastern part of the city.","Vincom Mega Mall Thao Dien is a large, modern shopping center in Thu Duc, known for its luxurious design and direct access to the Thao Dien Metro Station.","#shopping, #food, #drinks, #entertainment, #few_hours, #long_time, #indoor, #luxury, #modern, #youthful, #elegant, #vibrant, #pleasant, #rain, #cloudy"
360,Vincom Mega Mall Grand Park,"Mon - Fri: 10:00 - 22:00, Sat - Sun: 09:30 - 22:00",https://huttons.com.vn/wp-content/uploads/2024/07/vincom-mega-mall-grand-park-1.jpg,https://maps.app.goo.gl/wY42abgHD1CH8VA28,10.843559663153249,106.8425104998802,4.6,"Vincom Mega Mall Grand Park, 88 Phuoc Thien Street, Long Binh Ward, Thu Duc City, Ho Chi Minh City, Vietnam","Vincom Mega Mall Grand Park is one of the largest and most modern shopping centers in HCMC, situated in the heart of the Vinhomes Grand Park urban area (Thu Duc City). This mall stands out for its massive scale, unique, contemporary design, and its positioning as a ""Life-Design Mall"" (focused on experiential retail). It hosts hundreds of fashion, entertainment, and dining brands, fulfilling every need of residents and visitors. A special feature of Mega Mall Grand Park is the integration of technology into the shopping experience, along with a cinema complex and large entertainment zone. This is the ideal shopping and leisure center for the community in the eastern part of the city.","Vincom Mega Mall Grand Park is the largest and most modern mall in Thu Duc, known for its experiential design and serving as the entertainment hub for Vinhomes Grand Park.","#shopping, #food, #drinks, #entertainment, #photo, #few_hours, #long_time, #indoor, #modern, #luxury, #youthful, #vibrant, #unique, #pleasant, #rain, #cloudy"
361,Estella Place,Mon - Sun: 09:30 - 22:00,https://mia.vn/media/uploads/blog-du-lich/estlla-place-cach-di-chuyen-1733711221.jpg,https://maps.app.goo.gl/htcGwJFr4UVT94X7A,10.802101243922413,106.74831848635233,4.3,"88 Song Hanh Street, An Phu Ward, Thu Duc City, Ho Chi Minh City, Vietnam","Estella Place is a modern, upscale shopping center situated in the An Phu area (Thu Duc City), serving as a leading retail and entertainment destination for the expatriate and affluent resident community. The mall stands out with its sophisticated design, open spaces, and a harmonious blend of international brands and premium services. Estella Place hosts numerous fashion outlets, cosmetic brands, alongside a diverse food court and a major cinema complex (Lotte Cinema). With its clean, luxurious ambiance focused on a relaxed shopping experience, Estella Place is the ideal spot to find imported goods, services, and enjoy a high-end atmosphere.","Estella Place is an upscale shopping center in Thu Duc (former D2), known for its modern design and catering primarily to the expatriate and affluent resident community.","#shopping, #food, #drinks, #entertainment, #few_hours, #long_time, #indoor, #modern, #luxury, #elegant, #youthful, #pleasant, #rain, #cloudy"
362,D-Joy,Mon - Sun: 17:00 - 22:00,https://mia.vn/media/uploads/blog-du-lich/khu-cong-vien-giai-tri-d-joy-2-1716021770.jpg,https://maps.app.goo.gl/yBgBniYUm96Am7nKA,10.778481858983703,106.71171108374327,3.8,"Thu Thiem Ward, Ho Chi Minh City, Vietnam","D-Joy is a highly popular and trendy cafe and social spot situated in the developing Thu Thiem area, distinguished primarily by its spectacular, unobstructed panoramic view of the Sai Gon central business district skyline, the venue features a modern, youthful, and aesthetically pleasing design with plenty of open space and vibrant lighting, making it a favorite destination for young people and visitors seeking stunning photo opportunities and a lively atmosphere, D-Joy serves a wide selection of coffee, refreshing non-alcoholic beverages, and light snacks, establishing itself as a prime location for enjoying the city's dynamic views, especially during sunset and in the evening.","D-Joy is a trendy cafe and social spot in the Thu Thiem area, famous for its spectacular, unobstructed panoramic views of the Sai Gon city skyline.","#chill, #moment, #few_hours, #entertainment, #indoor, #rain, #windy, #youthful"
363,CGV Giga Mall Thu Duc,Mon - Sun: 00:00 - 00:00,https://mia.vn/media/uploads/blog-du-lich/Giga-Mall-Thu-Duc-1693126277.jpg,https://maps.app.goo.gl/9CMcNLMPhzYsdNZa7,10.82783740105783,106.72123465755234,4.5,"6th Floor, Giga Mall Shopping Center, 240, 242 Pham Van Dong Street, Hiep Binh Chanh Ward, Thu Duc City, Ho Chi Minh City, Vietnam","CGV Giga Mall Thu Duc is a modern cinema complex situated on the 6th floor of Giga Mall Shopping Center. It is one of the largest cinemas in the Eastern part of the city, attracting a huge audience with its superior audio and visual quality. CGV Giga Mall is equipped with advanced screening technology, including special formats like Gold Class (luxury reclining seats) or 4DX/IMAX formats (depending on the branch). The cinema features comfortable, modern facilities and serves a full range of popular snacks and beverages. CGV Giga Mall is a premier entertainment destination where audiences can enjoy international and Vietnamese blockbusters in a perfect cinematic experience.","CGV Giga Mall is the largest modern cinema complex in Thu Duc, known for its advanced screening technology and serving as the premier entertainment spot for the Eastern community.","#entertainment, #movie, #snacks, #drinks, #few_hours, #indoor, #modern, #youthful, #pleasant, #rain, #cloudy"
364,KIDS CAMP PLUS,Mon - Sun: 09:00 - 22:00,https://kidscampplus.com/wp-content/uploads/2022/09/Khu-vui-choi-tre-em-Han-Quoc-Kids-Camp-Plus-playground-korea-26.jpg,https://maps.app.goo.gl/qxfGPxQe5vjz8dPv7,10.802029636505477,106.74841947020423,4.3,"Estella Kids Camp, 88 Song Hanh Street, An Phu Ward, Ho Chi Minh City, Vietnam","KIDS CAMP PLUS is a popular and comprehensive children's play and education center located within the Estella Kids Camp facility in the An Phu area, the center offers a safe, engaging, and dynamic environment designed to foster physical and creative development in young children, featuring a variety of age-appropriate activities such as soft play zones, trampoline areas, climbing structures, and dedicated spaces for guided educational games, making it a highly valued destination for families seeking a fun, supervised, and stimulating environment for their children in the city.","KIDS CAMP PLUS is a comprehensive children's play and education center in the An Phu area, known for its safe, dynamic environment and various stimulating indoor activities.","#entertainment, #chill, #moment, #few_hours, #indoor, #rain, #cloudy, #modern"
365,Lotte Cinema Thu Duc,Mon - Sun: 00:00 - 00:00,https://cdn11.dienmaycholon.vn/filewebdmclnew/public/userupload/files/kien-thuc/review-rap-chieu-phim-lotte-moonlight-thu-duc/review-rap-chieu-phim-lotte-moonlight-thu-duc-1.jpg,https://maps.app.goo.gl/i7uS6t3nzF83aL3B8,10.871264930313718,106.76906837098802,4.2,"Joy Citipoint Building, 2 National Highway 1A (QL1A), Linh Trung Ward, Thu Duc City, Ho Chi Minh City, Vietnam","Lotte Cinema Thu Duc is a modern cinema complex situated in the Joy Citipoint Building on National Highway 1A. This cinema is ideal for the community and student population in the eastern part of the city (Linh Trung, Thu Duc). Lotte Cinema stands out with its advanced projection technology and comfortable seating system, providing a high-quality viewing experience. The cinema regularly screens the latest Vietnamese and international blockbusters, often featuring attractive promotions. Lotte Cinema Thu Duc is a premier entertainment destination, conveniently combining shopping (in the commercial area below) with enjoying blockbuster films.","Lotte Cinema Thu Duc is a modern cinema serving the Eastern community and students, known for advanced screening technology and affordable pricing.","#entertainment, #movie, #snacks, #drinks, #few_hours, #indoor, #modern, #youthful, #cheap, #pleasant, #rain, #cloudy"
366,"Galaxy Co.opXtra Linh Trung
",Mon - Sun: 00:00 - 00:00,https://cdn.galaxycine.vn/media/2019/12/27/hanh-lang-soat-ve---glx-linh-trung_1577419450118.jpg,https://maps.app.goo.gl/WvvYXPJQ9XnqC5QJ8,10.868567405154595,106.77664762872297,4.4,"934 National Highway 1A (QL1A), Linh Trung Ward, Thu Duc City, Ho Chi Minh City, Vietnam","Galaxy Co.opXtra Linh Trung is a modern cinema complex situated inside the large Co.opXtra hypermarket in the Linh Trung area, Thu Duc City. Its prime location on National Highway 1A and proximity to the National University Village make it the leading entertainment spot for students and residents of the eastern city. Galaxy Cinema is known for its advanced screening technology and good service quality, regularly showing the latest film releases. The combination of convenient shopping at the Co.opXtra hypermarket and a high-quality movie experience makes this a complete entertainment complex, optimally serving the community's leisure and consumer needs.","Galaxy Co.opXtra Linh Trung is a major cinema and hypermarket complex in Thu Duc, serving as the top entertainment spot for students and residents, noted for its convenient location on Highway 1A.","#entertainment, #movie, #snacks, #drinks, #few_hours, #indoor, #modern, #youthful, #pleasant, #rain, #cloudy"
367,Vinhomes Grand Park Light Park,Mon - Sun: 00:00 - 00:00,https://static.vinwonders.com/production/cong-vien-anh-sang-ve-dem.jpg,https://maps.app.goo.gl/ucLuw4hcqeyKr8KRA,10.840767153439073,106.84440772872294,4.6,"T2 Street, Long Binh Ward, Thu Duc City, Ho Chi Minh City, Vietnam","Vinhomes Grand Park Light Park is a massive themed park that serves as the green heart of the Vinhomes Grand Park metropolis in Thu Duc City. Covering up to 36 hectares, the park is famous for its design featuring 15 different themes, including a Japanese garden, a water play area, and a BBQ zone. The most striking highlight is the Light Garden inspired by Gardens by the Bay (Singapore), featuring dozens of dazzling 'super trees' that create a spectacular illuminated landscape at night. The Light Park is an ideal venue for picnics, sports activities, and an impressive check-in spot for residents and visitors wanting to admire a unique landscape architectural project.","Vinhomes Grand Park Light Park is a massive 36-hectare park in Thu Duc, famous for its multi-themed design and spectacular 'super tree' light garden at night.","#walking, #photo, #entertainment, #few_hours, #long_time, #outdoor, #sunset, #natural, #chill, #youthful, #vibrant, #unique, #pleasant, #sunny, #cloudy"
368,"Saigon Riverside Park, Thu Duc City",Mon - Sun: 00:00 - 00:00,https://www.khangdien.com.vn/wp-content/uploads/2023/12/z5002967828967-44a41d6dd7a21d116ebfe99ec2947367.jpg,https://maps.app.goo.gl/FN5kkjeoDg3XQdgK6,10.771938084974723,106.70981212868114,4.6,"59 Thu Thiem Street, Thu Duc City, Ho Chi Minh City, Vietnam","Saigon Riverside Park, Thu Duc City is the newest and largest public space in the Thu Thiem area (Thu Duc City), built along the poetic Saigon River bank. The park is distinguished by its modern, airy landscape design and stunning views facing District 1's skyline. It is the ideal destination for outdoor activities such as strolling, exercising, cycling, and sunset viewing. The park is also equipped with various public amenities, creating a relaxing space for all ages. Saigon Riverside Park has quickly become a popular new cultural and recreational destination, contributing to enhancing the quality of urban green spaces and symbolizing the development of Thu Thiem.","Saigon Riverside Park is a large green space in Thu Thiem, known for its modern, open design and spectacular views of the District 1 skyline.","#walking, #photo, #entertainment, #moment, #few_hours, #outdoor, #sunset, #natural, #chill, #pleasant, #windy, #sunny, #cloudy"
369,Sala Park,Mon - Sun: 00:00 - 00:00,https://cdn.xanhsm.com/2024/12/4cdeb438-cong-vien-sala.jpg,https://maps.app.goo.gl/FcR9HddDWodexusU9,10.77239386528588,106.7246541575347,4.6,"01 Hoang The Thien Street, An Loi Dong Ward, Thu Duc City, Ho Chi Minh City, Vietnam","Sala Park is an integral part of the upscale Sala Urban Area in Thu Thiem (Thu Duc City), famous for its meticulously planned, lush green spaces. The park is designed to international standards, featuring a system of canals and artificial lakes, creating a unique and relaxing ecological landscape. Sala Park is an ideal place for exercising, strolling, and unwinding amidst nature, far from the city's noise. It often hosts community activities and is a favorite destination for affluent residents and visitors seeking to admire a green, smart, and modern urban area.","Sala Park is a modern, planned green space in Thu Thiem, known for its canals, artificial lakes, and serving as an ideal spot for relaxation.","#walking, #photo, #few_hours, #long_time, #outdoor, #natural, #modern, #chill, #pleasant, #sunny, #cloudy"
370,Thu Thiem Tunnel Riverside Park,Mon - Sun: 00:00 - 00:00,https://statics.vinpearl.com/The-beauty-of-the-Thu-thiem-Tunnel_1751213077.jpg,https://maps.app.goo.gl/wAFwfmtVyJMwS61e6,10.770573906424884,106.7098419709989,4.6,"14A Thu Thiem Street, Thu Duc City, Ho Chi Minh City, Vietnam","Thu Thiem Tunnel Riverside Park is one of the most beloved public spaces, situated right on the Saigon River bank in the Thu Thiem area (Thu Duc City). The park is famous for its prime location, where visitors can enjoy the most spectacular and clearest panoramic views of the District 1 skyline, including the Bitexco Tower and skyscrapers. The embankment area has a cool, airy atmosphere and becomes very vibrant in the evening, filled with street stalls and casual coffee spots. The Riverside Park is an ideal place for relaxing, meeting friends, and photography, perfectly illustrating the contrast between the old elegance of District 1 and the modern development of Thu Thiem.",Thu Thiem Tunnel Riverside Park is a famous public space offering the most spectacular and clearest panoramic views of the entire District 1 skyline.,"#photo, #streetfood, #drinks, #moment, #few_hours, #outdoor, #evening, #sunset, #youthful, #vibrant, #free_spirited, #pleasant, #windy, #cloudy"
371,Family Garden 2,Mon - Sun: 07:30 - 17:30,https://mia.vn/media/uploads/blog-du-lich/khu-thuong-mai-xanh-family-garden-01-1715219256.jpg,https://maps.app.goo.gl/HLaGYJ22uTey6p2H7,10.805774602681204,106.73803572872964,4.2,"28 Thao Dien Street, Thu Duc City, Ho Chi Minh City, Vietnam","Family Garden 2 is a unique outdoor recreation and educational space located in the Thao Dien area (Thu Duc City). It attracts numerous families and the expatriate community with its model combining DIY gardening plots, creative playgrounds, and a setting close to nature. Family Garden provides a safe environment for children to learn about agriculture, animal care (often featuring a small petting zoo), and partake in extracurricular activities. With its fresh, tranquil atmosphere and rustic design, it is the perfect spot for families to spend a full weekend relaxing, reconnecting with nature, and bonding.","Family Garden is a unique outdoor recreational space in Thao Dien, providing safe gardening areas, playgrounds, and nature connection for children and families.","#entertainment, #photo, #few_hours, #long_time, #indoor, #outdoor, #natural, #rustic, #chill, #pleasant, #sunny, #cloudy"
372,Song Long Ecological Tourist Area,Mon - Sun: 00:00 - 00:00,https://fileapidulich.surelrn.vn/Upload/VietNam/CaMau/Place/Picture/R638346080566835415.png,https://maps.app.goo.gl/KLdx695SwLTSNypKA,10.818589108372905,106.86352038453767,4.1,"10 D1 Street, Thu Duc City, Ho Chi Minh City, Vietnam","Song Long Ecological Tourist Area is an ideal recreational destination, offering a green, peaceful space in Thu Duc City. The site is famous for its eco-tourism model, focusing on water-based and outdoor activities such as swimming, kayaking, recreational fishing, and teambuilding games. Song Long features spacious grounds designed in a rustic Southern Vietnamese countryside style, complete with thatched huts and restaurants serving traditional Vietnamese cuisine. With its fresh air, convenient services, and affordable prices, Song Long is the perfect choice for families, schools, and companies looking to organize weekend picnics and fun activities.","Song Long Ecological Tourist Area is an eco-tourism and recreation spot in Thu Duc, known for its lush green space, water activities, and countryside cuisine.","#entertainment, #photo, #food, #few_hours, #long_time, #outdoor, #natural, #rustic, #free_spirited, #pleasant, #sunny, #cloudy, #windy"
373,GoGi House Vincom Plaza Le Van Viet,Mon - Sun: 10:00 - 21:30,https://cdn.pastaxi-manager.onepas.vn/content/uploads/articles/tinh/nh-gogi-house-vincom-le-van-viet-hcm/nha-hang-gogi-house-vincom-le-van-viet-1.JPG,https://maps.app.goo.gl/vi7qjd7oyctjt3oEA,10.845354238336391,106.77889174220223,4.2,"Vincom Plaza Shopping Center, 50 Le Van Viet Street, Hiep Phu Ward, Thu Duc City, Ho Chi Minh City, Vietnam","GoGi House Vincom Plaza Le Van Viet is a prominent branch of the famous Korean BBQ restaurant chain, located inside the major shopping mall in Thu Duc. The restaurant attracts diners with its unique tableside grilling model and its signature, richly marinated Galbi (beef short ribs), delivering authentic Korean flavors. GoGi House offers both a la carte and buffet options, featuring a variety of high-quality imported beef cuts. The interior is modern and youthful, reminiscent of the casual grill houses found in Seoul. Conveniently located within Vincom Plaza, GoGi House is an ideal choice for family or friend gatherings after shopping, who want to enjoy hot, quality grilled meat.","GoGi House at Vincom Le Van Viet is a popular Korean BBQ destination, attracting guests with its tableside grilling concept and signature marinated meats.","#food, #drinks, #few_hours, #indoor, #modern, #youthful, #cozy, #pleasant, #cloudy, #luxury"
374,"Manwah Thiso Mall
",Mon - Sun: 10:00 - 22:00,https://thisomallsala.vn:441/Resource/Images/Outlet/Manwah/Detail/Detail_1200_600.webp,https://maps.app.goo.gl/eQATLb1dbX22XrNh7,10.772183125653369,106.72106069985254,3.8,"8 Mai Chi Tho Street, Thu Thiem Ward, Thu Duc City, Ho Chi Minh City, Vietnam","Manwah Thiso Mall is a prominent branch of the famous Taiwanese Hotpot Buffet chain, located in the upscale shopping mall in the Thu Thiem urban area. Manwah attracts diners with its unique all-you-can-eat model, offering various signature Lau broths (like spicy Mala hotpot and collagen broth) and premium, fresh dipping items. The restaurant is renowned for its rich self-service bar, which includes traditional Taiwanese side dishes. With its spacious setting, modern and elegant design, and prime location, Manwah is a top choice for family and friend gatherings seeking high-quality, refined Taiwanese hotpot cuisine.","Manwah Thiso Mall is an upscale Taiwanese Hotpot Buffet restaurant, known for its diverse broths, fresh meats, and location within the luxurious Thiso Mall in Thu Thiem.","#food, #drinks, #few_hours, #long_time, #indoor, #modern, #elegant, #cozy, #pleasant, #cloudy, #luxury"
375,Kichi Kichi Thiso Mall,Mon - Sun: 10:00 - 22:00,https://thisomallsala.vn:441/Resource/Images/Outlet/KICHIKICHI/Detail/Detail_1200_600.webp,https://maps.app.goo.gl/Tyj42P8fei3x7fvS7,10.77235222552007,106.72289385754645,4.2,"Sofic Tower, 10 Mai Chi Tho Street, Thu Duc City, Ho Chi Minh City, Vietnam","Kichi Kichi Thiso Mall is a branch of the famous conveyor belt hotpot (Kaiten Hotpot) chain, located in the upscale shopping mall in Thu Thiem. The restaurant attracts diners with its unique model, allowing customers to sit around the counter and select fresh meats, seafood, and vegetables continuously moving on the conveyor belt. Noted for its diverse signature soup bases (like Thai hotpot and mushroom hotpot) and over 100 different dipping items, Kichi Kichi offers a fast, fun, all-you-can-eat hotpot experience. The dining space is modern and youthful, perfectly suited for gatherings with friends or family seeking to enjoy quality hotpot to their hearts' content.","Kichi Kichi is a famous conveyor belt hotpot (Kaiten Hotpot) chain, allowing diners to continuously enjoy a wide variety of fresh meats and seafood.","#food, #drinks, #few_hours, #indoor, #modern, #youthful, #vibrant, #pleasant, #cloudy, #luxury"
376,"Dookki
",Mon - Sun: 10:30 - 22:00,https://encrypted-tbn0.gstatic.com/images?q=tbn:ANd9GcSawjkuiBJvnINOWeG0reW7B0PjF3looajvJg&s,https://maps.app.goo.gl/XxQ1gwUhXLKNMYgb7,10.868218705444967,106.77673728631551,4.8,"2 National Highway 1A (QL1A), Linh Xuan Ward, Thu Duc City, Ho Chi Minh City, Vietnam","Dookki is a popular Korean hotpot buffet chain from Korea, specializing in Tteokbokki (spicy rice cakes). The restaurant attracts young diners with its unique self-service buffet model, allowing guests to freely customize their sauce base and choose unlimited toppings, including various rice cakes (tteok), vegetables, fish cakes, and meats. Dookki also features a Korean Street Food counter with popular snacks like rice balls and fried tempura items. With its modern, lively atmosphere and affordable pricing, Dookki is an ideal spot for groups of friends looking to enjoy a fun and creative Korean dining experience.","Dookki is a famous Korean Tteokbokki buffet chain, allowing guests to choose their own ingredients and customize the sauce based on personal taste.","#food, #drinks, #snacks, #few_hours, #indoor, #modern, #youthful, #vibrant, #cheap, #pleasant, #cloudy"
377,Subin BBQ - Korean BBQ Buffet Vincom Thu Duc,Mon - Sun: 10:30 - 22:00,https://digiticket.vn/blog/wp-content/uploads/2022/06/subin-bbq-vi-tri-1024x819.jpg,https://maps.app.goo.gl/hjcEXTMB6fvTYaPc6,10.850392583189963,106.76530502868441,4.6,"4th Floor, Vincom Shopping Center, 216 Vo Van Ngan Street, Binh Tho Ward, Thu Duc City, Ho Chi Minh City, Vietnam","Subin BBQ - Korean BBQ Buffet Vincom Thu Duc is a popular dining spot, located on the 4th floor of the Vincom Plaza Thu Duc shopping center. The restaurant specializes in the all-you-can-eat Korean BBQ Buffet model, featuring various cuts of beef, pork, and seafood richly marinated according to traditional Korean recipes. Subin BBQ attracts diners with the diversity of its self-service counter, which includes many traditional Korean side dishes (panchan), rice rolls (kimbap), and hot food items. With its spacious, modern setting and advanced smoke extraction system, this is an excellent choice for parties, family gatherings, or friends who want to enjoy unlimited, high-quality grilled meat at a reasonable price.","Subin BBQ is a Korean BBQ Buffet restaurant in Vincom Thu Duc, known for its all-you-can-eat model and richly marinated, authentic Korean meats.","#food, #drinks, #few_hours, #long_time, #indoor, #modern, #youthful, #cozy, #pleasant, #cloudy"
378,Happy Thai Thu Duc,Mon - Sun: 11:00 - 22:00,https://happythai.vn/uploads/large/he-thong-nha-hang/happy-thai-thu-duc.jpg,https://maps.app.goo.gl/H2WYWbfhTt8b2a2g7,10.847453811241593,106.76852217103492,4.8,"20 Doan Ket Street, Binh Tho Ward, Thu Duc City, Ho Chi Minh City, Vietnam","Happy Thai Thu Duc is a locally famous restaurant specializing in Thai cuisine that offers authentic flavors at affordable prices. The eatery attracts diners by perfectly balancing the characteristic Thai tastes of sour, spicy, salty, and sweet, delivering a genuine Thai dining experience. The menu is diverse, featuring classics like Tom Yum (spicy and sour soup), Pad Thai, Som Tum (papaya salad), and rich Thai curries. With its clean, comfortable ambiance, Happy Thai is an excellent choice for families and groups of friends looking to enjoy high-quality Thai food without venturing into the city center.","Happy Thai is a famous Thai restaurant in Thu Duc, specializing in authentic spicy and sour Thai dishes at affordable prices in a comfortable setting.","#food, #drinks, #few_hours, #indoor, #modern, #cozy, #pleasant, #cloudy"
379,Chang - Modern Thai Cuisine Vo Van Ngan,Mon - Sun: 11:00 - 22:00,https://pasgo.vn/Upload/anh-chi-tiet/nha-hang-chang-vo-van-ngan-slide-12-normal-2078405449205.webp,https://maps.app.goo.gl/d91xoMp1QNPMntrr8,10.849773698400567,106.76993578636831,3.9,"292 Vo Van Ngan Street, Ward, Thu Duc City, Ho Chi Minh City, Vietnam","Chang - Modern Thai Cuisine Vo Van Ngan is a popular restaurant chain offering a modern and refined Thai dining experience in Thu Duc City. The restaurant attracts diners by harmoniously blending traditional Thai flavors with creative, visually appealing presentation. Chang's menu is diverse, featuring classic dishes (Tom Yum, Pad Thai) subtly reinterpreted to be easily enjoyable. The interior design is youthful, bright, and very contemporary, creating a comfortable ambiance. Chang Modern Thai Cuisine is an excellent choice for dates or friend gatherings seeking high-quality, unique, and stylish Thai food.","Chang is a famous modern Thai restaurant in Thu Duc, specializing in refined Thai cuisine with creative presentation and a youthful atmosphere.","#food, #drinks, #dating, #few_hours, #indoor, #modern, #elegant, #youthful, #romantic, #pleasant, #cloudy"
380,"The Pizza Company
",Mon - Sun: 10:00 - 22:00,https://pasgo.vn/Upload/anh-chi-tiet/nha-hang-the-pizza-company-515-le-vang-sy-1-normal-1339995418733.webp,https://maps.app.goo.gl/yVdsB65vVu1FDGiQ7,10.851301545460322,106.7565709998986,4.2,"26-28-30 Vo Van Ngan Street, Linh Chieu Ward, Thu Duc City, Ho Chi Minh City, Vietnam","The Pizza Company is a highly popular international (Thai-based) Pizza chain in Vietnam, known for its thick crusts, loaded toppings, and rich flavor profile, appealing to Asian tastes. The Vo Van Ngan branch is a familiar spot for the Thu Duc community, attracting customers with its diverse menu, including signature seafood pizzas, pasta, and grilled chicken. The restaurant stands out for its attractive promotions and fast delivery service. With a spacious, modern, and family-friendly dining space, The Pizza Company is a popular choice for fun weekend meals, meeting the demand for quality Italian-inspired cuisine.","The Pizza Company is a famous international pizza chain known for its thick crusts and loaded toppings, making it a popular choice for families and youth in Thu Duc.","#food, #drinks, #few_hours, #moment, #indoor, #modern, #youthful, #pleasant, #cloudy, #luxury"
381,LONG WANG,Mon - Sun: 10:00 - 22:00,https://aeonmall-haiphong-lechan.com.vn/wp-content/uploads/2024/04/hinh-anh-minh-hoa-restaurant-information-4-scaled.jpg,https://maps.app.goo.gl/G1PpoZFbzXF2vpHE9,10.844771701478507,106.77864703053604,5.0,"4th Floor, Vincom Plaza Shopping Center, 50 Le Van Viet Street, Ward, Thu Duc City, Ho Chi Minh City, Vietnam","LONG WANG is a famous brand specializing in upscale Taiwanese Hotpot Buffet, located on the 4th floor of Vincom Plaza Le Van Viet (Thu Duc). The restaurant attracts diners with its unique all-you-can-eat model, offering various signature, rich Lau broths (like Mala and Thai hotpot) and premium fresh dipping items like beef and seafood. LONG WANG provides a luxurious, modern dining space, making it perfectly suited for celebratory parties, family gatherings, or friends' meetings. With guaranteed ingredient quality and diverse options, this is an ideal spot to enjoy refined and satisfying Taiwanese hotpot cuisine.","LONG WANG is an upscale Taiwanese Hotpot Buffet restaurant in Vincom Le Van Viet, known for its diverse broths, fresh meats, and all-you-can-eat model.","#food, #drinks, #few_hours, #long_time, #indoor, #modern, #luxury, #elegant, #pleasant, #cloudy"
382,Lau Ga Ot Hiem 109,Mon - Sun: 10:00 - 22:00,https://pasgo.vn/Upload/anh-chi-tiet/slide-le-van-duyet-3-normal-2263271557827.webp,https://maps.app.goo.gl/3HniWExtqGq2JDuZ9,10.85504269011458,106.76789434400527,3.9,"188 Hoang Dieu 2 Street, Linh Chieu Ward, Thu Duc City, Ho Chi Minh City, Vietnam","Lau Ga Ot Hiem 109 is a famous specialty eatery, attracting diners with its uniquely flavored, fiery Chicken Hotpot made with the distinctive ot hiem chili (bird's eye chili). The broth is meticulously prepared, boasting a savory sweetness from the chicken and subtle medicinal herbs, contrasted by the explosive spiciness of the chili. The hotpot is served with fresh, firm-fleshed local chicken and fresh vegetables. Lau Ga Ot Hiem 109 provides a casual, cozy atmosphere, perfect for gatherings with friends, especially those who enjoy a spicy culinary challenge. This is a popular, rustic specialty dish of Southern Vietnamese cuisine.","Lau Ga Ot Hiem 109 is a famous specialty restaurant known for its intensely spicy and flavorful chicken hotpot, using the signature ot hiem chili of Southern cuisine.","#food, #few_hours, #long_time, #indoor, #evening, #rustic, #cozy, #vibrant, #pleasant, #rain, #cloudy"
383,vnuEats,Mon - Sun: 00:00 - 00:00,https://encrypted-tbn0.gstatic.com/images?q=tbn:ANd9GcTxpn_K21ZC8iIzhAfE08v2k_RjTXEzUPu9DA&s,https://maps.app.goo.gl/sdQioWUPhdgmPctb6,10.869624667929624,106.8040034403523,5.0,"VNU University, Urban Area, Thu Duc City, Ho Chi Minh City 700000, Vietnam","vnuEats is a popular food court known as the center for discovering diverse and affordable cuisine within the Vietnam National University (VNU) Village area. This culinary hub is renowned for its wide variety of stalls, serving dishes ranging from various regions of Vietnam (such as bun, pho, com tam) to international specialties (like Korean and Thai food). vnuEats attracts numerous students and local residents due to its clean, modern dining space and fast service. It is not just a place to eat but also a vibrant cultural meeting point, reflecting the dynamic student life of the Thu Duc university urban area.","vnuEats is a famous food hub in the VNU University Village, specializing in diverse Vietnamese and international foods at affordable student prices.","#food, #drinks, #streetfood, #few_hours, #moment, #indoor, #youthful, #vibrant, #cheap, #pleasant, #cloudy"
384,The Deck Saigon,Mon - Sun: 08:00 - 00:00,https://dynamic-media-cdn.tripadvisor.com/media/photo-o/04/67/ca/16/the-deck-saigon.jpg?w=900&h=500&s=1,https://maps.app.goo.gl/6fMC48jjtNTaE5cm6,10.807003717535702,106.74457832863833,4.4,"38 Nguyen U Di Street, Thu Duc City, Ho Chi Minh City, Vietnam","The Deck Saigon is one of the most upscale and romantic restaurants in HCMC, situated right on the bank of the Saigon River in the Thao Dien area (Thu Duc City). The restaurant is famous for its prime location, offering stunning views, making it ideal for watching the sunset and the city lights. The Deck serves high-end International and Fusion cuisine, with dishes meticulously prepared, focusing on fresh seafood and quality ingredients. The setting is modern and luxurious yet close to nature, featuring a beautiful outdoor area. The Deck Saigon is the perfect destination for important dates, anniversaries, or anyone wanting to enjoy a high-class riverside dinner.","The Deck Saigon is a romantic, upscale restaurant on the Saigon River in Thao Dien, known for its refined Fusion cuisine and beautiful sunset views.","#food, #drinks, #photo, #dating, #few_hours, #long_time, #outdoor, #indoor, #sunset, #evening, #luxury, #elegant, #romantic, #natural, #unique, #pleasant, #windy, #cloudy"
385,Boat House Bistro,Mon - Sun: 16:00 - 23:00,https://vietnamnightlife.com/uploads/images/2024/03/1709871064-single_product2-boathousebistrobinhkhanhcover.jpg,https://maps.app.goo.gl/su8xjvZDbRh5tiVs6,10.779826878480032,106.7404372286953,4.5,"CH01 26 Mai Chi Tho Street, An Khanh Ward, Thu Duc City, Ho Chi Minh City, Vietnam","Boat House Bistro is a prominent restaurant in the Thu Thiem area (Thu Duc City), attracting diners with its unique boathouse-themed design, creating a relaxed atmosphere close to nature. Situated in an airy location near the river/canal, it offers a beautiful view and cool environment. Boat House Bistro serves high-quality Asian-European Fusion cuisine, ranging from grilled dishes and seafood to light appetizers. With its rustic design, abundant greenery, and spacious outdoor seating, this is an ideal venue for families or groups of friends wanting to enjoy a delicious meal in a peaceful setting, separated from the city's noise.","Boat House Bistro is a prominent Fusion restaurant in Thu Thiem, featuring a unique boathouse theme and known for its airy, riverside-adjacent atmosphere.","#food, #drinks, #few_hours, #long_time, #outdoor, #evening, #sunset, #rustic, #natural, #chill, #cozy, #pleasant, #windy, #cloudy"
386,"Mam Tom Bun Dau ""A Chanh""",Mon - Sun: 09:00 - 22:00,https://encrypted-tbn0.gstatic.com/images?q=tbn:ANd9GcRJXHmKm0MltTdCIvtDji_JY4yb5jTg3gx65Q&s,https://maps.app.goo.gl/SHnePdycgvowuNiC8,10.852028918873675,106.79435477105251,3.3,"200 Man Thien Street, Tan Phu Ward, Thu Duc City, Ho Chi Minh City, Vietnam","Mam Tom Bun Dau ""A Chanh"" is a famous eatery specializing in authentic Northern Vietnamese Bun Dau Mam Tom (rice vermicelli with tofu and fermented shrimp paste) in Thu Duc City. The shop attracts many diners, especially students, due to its generous portions, reasonable prices, and high quality. The bun dau platter includes rice vermicelli, crispy hot fried tofu, rice sausage (cha com), boiled pork, and crucially, the mam tom (fermented shrimp paste) sauce, mixed with a perfect balance of sour, spicy, and sweet flavors. Bun Dau A Chanh offers a casual, clean space, making it an ideal choice for enjoying the signature taste of Hanoi in Saigon.","A Chanh is a famous Bun Dau Mam Tom spot in Thu Duc, attracting diners with its generous, affordable portions and authentic Northern fermented shrimp paste flavor.","#food, #few_hours, #moment, #indoor, #traditional, #cheap, #youthful, #pleasant, #cloudy"
387,Katinat Saigon Kafe,Mon - Sun: 07:00 - 22:30,https://upload.urbox.vn/strapi/Gallery_Katinat_1_375aa9eded.jpg,https://maps.app.goo.gl/raUehNoYvwaGTJfy7,10.859701274996075,106.76655484086817,3.7,"123 Hoang Dieu 2 Street, Linh Trung Ward, Thu Duc City, Ho Chi Minh City, Vietnam","Katinat Saigon Kafe is a rapidly expanding coffee and tea chain famous for its luxurious, Parisian Chic design in prime locations. The Hoang Dieu 2 branch (Thu Duc) attracts many young customers, especially students, due to its spacious, modern interior featuring warm, sophisticated tones. Katinat serves a diverse menu of traditional Vietnamese coffee, creamy milk teas (like Rambutan Milk Tea), and creative beverages. The shop is not just a place to grab a drink but also an architectural landmark, with many ""check-in"" spots, making it an ideal venue for socializing, studying, or relaxing in a trendy style.","Katinat Saigon Kafe is a famous coffee chain in Thu Duc, attracting youth with its luxurious French-inspired design, spacious setting, and trendy beverages.","#cafe, #drinks, #snacks, #moment, #few_hours, #long_time, #indoor, #evening, #modern, #elegant, #youthful, #vibrant, #pleasant, #cloudy"
388,Phuc Long Tea & Coffee,Mon - Sun: 07:00 - 22:30,https://urbox.vn/_next/image?url=https%3A%2F%2Fupload.urbox.vn%2Fstrapi-mobile%2Fphuc_long_feature_image_acb67b610b_7574cd0331_6c0585df50.png&w=2048&q=75,https://maps.app.goo.gl/po6Vh4fyTh3CEAqo7,10.859532687853338,106.75556851254211,3.9,"1012 Kha Van Can Street, Linh Chieu Ward, Thu Duc City, Ho Chi Minh City, Vietnam","Phuc Long Tea & Coffee is an iconic Vietnamese chain with a long history dating back to the 1950s, specializing in strongly flavored traditional coffee and tea. The Kha Van Can branch (Thu Duc) attracts customers by faithfully preserving the rich taste of robusta coffee and fragrant fresh tea. Phuc Long is famous for signature items like Tra Dao Cam Sa (Peach Orange Lemongrass Tea) and its milk tea varieties. Phuc Long's interior design is typically modern, featuring black and green tones, creating a professional, dynamic atmosphere. With consistent quality and reasonable prices, Phuc Long is a top choice for those seeking bold, refreshing traditional Vietnamese flavors.","Phuc Long is an iconic Vietnamese tea and coffee chain, known for its rich traditional flavors, signature Peach Tea (Tra Dao Cam Sa), and modern aesthetic.","#cafe, #drinks, #snacks, #moment, #few_hours, #long_time, #indoor, #modern, #youthful, #pleasant, #cloudy"
389,The Coffee House Sun Avenue,Mon - Sun: 07:00 - 22:00,https://encrypted-tbn0.gstatic.com/images?q=tbn:ANd9GcStfJTA1aFq6UHx7Lz8lLdlneHZZ7F64Xbt4g&s,https://maps.app.goo.gl/KRwhU7CBS5AVeZ8U8,10.784759017065092,106.7477049422081,4.2,"116 Street 51, An Phu Ward, Thu Duc City, Ho Chi Minh City, Vietnam","The Coffee House is Vietnam's largest coffee chain, famous for creating a comfortable, modern third place (between home and work) experience. The Sun Avenue branch (Thu Duc) attracts customers with its spacious, airy design and bright color scheme, ideal for studying and group work. The cafe serves traditional Vietnamese coffees (like Iced Milk Coffee/Ca Phe Sua Da) and creative signature drinks, notably the Tra Dao Cam Sa (Peach Orange Lemongrass Tea) and various freeze drinks. With its commitment to fresh coffee, reasonable prices, and consistent design, The Coffee House is a top choice for young people and office workers looking for a place to socialize and relax.","The Coffee House is Vietnam's largest coffee chain, known for its modern, comfortable spaces and signature drinks like Peach Orange Lemongrass Tea (Tra Dao Cam Sa).","#cafe, #drinks, #study, #snacks, #moment, #few_hours, #long_time, #indoor, #morning, #modern, #youthful, #chill, #pleasant, #cloudy"
390,"Highlands Coffee Vista Verde
",Mon - Sun: 07:00 - 23:00,https://vcdn1-kinhdoanh.vnecdn.net/2019/10/09/highlands-coffee-va-hanh-trinh-20-nam-phat-trien-tai-thi-truong-viet-1570619780.jpg?w=500&h=300&q=100&dpr=1&fit=crop&s=m33MMTS1zOMLsIwTnPRMng,https://maps.app.goo.gl/K9gnrX3n6Z39MpUE7,10.777169301471693,106.75616971338368,4.3,"2 Phan Van Dang Street, Thanh My Loi Ward, Thu Duc City, Ho Chi Minh City, Vietnam","Highlands Coffee Vista Verde is a prominent branch of Vietnam's largest coffee chain, situated in the upscale Vista Verde residential complex (Thu Duc). Highlands is famous for harmonizing traditional Vietnamese filter coffee with a modern service style. The café attracts customers with signature drinks like the rich Phin Sua Da (Iced Milk Coffee) and the popular Green Tea Freeze. The Vista Verde branch offers a spacious, airy, and modern setting, creating an ideal meeting spot for residents and local office workers. Highlands Coffee maintains quality consistency, making it a reliable brand for enjoying Vietnamese coffee.","Highlands Coffee Vista Verde is a branch of Vietnam's largest coffee chain, known for blending traditional coffee with modern style in an upscale residential complex.","#cafe, #drinks, #snacks, #moment, #few_hours, #long_time, #indoor, #modern, #youthful, #pleasant, #cloudy"
391,Lau Bo Nha Go Sai Gon,Mon - Sun: 11:30 - 23:30,https://mia.vn/media/uploads/blog-du-lich/lau-bo-nha-go-4-1693632299.jpg,https://maps.app.goo.gl/kGy8YRi1FJVbjHyK7,10.842305664237514,106.74689959991119,3.7,"467 Kha Van Can Street, Linh Dong Ward, Thu Duc City, Ho Chi Minh City, Vietnam","Lau Bo Nha Go Sai Gon (Saigon Wooden House Beef Hotpot) is a famous local eatery in Thu Duc, attracting diners with its flavorful traditional Beef Hotpot and unique atmosphere. True to its name, the restaurant features a rustic, cozy design with wooden interiors, creating a relaxed, home-like dining feel. The hotpot broth here is slow-simmered, offering a deep, savory sweetness and a gentle hint of herbs/spices, perfectly suited to Saigon's taste. The hotpot is served with high-quality fresh beef, tendon, and tripe. Lau Bo Nha Go is an excellent choice for friends or family gatherings seeking a traditional, piping-hot hotpot meal in a simple and welcoming environment.","Lau Bo Nha Go is a famous Thu Duc eatery specializing in traditional beef hotpot with rich broth, favored for its rustic, cozy wooden house atmosphere.","#food, #few_hours, #long_time, #indoor, #evening, #rustic, #cozy, #traditional, #pleasant, #cloudy"
392,Schiller River Club,"Mon - Wed: Close, Thus: 15:00 - 22:00, Fri: 15:00 - 22:30, Sat: 07:00 - 13:00, 15:00 - 00:00, Sun: 07:00 - 13:00, 15:00 - 23:00",https://dynamic-media-cdn.tripadvisor.com/media/photo-o/22/ae/bc/f2/caption.jpg?w=500&h=-1&s=1,https://maps.app.goo.gl/KBEcrL6hiKor4kYG8,10.82534846511241,106.72886969987344,4.5,"28 Street 10, Hiep Binh Chanh Ward, Thu Duc City, Ho Chi Minh City, Vietnam","Schiller River Club is a unique restaurant and entertainment complex with a European (German) theme, located in a beautiful setting along the Saigon River (Thu Duc). The club is famous for its airy, romantic ambiance, featuring large lawns and outdoor seating areas overlooking the river. Schiller specializes in traditional German cuisine such as sausages, imported draft beers, and other high-end international dishes. With its impressive architecture, relaxed atmosphere, and often featuring live music on weekends, Schiller River Club is the perfect destination for families, couples, or events seeking a quality European dining experience in a picturesque natural setting.","Schiller River Club is a German-themed restaurant/club, known for its luxurious space, beautiful views of the Saigon River, and high-quality European cuisine.","#food, #drinks, #entertainment, #photo, #few_hours, #long_time, #outdoor, #evening, #sunset, #natural, #elegant, #romantic, #youthful, #pleasant, #windy, #cloudy"
393,Mam Coffee,Mon - Sun: 07:00 - 22:00,https://down-vn.img.susercontent.com/vn-11134259-7r98o-lwh2yrgz97tlda@resize_ss640x400,https://maps.app.goo.gl/fnALWLTSu8FgmLG37,10.8051833575911,106.73702919990029,4.0,"28 Thao Dien Street, Thu Duc City, Ho Chi Minh City, Vietnam","Mam Coffee is a unique garden cafe nestled deep inside the complex at 28 Thao Dien (Thu Duc). The cafe is famous for its lush, peaceful green space resembling a miniature ecological garden, featuring a rustic design close to nature, reminiscent of cafes in Da Lat. Mam Coffee attracts young people and families with many beautiful ""check-in"" spots, especially the charming wooden bridge and small lake area (often open for photography on weekends). The cafe does not have air conditioning but is airy thanks to the surrounding greenery, creating a relaxing atmosphere and making it an ideal place to ""escape"" the hustle and bustle of Saigon. It serves a variety of coffee, tea, and beer at reasonable prices.","Mam Coffee is a tranquil garden cafe in Thao Dien, famous for its lush, rustic green space and numerous beautiful photo spots.","#cafe, #drinks, #moment, #few_hours, #long_time, #outdoor, #natural, #rustic, #chill, #cozy, #pleasant, #windy, #cloudy"
394,Phin Cafe Thu Duc,Mon - Sun: 06:00 - 22:30,https://encrypted-tbn0.gstatic.com/images?q=tbn:ANd9GcQJCbTpRF-OK3DgOl2Q05DuJVb406yLFW7RdA&s,https://maps.app.goo.gl/AHYkdFCGSFABo4oP6,10.84309598898078,106.7654497287129,4.4,"3A Cong Ly Street, Binh Tho Ward, Thu Duc City, Ho Chi Minh City, Vietnam","Phin Cafe Thu Duc is a well-known cafe that focuses on honoring the flavor of traditional Vietnamese filter coffee (cà phê phin). The shop attracts those who love strong, authentic coffee brewed manually through the small phin filter. Phin Cafe's interior is usually designed to be cozy and rustic with a nostalgic style, creating a slow, relaxing atmosphere that contrasts with the fast pace of city life. Besides traditional filter coffees (like black coffee or iced milk coffee), the shop also serves tea and other basic refreshing drinks. Phin Cafe is the ideal place to enjoy a quality coffee, sit back, reflect, and chat with friends in a quiet, simple setting in Thu Duc.","Phin Cafe is a traditional coffee shop in Thu Duc, known for its rich, high-quality filter coffee and its cozy, rustic, nostalgic atmosphere.","#cafe, #drinks, #moment, #few_hours, #long_time, #indoor, #traditional, #vintage, #quiet, #cozy, #pleasant, #cloudy"
395,Craft Beer Linh Dong,"Sun - Thus: Close, Fri - Sun: 05:00 - 22:30",https://file.hstatic.net/200000624211/file/quan-bia-thu-cong-sai-gon_62c38ae970db4383823dda3a32a3ede4_grande.png,https://maps.app.goo.gl/1byHNz6jabnKHHTn7,10.85099725673156,106.74823665753804,3.5,"69 Street 18, Linh Dong Ward, Thu Duc City, Ho Chi Minh City, Vietnam","Craft Beer Linh Dong is a bar/pub specializing in Craft Beer, offering a unique and refined beer-tasting experience in the Thu Duc area. The venue attracts beer lovers by providing a diverse menu of craft beers, ranging from traditional flavors to those brewed with creative and local ingredients. Here, customers can find high-quality Lagers, IPAs, Pale Ales, and more. The pub's atmosphere is typically modern, youthful, and open, making it perfect for socializing and chatting with friends after work. Craft Beer Linh Dong is an ideal destination for those looking to explore Saigon's booming craft beer culture.","Craft Beer Linh Dong is a specialized craft beer bar in Thu Duc, known for its diverse beer menu and modern atmosphere, suitable for relaxation and socializing.","#drinks, #few_hours, #long_time, #indoor, #evening, #modern, #youthful, #vibrant, #pleasant, #cloudy"
396,Bonjour cafe the art,"Mon - Fri: 07:00 - 22:00, Sat - Sun: 07:00 - 22:30",https://mms.img.susercontent.com/vn-11134513-7r98o-lsv47yukhbix44@resize_ss1242x600!@crop_w1242_h600_cT,https://maps.app.goo.gl/oqcX5DiAPsX5U8jEA,10.808579977782626,106.73329865755147,4.2,"42 Thao Dien Street, Quarter 2, Thu Duc City, Ho Chi Minh City, Vietnam","Bonjour cafe the art is a unique and famous cafe in the Thao Dien area (Thu Duc), strongly characterized by romantic French and artistic styles. The cafe attracts customers with its delicate, classic design, featuring numerous artworks and vintage decorations that create a distinct European atmosphere. This is not just a place to enjoy coffee but also a mini gallery for art lovers. Bonjour cafe serves coffee, pastries, and refreshing beverages, making it suitable for quiet dates, working, or simply enjoying a relaxing moment as if one were in Paris.","Bonjour cafe the art is a famous cafe in Thao Dien, featuring a romantic, refined French style and decorated like an art gallery.","#cafe, #drinks, #photo, #dating, #moment, #few_hours, #long_time, #indoor, #vintage, #romantic, #dreamy, #cozy, #pleasant, #cloudy"
397,Bo To Nhan Phat,Mon - Sun: 11:00 - 23:00,https://botonhanphat.vn/wp-content/uploads/2023/07/DSC01269-scaled.jpg,https://maps.app.goo.gl/7gNE3xSaEFTmeqmj7,10.844367787959195,106.769965328707,4.8,"25 Nguyen Van Ba Street, Ward, Thu Duc City, Ho Chi Minh City, Vietnam","Bo To Nhan Phat is one of the most famous restaurant chains in HCMC specializing in Bo To (young veal/beef), known for its tender, fresh, and sweet meat quality. The Nguyen Van Ba branch (Thu Duc) attracts a large number of diners with its extensive menu featuring unique preparations like grilled young beef chunks, steamed veal with perilla leaves, dipped beef in fish sauce, and young beef hotpot. The restaurant's atmosphere is typically spacious, airy, and designed in a casual, friendly style, making it ideal for large parties, celebrations, or family gatherings. Bo To Nhat Phat is an excellent choice for enjoying fresh, high-quality beef dishes with unique traditional Vietnamese flavors.","Bo To Nhan Phat is a famous restaurant chain specializing in fresh young beef, known for its diverse menu and spacious, casual atmosphere, ideal for gatherings.","#food, #few_hours, #long_time, #indoor, #traditional, #vibrant, #pleasant, #cloudy"
398,Nha Hang Ben Song,Mon - Sun: 10:00 - 22:00,https://mia.vn/media/uploads/blog-du-lich/nha-hang-ben-song-sai-gon-ben-song-1694380576.jpg,https://maps.app.goo.gl/HWL2C8DYjT6xR6ez5,10.829905774908937,106.73299502867859,4.3,"88 Street 26, Hiep Binh Chanh Ward, Thu Duc City, Ho Chi Minh City, Vietnam","Nha Hang Ben Song (Riverside Restaurant) is a popular dining spot in the Thu Duc area (Hiep Binh Chanh), attracting diners with its airy, romantic atmosphere right next to the Saigon River or a canal branch. As its name suggests, the restaurant provides a relaxing, peaceful feeling, ideal for sightseeing, escaping the heat, and enjoying the cool breeze. Nha Hang Ben Song typically serves traditional Vietnamese cuisine and specialty seafood dishes, prepared with rich, flavorful seasoning suitable for family tastes. With its spacious setting, often featuring outdoor areas, the restaurant is an excellent choice for parties, celebrations, or weekend family meals seeking a quiet dining spot with a beautiful view.","Nha Hang Ben Song (Riverside Restaurant) is a famous dining spot in Thu Duc with a romantic, airy space by the river, specializing in Vietnamese and seafood dishes.","#food, #drinks, #few_hours, #long_time, #outdoor, #evening, #sunset, #natural, #chill, #cozy, #pleasant, #windy, #cloudy"
399,Hue Nghiem Pagoda,"Tue - Sat: 06:00 - 19:00, Sun - Mon: 06:00 - 17:00",https://dynamic-media-cdn.tripadvisor.com/media/photo-o/06/a0/e0/b6/quite-and-peaceful.jpg?w=1200&h=1200&s=1,https://maps.app.goo.gl/1dWMS9e56gK8bqvh9,10.789105331656195,106.73913942871208,4.5,"Luong Dinh Cua Street, An Phu Ward, Thu Duc City, Ho Chi Minh City, Vietnam","Hue Nghiem Pagoda is a famous ancient temple situated in the An Phu area (Thu Duc), recognized as one of the important Buddhist centers in HCMC. The pagoda stands out for its traditional Vietnamese Buddhist architecture, conveying a sense of solemnity and serenity. The campus is spacious, featuring abundant greenery and large Buddha statues, creating a peaceful environment for meditation and practice. Hue Nghiem Pagoda is not only a place of worship but also a spiritual and cultural attraction, drawing many Buddhists and visitors interested in exploring ancient architecture and Buddhist culture in the heart of the modern city.","Hue Nghiem Pagoda is a famous ancient temple in Thu Duc, known for its traditional Buddhist architecture and serving as a serene spiritual center within the modern urban area.","#culture, #photo, #moment, #few_hours, #indoor, #morning, #traditional, #quiet, #natural, #pleasant, #cloudy"
400,KN Golf Academy,Mon - Sun: 06:00 - 21:00,https://encrypted-tbn0.gstatic.com/images?q=tbn:ANd9GcTXNkq8hBGV1_PB2n5YZPatujrl6I_w8bptzQ&s,https://maps.app.goo.gl/zSnAmC4BM3ZgL2ea6,10.78990630833941,106.7471538692075,4.0,"Luong Dinh Cua Apartment Complex, An Phu Ward, Thu Duc City, Ho Chi Minh City, Vietnam","KN Golf Academy offers courses ranging from basic to advanced, catering to diverse groups including beginners, business people, juniors, and middle-aged individuals (U40–U60). A key strength is its team of experienced International Coaches, who commit to 1-on-1 instruction to ensure students can confidently step onto a real 18-hole course after a short period. The practice facility is well-equipped, and students receive complimentary clubs and balls during their lessons. This is an ideal location to start or improve golf skills methodically and efficiently.","KN Golf Academy is a professional golf institute in Thu Duc, known for its personalized courses and 1-on-1 instruction by international coaches.","#photo, #outdoor, #morning, #few_hours, #quiet, #sunny, #culture, #traditional"
401,Chang Vang Rooftop,Mon - Sun: 16:30 - 00:00,https://cdn.xanhsm.com/2025/01/e2aaf27b-chang-vang-rooftop-quan-2.jpg,https://maps.app.goo.gl/9rWE8h3BGQxjGPLZ7,10.788295071516506,106.72509592209103,4.9,"43/15 Street 38, An Khanh Ward, District 2, Ho Chi Minh City, Vietnam","Chang Vang Rooftop (Twilight Rooftop) is a popular rooftop cafe/bar located in the An Khanh area of Thu Duc (former District 2), noted for its romantic, airy atmosphere high above the ground. True to its name, ""Twilight,"" the venue is an ideal spot for patrons to relax and enjoy the sunset view and the panoramic cityscape of Ho Chi Minh City as the lights turn on. The venue features an open design, with cozy lighting and a minimalist, modern decor style, creating a pleasant and intimate feel. Chang Vang Rooftop serves a diverse range of beverages, from coffee, tea, and smoothies to beers and light cocktails. This is a perfect choice for dates, evening gatherings with friends, or anyone seeking a quiet place with a beautiful view to enjoy the cool night air.","Chang Vang Rooftop is a romantic rooftop cafe/bar in District 2, known for its airy open space and stunning views of the sunset and the city lights.","#drinks, #cafe, #rooftop, #sunset, #evening, #chill, #romantic, #windy, #few_hours, #cloudy, #dating, #indoor, #rain, #study, #moment, #long_time"
402,"Mekong Merchant Saigon
",Mon - Sun: 07:00 - 23:00,https://encrypted-tbn0.gstatic.com/images?q=tbn:ANd9GcT7HiCY--91yjJkgUvIpWZmzqkvFXBhLxNi7w&s,https://maps.app.goo.gl/KZvHSCEYUbWUK31U6,10.803659781498498,106.73751896441884,4.4,"23 Thao Dien Street, District 2, Ho Chi Minh City, Vietnam","Mekong Merchant Saigon is a well-known and long-established restaurant and cafe in the Thao Dien area, recognized for its harmonious blend of international cuisine and a relaxing atmosphere. It is favored by the expat community and locals alike for its spacious, lush garden setting, providing a comfortable ambiance. The restaurant serves a diverse menu, particularly famous for its Brunch offerings, Western dishes (such as burgers, salads, pasta), and a wide variety of beverages. With a cozy environment, beautiful outdoor areas, and sophisticated interior decoration, Mekong Merchant is an ideal spot for weekend breakfasts, intimate lunches, or romantic dinners in the city.","Mekong Merchant is a popular restaurant & cafe in Thao Dien, favored for its lush garden setting and diverse international menu (especially Brunch).","#food, #cafe, #outdoor, #indoor, #morning, #cozy, #rustic, #pleasant, #sunny, #few_hours, #long_time"
403,금돼지 숙성 생고기 안푸점 - BBQ Kum Dae Ji,Mon - Sun: 11:00 - 03:00,https://encrypted-tbn0.gstatic.com/images?q=tbn:ANd9GcTgr6tB8dH_eXiiKy4G13w6ubP1tkjjy8Ei1g&s,https://maps.app.goo.gl/6wiXNMFG7RDSvemy8,10.79958586578672,106.73525400000105,4.7,"22 Song Hanh Street, An Phu An Khanh Urban Area, Thu Duc City, Ho Chi Minh City, Vietnam","BBQ Kum Dae Ji is a high-end Korean BBQ restaurant, famous for serving specially aged fresh pork, guaranteeing superior tenderness and rich flavor. The restaurant attracts diners by focusing on the quality of its Golden Pig meat. The space is designed to be modern, clean, and well-ventilated, offering an authentic tableside grilling experience. The restaurant places special emphasis on service, with staff grilling the meat directly at the table for guests, ensuring every piece is cooked to perfection. This is an ideal destination for enjoying high-quality Korean BBQ in a comfortable and professional setting in the city.","BBQ Kum Dae Ji is a high-end Korean BBQ restaurant, known for its specially aged fresh pork and professional tableside grilling service.","#food, #indoor, #evening, #luxury, #modern, #vibrant, #rain, #few_hours, #long_time, #dating"
404,D'Maris,"Mon - Fri: 11:30 - 15:00, 17:00 - 22:00, Sat - Sun: 11:00 - 15:00, 17:00 - 22:00",https://pasgo.vn/Upload/anh-chi-tiet/nha-hang-dmaris-an-phu-8-normal-1817760349109.webp,https://maps.app.goo.gl/zgbncjjdyWZXvPYS7,10.80165770552059,106.74697749325483,4.4,"Cantavil Premier Building, 1 Song Hanh Hanoi Highway, Ward, Thu Duc City, Ho Chi Minh City, Vietnam","D'Maris is a famous international buffet brand, located in the Cantavil Premier Building, offering a luxurious, high-end dining experience. The restaurant attracts patrons with its massive scale, providing over 200 dishes from various cultures, specializing in fresh seafood, sushi/sashimi, and Korean cuisine. The dining area is meticulously designed, modern, and very suitable for business banquets, corporate parties, or significant anniversaries. D'Maris is known for its high-quality ingredients and outstanding variety, making it a premier choice for those seeking a sophisticated buffet in the city.","D'Maris is a high-end international buffet restaurant, known for its massive scale, over 200 diverse dishes, and quality fresh seafood and sushi stations.","#food, #indoor, #luxury, #modern, #evening, #long_time, #rain, #cloudy, #few_hours"
405,Lau bo Nghia dia,Mon - Sun: 16:30 - 21:00,https://mia.vn/media/uploads/blog-du-lich/doc-dao-mon-lau-bo-nghia-dia-02-1732498613.jpg,https://maps.app.goo.gl/BuNeu2ULJof5nVRw7,10.779604757713061,106.7623817644188,4.1,"Nguyen Thi Dinh Street, Thanh My Loi Ward, Ho Chi Minh City, Vietnam","Lau bo Nghia dia (Graveyard Beef Hotpot) is a famous popular hotpot eatery that attracts diners with its rich, traditional hotpot flavor and affordable prices. Despite its unique and curious name, which originated from its location near an old cemetery area, the restaurant remains busy thanks to the consistent quality of its food maintained for over 20 years. The signature dish is the Beef Hotpot, featuring a broth simmered from beef bones for many hours, creating a natural and savory sweetness. A full pot of toppings, including beef, tendon, cartilage, and tofu, is served on a traditional charcoal stove, which retains heat longer and enhances the rustic flavor. This is an ideal place to enjoy authentic Saigon-style beef hotpot with a unique and budget-friendly experience.","Lau bo Nghia dia is a long-established, popular beef hotpot eatery in the city, known for its rich broth, generous toppings, and traditional charcoal stove cooking.","#food, #outdoor, #rustic, #cheap, #evening, #few_hours, #windy, #moment"
406,En Shop,Mon - Sun: 09:00 - 20:00,"https://mindtrip.ai/cdn-cgi/image/format=webp,w=720/https://images.mindtrip.ai/attractions/1907/a166/d78b/4343/e056/225d/a10f/033d",https://maps.app.goo.gl/LWdGwvunTfWJ1Xdd9,10.805220241700306,106.72938986441883,4.8,"17 Thai Ly Street, Thao Dien Ward, Thu Duc City, Ho Chi Minh City, Vietnam","En Shop is a specialized retail store focusing on Activewear (sports and fitness apparel), located in the Thao Dien area, catering to active lifestyles and fitness needs. The store is famous for offering high-quality gym wear, yoga apparel, and swimwear with fashionable designs, emphasizing stretch, moisture-wicking properties, and aesthetics. En Shop attracts customers by continuously updating its latest collections, keeping pace with global fitness trends. With a modern shopping environment and professional consultants, this is an ideal destination for fitness enthusiasts seeking comfortable yet stylish outfits in the city.","En Shop is an upscale Activewear store in Thao Dien, specializing in high-quality, fashionable sports apparel for gym and yoga use.","#shopping, #indoor, #modern, #morning, #rain, #cloudy, #moment, #few_hours, #evening"
407,TiNiWorld,Mon - Sun: 09:30 - 21:30,https://admin.tiniworld.com/media/wysiwyg/updatews0924/slidebanner/1920x1080_0001_Playland-1.png,https://maps.app.goo.gl/25GhtY68wBmW5mAn9,10.802222718751045,106.74904149544521,4.5,"Estella Place, 88 Song Hanh Street, Binh Trung Tay Ward, Ho Chi Minh City, Vietnam","TiNiWorld is a widely popular indoor entertainment and education center for children, strategically located inside the Estella Place shopping mall, the venue is a major destination for families with children aged 2 to 12, offering a variety of distinct play zones, including soft play areas, educational game corners, role-playing activities, and toy sections, the center is designed to provide a safe, climate-controlled, and stimulating environment that combines fun activities with developmental learning, establishing itself as a favorite weekend and after-school destination in the city.","TiNiWorld is a large, popular indoor playground located in Estella Place, offering a safe, stimulating mix of entertainment and educational activities for young children.","#indoor, #morning, #eveing, #rain, #entertainment, #chill, #rain, #moment, #few_hours"
408,Vie River,Mon - Sun: 06:30 - 23:30,https://dynamic-media-cdn.tripadvisor.com/media/photo-o/10/0f/62/be/bistro-song-vie-aerial.jpg?w=800&h=500&s=1,https://maps.app.goo.gl/YHzjYW33uJy7Sfi56,10.816099786833348,106.73392067791077,4.4,"197/2 Nguyen Van Huong Street, An Khanh Ward, Thu Duc City, Ho Chi Minh City, Vietnam"," Vie River is a unique cafe/restaurant, famous for its tranquil atmosphere and expansive garden space, providing a relaxing, suburban-like ambiance, the venue features a rustic design close to nature, with plenty of greenery and artificial ponds, creating a cool environment, especially in the riverside/canal area, Sông Vie serves a variety of coffees, refreshing drinks, and light snacks, making it an ideal spot for those looking for a peaceful location to work, read, or have intimate conversations with friends.","Vie River is a famous garden cafe/restaurant in the city, known for its lush, peaceful atmosphere and relaxing setting near the river/water.","#cafe, #food, #outdoor, #natural, #rustic, #quiet, #chill, #morning, #sunny, #windy, #long_time, #few_hours"
409,River View Coffee,Mon - Sun: 06:00 - 22:30,https://media-cdn.tripadvisor.com/media/photo-m/1280/29/0a/1d/fb/caption.jpg,https://maps.app.goo.gl/J26rGkFk818nBfcK6,10.80316758186619,106.72744255092722,4.3,"12 Nguyen Van Huong Street, Thao Dien Ward, Ho Chi Minh City, Vietnam","River View Coffee is a popular cafe in the Thao Dien area, famous for its airy atmosphere and spectacular view of the Saigon River, creating an ideal setting for relaxing, working, or watching the sunset; the cafe serves a wide variety of beverages, from traditional coffee, smoothies, and juices to light snacks and main courses like beefsteak or spaghetti, all offered at reasonable prices; this is a familiar meeting spot for both locals and expats seeking a tranquil and quality dining experience by the river.","River View Coffee is a cafe with Saigon River views in Thao Dien, favored for its cool, airy space, reasonable prices, and spectacular view of the river.","#cafe, #food, #outdoor, #sunset, #chill, #pleasant, #windy, #sunny, #cloudy, #few_hours, #moment"
410,Chenh Venh Rooftop,Mon - Sun: 16:30 - 00:30,https://mia.vn/media/uploads/blog-du-lich/chenh-venh-rooftop-01-1692417832.jpg,https://maps.app.goo.gl/o8dEGqE2i8gJC7D19,10.801710044222403,106.72921712209092,4.9,"7 Street 54, Thao Dien Ward, Ho Chi Minh City, Vietnam","Chenh Venh Rooftop is a popular elevated cafe and bar located in the Thao Dien area, living up to its name which suggests a high, open vantage point that provides panoramic views of the surrounding neighborhood and city skyline, this spot is highly favored for its relaxed, youthful atmosphere and offering a unique escape from the street level without the high prices often associated with rooftop venues, the menu is simple yet satisfying, featuring a variety of coffee, tea, fruit juices, and basic alcoholic beverages and snacks, making it an ideal gathering place for students and friends seeking a cool breeze and a great view during sunset or late into the evening.","Chenh Venh Rooftop is a well-known elevated cafe in the Thao Dien area, offering affordable drinks and spectacular panoramic views of the city skyline.","#cafe, #drinks, #rooftop, #sunset, #evening, #youthful, #chill, #windy, #cloudy, #few_hours, #dating, #morning, #study, #photo"
411,"Dalaland Coffee
",Mon - Sun: 07:30 - 22:30,https://mia.vn/media/uploads/blog-du-lich/dalaland-coffee-01-1705126929.jpg,https://maps.app.goo.gl/8r3GSQVM7sQfVVc36,10.804716857988428,106.74070822209092,4.3,"24/4/1 Tran Ngoc Dien Street, Thao Dien Ward, Ho Chi Minh City, Vietnam","Dalaland Coffee is a highly popular and spacious cafe located in the Thao Dien area, famous for its unique, resort-style theme that blends elements of Bali and Da Lat, the central highlands city, the venue attracts visitors primarily for its picturesque setting which features lush greenery, wooden structures, abundant flowers, and various photo zones like mini hills and swings, it provides a tranquil, garden escape from the urban environment, serving a standard menu of coffee, fruit juices, and specialty teas, making it an ideal destination for groups of friends or families looking for a beautiful and relaxing space to socialize and take stunning photos.","Dalaland Coffee is a highly popular, large-scale cafe in Thao Dien known for its beautiful resort-like atmosphere blending Bali and Da Lat themes.","#cafe, #photo, #outdoor, #natural, #vibrant, #sunny, #few_hours, #moment, #dating"
412,Thang Loi Swimming Pool,Mon - Sun: 00:00 - 00:00,https://bilico.vn/wp-content/uploads/2020/06/be-boi-khach-san-thang-loi-1.jpg,https://maps.app.goo.gl/D3vNowJnHot2wsKq6,10.782994945584681,106.76729589996634,4.2,"Street 43, Binh Trung Tay Ward, Ho Chi Minh City, Vietnam","Ho Boi Thang Loi (Thang Loi Swimming Pool) is a well-known public swimming facility located in the Binh Trung Tay area, providing a large, accessible, and clean recreational space for the local community, the facility typically includes multiple pools, such as a main pool for adults and smaller, shallower sections for children, making it a popular destination for families and individuals seeking exercise or a respite from the city's heat, known for its reasonable entry fees and generally organized environment, it is a key community amenity focused on accessible aquatic fitness and leisure.","Ho Boi Thang Loi is a large and accessible public swimming facility in the Binh Trung Tay area, popular among families and locals for exercise and leisure.","#entertainment, #outdoor, #healthy, #sunny, #morning, #moment, #few_hours, #pleasant"
413,Mad House,"Mon: Close, Tue - Sun: 09:00 - 22:00",https://dynamic-media-cdn.tripadvisor.com/media/photo-o/09/a5/f1/15/mad-house.jpg?w=700&h=400&s=1,https://maps.app.goo.gl/P9dgVRMcEYkudDVY8,10.805680188841434,106.74185839325499,4.3,"6/1/2 Nguyen U Di Street, Thao Dien Ward, Ho Chi Minh City, Vietnam","Mad House is a charming and highly regarded contemporary European restaurant tucked away in the residential Thao Dien area, known for its intimate, cozy atmosphere within a beautiful converted villa, the restaurant features rustic, chic interior design and a tranquil outdoor garden that creates a perfect setting for romantic dates or relaxing weekend brunch, Mad House focuses on high-quality, modern Western cuisine, including Mediterranean and Scandinavian influences, and maintains a reputation for excellent service and a carefully selected wine list, establishing itself as a sophisticated hidden gem favored by both the local and international community in the city.","Mad House is a charming, contemporary European restaurant in Thao Dien, known for its cozy villa setting, tranquil garden, and sophisticated Western cuisine.","#food, #outdoor, #indoor, #romantic, #chill, #rustic, #evening, #pleasant, #sunny, #long_time, #few_hours, #moment, #dating"
414,Aramour Coffee Roasters Thao Dien,"Mon - Sat: 07:00 - 19:00, Sun: 07:00 - 21:00",https://encrypted-tbn0.gstatic.com/images?q=tbn:ANd9GcSDmPH6mKfw5v9qt7inKOrJPHtPFEBIhO-4-g&s,https://maps.app.goo.gl/Nz7Tpg5PERGWYMdi6,10.805011041855128,106.73182852209098,4.5,"7 Le Van Mien Street, Thao Dien Ward, Ho Chi Minh City, Vietnam","Aramour Coffee Roasters Thao Dien is a specialty coffee shop that stands out in the Thao Dien neighborhood for its commitment to high-quality coffee and in-house roasting, the venue attracts coffee aficionados who appreciate meticulously sourced and prepared beans, offering various brewing methods from espresso to pour-overs, the space itself is typically designed with a modern, minimalist aesthetic, focusing on functional seating and a bright, quiet atmosphere suitable for serious work or focused conversations, making it a popular choice for digital nomads and local residents seeking an authentic and premium coffee experience.","Aramour Coffee Roasters Thao Dien is a premium specialty coffee shop in Thao Dien, known for its in-house roasting, minimalist design, and high-quality beans.","#cafe, #study, #indoor, #minimalist, #quiet, #modern, #morning, #rain, #few_hours, #long_time, #photo, #drinks"
415,Katinat Thao Dien,Mon - Sun: 07:00 - 22:30,https://encrypted-tbn0.gstatic.com/images?q=tbn:ANd9GcQIntTFZc8X5o6cUzHw4599BmC7cvhzSRZ4Iw&s,https://maps.app.goo.gl/3zBXMXeuczfhakNK8,10.804474580881593,106.73699402209101,3.9,"31 Thao Dien Street, Ho Chi Minh City, Vietnam","Katinat Thao Dien is a branch of the popular coffee and tea chain favored by young people in the city, situated on the bustling Thao Dien street, the venue stands out with its modern, sophisticated architectural style, often utilizing neutral tones and raw materials, creating a cozy yet luxurious atmosphere, the shop is a familiar destination for working, studying, or meeting friends, serving a diverse menu of traditional coffee, espresso-based drinks, specialty fruit teas, and trendy beverages, thanks to its prime location, Katinat Thao Dien consistently attracts a large number of customers who appreciate beautiful spaces and quality drinks.","Katinat Thao Dien is a famous coffee/tea shop known for its modern, sophisticated design, making it an ideal spot for working, studying, or meeting friends in the Thao Dien area.","#cafe, #drinks, #study, #indoor, #modern, #elegant, #youthful, #evening, #rain, #few_hours, #moment"
416,Madame Lam,Mon - Sun: 10:00 - 22:00,https://encrypted-tbn0.gstatic.com/images?q=tbn:ANd9GcRKL5cBDBKS9GYDgQeLlT-pem2dVXTbyH-pUg&s,https://maps.app.goo.gl/sfMX17RzMRTfDsmL6,10.803247565733255,106.73900886441889,4.8,"10 Tran Ngoc Dien Street, Thao Dien Ward, Ho Chi Minh City, Vietnam","Madame Lam is an elegant and highly regarded restaurant in the Thao Dien area, specializing in refined Modern Vietnamese Cuisine, which takes traditional flavors and elevates them with contemporary techniques and sophisticated presentation, the venue is situated in a luxurious villa setting, featuring chic interior design and a tranquil atmosphere suitable for high-end dining experiences, making it a popular choice for business dinners, special celebrations, and discerning food enthusiasts seeking an elevated taste of Vietnamese culinary heritage.","Madame Lam is an elegant restaurant in Thao Dien specializing in refined Modern Vietnamese Cuisine, known for its luxurious ambiance and sophisticated presentation.","#food, #indoor, #luxury, #elegant, #traditional, #culture, #evening, #rain, #long_time, #dating, #photo"
417,Lubu,"Mon: Close, Tue - Sun: 08:30 - 22:30",https://dynamic-media-cdn.tripadvisor.com/media/photo-o/06/81/50/50/lu-bu-terrace-in-the.jpg?w=900&h=-1&s=1,https://maps.app.goo.gl/WjtGVgssc9BfYWuA9,10.807968424137139,106.73363219510767,4.4,"97b Thao Dien Street, Ho Chi Minh City, Vietnam","Lubu is a well-established and atmospheric restaurant located in the heart of the Thao Dien area, specializing in refined European and Mediterranean cuisine, with a particular focus on Spanish tapas and fresh, seasonal dishes, the venue is highly regarded for its intimate, slightly retro interior and its beautifully designed courtyard, which provides a romantic and tranquil setting perfect for evening dining, Lubu maintains a reputation for excellent service and an extensive wine selection, making it a favored spot among expats and locals seeking an upscale yet relaxed dining experience in the city.","Lubu is a refined European and Mediterranean restaurant in Thao Dien, known for its intimate atmosphere, high-quality tapas, and beautiful courtyard setting.","#food, #outdoor, #indoor, #romantic, #chill, #modern, #evening, #pleasant, #sunny, #few_hours, #long_time"
418,Pasta Fresca Thao Dien,"Mon - Fri: 11:00 - 22:30, Sat - Sun: 10:30 - 22:30",https://pasgo.vn/Upload/anh-chi-tiet/pasta-fresca-garden-thao-dien-10-normal-786124636811.webp,https://maps.app.goo.gl/zGNqYAmhFDLp2x8Q7,10.80551371870626,106.73737336441874,4.5,"Alley 28 Thao Dien, Thao Dien Ward, Thu Duc City, Ho Chi Minh City, Vietnam","Pasta Fresca Thao Dien is a highly popular casual Italian restaurant located in the Thao Dien neighborhood, known for its authentic cuisine with a core focus on high-quality pasta that is made fresh in-house daily, the restaurant features a cozy, unpretentious atmosphere and a wide menu offering traditional dishes, pizzas, and desserts, making it a favorite for both expats and local families seeking reliable and delicious Italian food.","Pasta Fresca Thao Dien is a popular casual Italian restaurant specializing in fresh, house-made pasta and offering an authentic, family-friendly dining experience.","#food, #indoor, #cozy, #pleasant, #modern, #evening, #rain, #few_hours, #dating"
419,BiaCraft Xuan Thuy,Mon - Sun: 11:00 - 00:00,https://media-cdn.tripadvisor.com/media/photo-m/1280/1a/23/8a/f2/ice-cold-beer.jpg,https://maps.app.goo.gl/3GVvu7uECcncMUGB7,10.803893981324654,106.73466379325477,4.6,"90 Xuan Thuy Street, Thao Dien Ward, Thu Duc City, Ho Chi Minh City, Vietnam","BiaCraft Xuan Thuy is a highly popular and pioneering Vietnamese craft beer bar, centrally located in the Thao Dien area, the venue is famous for offering an extensive selection of local craft beers, often featuring over 50 taps from various Vietnamese breweries, attracting both expats and locals who appreciate artisanal brews, the atmosphere is lively, casual, and energetic, complemented by a menu of flavorful pub grub like burgers, tacos, and wings.","BiaCraft Xuan Thuy is a famous craft beer bar in Thao Dien, known for its extensive selection of local Vietnamese brews and lively, social pub atmosphere.","#drinks, #bar, #indoor, #outdoor, #vibrant, #youthful, #evening, #few_hours, #windy, #long_time"
420,86 Proof Whiskey Bar,"Sun - Tue: 16:00 - 01:00, Wed - Sat: 16:00 - 02:00",https://images.squarespace-cdn.com/content/v1/639990c1c550d8090bd41056/a4663dbe-d60c-4869-b7db-ce9eef7e77a1/338bb1acf7d42e8a77c56.jpg,https://maps.app.goo.gl/gZU1AyxP8oSA1mEw6,10.804441935513946,106.73664612209141,4.5,"109 Xuan Thuy Street, Thao Dien Ward, Thu Duc City, Ho Chi Minh City, Vietnam","86 Proof Whiskey Bar is a sophisticated cocktail lounge dedicated primarily to whiskey, offering a curated selection of bourbons, Scotch, and Japanese blends in an intimate and stylish setting, the bar is known for its expert mixologists who craft classic cocktails and specialty creations, and it features dim lighting and comfortable leather seating to create an atmosphere of refined elegance, making it an excellent destination for serious spirit enthusiasts looking for a premium late-night experience in the city.","86 Proof Whiskey Bar is a sophisticated lounge dedicated to premium whiskey, known for its expert cocktails and elegant, intimate atmosphere.","#drinks, #bar, #indoor, #luxury, #cozy, #quiet, #elegant, #late_night, #rain, #few_hours"
421,Dram Bar,"Sun - Thus: 18:00 - 00:00, Fri - Sat: 18:00 - 01:00",https://encrypted-tbn0.gstatic.com/images?q=tbn:ANd9GcTHUlYKb8xun4ckALyBmzNPenxiRzlkZIseMw&s,https://maps.app.goo.gl/yr2a14wMHiWSPQqt7,10.803093220614272,106.734244035583,4.9,"2 Dang Huu Pho Street, Thao Dien Ward, Thu Duc City, Ho Chi Minh City, Vietnam","Dram Bar is a modern and intimate cocktail venue, often distinguished by its minimalist design and a strong focus on high-quality mixology, the bar emphasizes balanced flavors and creative presentation, offering a seasonal menu of signature drinks alongside classic cocktails, it typically provides a quieter, more thoughtful drinking experience compared to high-volume pubs, attracting patrons who appreciate the craft and science behind well-made drinks in a refined urban setting.","Dram Bar is an intimate, modern venue focused on high-quality mixology, known for its creative signature cocktails and sophisticated, quiet ambiance.","#drinks, #bar, #indoor, #modern, #minimalist, #evening, #rain, #few_hours, #long_time, #entertainment"
422,CLAY - Cocktails & Cuisine,Mon - Sun: 15:00 - 00:00,https://dynamic-media-cdn.tripadvisor.com/media/photo-o/2f/6e/38/19/the-entrance-is-intimate.jpg?w=900&h=500&s=1,https://maps.app.goo.gl/CJ6qoHLibqX9ujBy5,10.807781716916699,106.74104847791051,4.8,"18 Street No. 6, Thao Dien Ward, Thu Duc City, Ho Chi Minh City, Vietnam","CLAY - Cocktails & Cuisine is an upscale dining establishment and bar known for its striking architectural design, often featuring clay or earthy elements, and its fusion menu that emphasizes bold flavors and precise cooking techniques, the venue provides a holistic, stylish experience combining fine dining with a premium cocktail program, making it an ideal choice for celebratory dinners and chic social gatherings, the kitchen and bar work synergistically to provide guests with innovative pairings in an aesthetically pleasing environment.","CLAY - Cocktails & Cuisine is an upscale bar and restaurant known for its stylish design, innovative cocktail program, and fusion cuisine.","#food, #drinks, #indoor, #outdoor, #luxury, #artistic, #modern, #evening, #cloudy, #long_time, #few_hours, #dating"
423,Chill Deck - Sala Streets Cocktail,Mon - Sun: 17:00 - 23:00,https://encrypted-tbn0.gstatic.com/images?q=tbn:ANd9GcSVHnI5lMIiO6W9ZJnmzPLbgjc2surQ0AZhhA&s,https://maps.app.goo.gl/jXrHidy6CSv3TnDM6,10.76918890747244,106.72602740674681,5.0,"Sala Area, Sarica Building A07-A08, District 2, Thu Duc City, Ho Chi Minh City, Vietnam","Chill Deck - Sala Streets Cocktail is a relaxed, open-air bar located within the prominent Sala residential and commercial area, offering a casual spot for enjoying cocktails and conversation, the bar is characterized by its modern, accessible design and its wide selection of classic and tropical cocktails, making it a convenient and popular gathering spot for residents of the area, it provides a comfortable and laid-back atmosphere, often featuring light background music, ideal for unwinding after work or starting a weekend evening.","Chill Deck - Sala Streets Cocktail is a casual, open-air bar in the Sala area, known for its accessible cocktail menu and relaxed, convenient atmosphere.","#drinks, #outdoor, #chill, #modern, #sunset, #evening, #windy, #pleasant, #few_hours, #long_time, #moment, #dating"
424,"Vuon Trong Pho, Thao Dien",Mon - Sun: 08:00 - 22:00,https://dynamic-media-cdn.tripadvisor.com/media/photo-o/22/3e/62/77/vu-n-th-o-di-n.jpg?w=1200&h=-1&s=1,https://maps.app.goo.gl/7PG9VW3vnXhwJmT29,10.804671819370617,106.74370033558311,4.3,"34 Street No. 11, Thao Dien Ward, District 2, Ho Chi Minh City, Vietnam","Vuon Trong Pho (Garden in the City) is a popular cafe and dining spot located in Thao Dien, offering a spacious and tranquil garden environment that serves as a quiet refuge from the city's intensity, the venue is characterized by its lush greenery, simple, rustic decor, and open-air seating, making it an ideal place for relaxed social gatherings, long conversations, or enjoying a quiet meal surrounded by nature.","Vuon Trong Pho is a popular cafe in Thao Dien known for its spacious, lush garden setting and tranquil atmosphere, providing a relaxing urban escape.","#cafe, #food, #outdoor, #natural, #rustic, #morning, #sunny, #cloudy, #long_time, #few_hours, #entertainment"
425,Sala Urban Area,Mon - Sun: 00:00 - 23:59,https://encrypted-tbn0.gstatic.com/images?q=tbn:ANd9GcT1dU0PtOUVsWHBNdpsZW45Bob7Wy02s3KDJA&s,https://maps.app.goo.gl/phXx1S7JjmkrDBnW9,10.772513944743826,106.72215419325497,2.0,"Thu Thiem, Thu Duc City, Ho Chi Minh City, Vietnam","The Sala Urban Area is a highly prominent, large-scale master-planned residential and commercial zone distinguished by its modern infrastructure, high-end apartment buildings, and vast green spaces, this area is designed for integrated living, featuring wide boulevards, extensive parks, a central lake, and numerous amenities including schools, retail shops, and dining establishments, making it one of the most desirable and contemporary living environments in the city.","The Sala Urban Area is a prominent, large-scale residential and commercial development, known for its modern infrastructure, high-end living, and extensive green spaces.","#outdoor, #modern, #natural, #pleasant, #sunny, #cloudy, #moment, #few_hours, #chill"
426,Cafe Bo Ke Noc Ham Thu Thiem,Mon - Sun: 06:00 - 21:00,https://cdn.xanhsm.com/2024/12/6bd9a8c1-cafe-bo-ke-noc-ham-thu-thiem-thumb.jpg,https://maps.app.goo.gl/AEU3fLxWbiXaPGUv6,10.770810806253438,106.7097789932548,4.2,"Bo Ke (Embankment), Thu Thiem, Thu Duc City, Ho Chi Minh City, Vietnam","Cafe Bo Ke Noc Ham Thu Thiem is a casual, open-air cafe offering a unique vantage point situated near the approach ramp of the Thu Thiem Tunnel, the spot is highly favored for its exceptional, unobstructed views of the Sai Gon skyline, especially during sunset and at night, the cafe typically features a simple, relaxed setup focused entirely on the view, providing an atmospheric and affordable place to enjoy coffee or tea while observing the bustling activity of the river and the city's central district.","Cafe Bo Ke Noc Ham Thu Thiem is a casual, open-air cafe near the Thu Thiem Tunnel approach, famous for its exceptional, affordable views of the Sai Gon city skyline.","#cafe, #drinks, #outdoor, #sunset, #evening, #chill, #cheap, #windy, #moment, #few_hours, #moment, #dating, #photo"
427,Canh Dong Dieu Van Phuc,Mon - Sun: 00:00 - 23:59,https://cdn.xanhsm.com/2025/01/e0a5d419-tha-dieu-quan-2-1.jpg,https://maps.app.goo.gl/rjhPKrCxFe2LPmRe6,10.846058386625147,106.70911283558283,5.0,"Street No. 15, Van Phuc Urban Area, Thu Duc City, Ho Chi Minh City, Vietnam","Canh Dong Dieu Van Phuc (Van Phuc Kite Field) is a large, designated open area situated within the Van Phuc residential development, serving as a popular recreational spot known primarily for kite flying, the field provides expansive, unhindered space and is a favored destination for families and hobbyists seeking outdoor leisure activities, especially on breezy afternoons and weekends, creating a vibrant, community-focused outdoor environment.","Canh Dong Dieu Van Phuc is a large, open field within the Van Phuc area, primarily utilized as a popular, community-focused recreational space for kite flying and outdoor leisure.","#entertainment, #outdoor, #natural, #windy, #sunny, #moment, #few_hours, #chill"
428,Ho Boi CBD,Mon - Sun: 06:00 - 20:00,https://encrypted-tbn0.gstatic.com/images?q=tbn:ANd9GcSz0CKEXrDOGcrNIUpEEr992ocDLXXcAuvnmg&s,https://maps.app.goo.gl/G8BZBvR5S4bDdACz9,10.774039754528733,106.76241728645228,4.5,"125 Dong Van Cong Street, Thanh My Loi Ward, Ho Chi Minh City, Vietnam","Ho Boi CBD is a popular and modern public swimming facility situated in the Thanh My Loi area, often associated with a nearby residential complex, the pool is known for its spacious layout, cleanliness, and excellent infrastructure, providing a high-quality aquatic environment for fitness training, casual swimming, and family recreation, its facilities are generally well-maintained and attract a steady stream of local residents and swimming enthusiasts seeking a refreshing escape from the urban heat.","Ho Boi CBD is a large, modern, and high-quality public swimming pool in the Thanh My Loi area, popular for fitness training and family recreation.","#entertainment, #outdoor, #healthy, #modern, #morning, #sunny, #moment, #few_hours"
429,OKKIO Caffe - Thao Dien,Mon - Sun: 07:30 - 21:00,https://down-vn.img.susercontent.com/vn-11134259-7r98o-lwdurr7etwbdb5@resize_ss640x400,https://maps.app.goo.gl/pyRC4bBTs75m9JTZ9,10.804197181085154,106.73625056441882,4.4,"110 Xuan Thuy Street, Thao Dien Ward, Thu Duc City, Ho Chi Minh City, Vietnam","OKKIO Caffe is a specialty coffee chain that has established a distinct presence in Thao Dien, renowned for its unique, nostalgic design featuring warm, retro furnishings and a comfortable, slightly antique atmosphere, the venue focuses on serving high-quality coffee, including traditional Vietnamese blends and specialty espresso drinks, attracting patrons who seek both excellent caffeine and a stylish, quiet environment ideal for relaxation or photography.","OKKIO Caffe is a specialty coffee shop in Thao Dien known for its high-quality coffee and unique, aesthetically pleasing vintage and retro interior design.","#cafe, #study, #indoor, #vintage, #quiet, #cozy, #morning, #rain, #few_hours, #long_time"
430,Ho Boi Hang Hai,Mon - Sun: 06:00 - 19:00,https://dayboivietnam.com/wp-content/uploads/Ho-boi-Hang-Hai.jpg,https://maps.app.goo.gl/fNgnhY4B7npX8fAR6,10.811252729734676,106.7303644999549,3.4,"232 Nguyen Van Huong Street, Thao Dien Ward, Ho Chi Minh City, Vietnam","Ho Boi Hang Hai (Maritime Pool) is a well-known and spacious swimming facility located on Nguyen Van Huong street in the Thao Dien neighborhood, often associated with a local vocational college, the pool is highly regarded for its large size, clean water, and generally affordable entry fees, which makes it popular among serious swimmers for training as well as local residents seeking leisure and fitness activities, its convenient location and consistent maintenance establish it as a reliable public pool destination in the area.","Ho Boi Hang Hai is a spacious public swimming pool in Thao Dien, known for its size, cleanliness, and affordability, attracting both serious swimmers and leisure seekers.","#entertainment, #outdoor, #healthy, #cheap, #morning, #sunny, #moment, #few_hours"
431,Dolphy Cafe 28 Thao Dien,Mon - Sun: 06:00 - 22:00,https://encrypted-tbn0.gstatic.com/images?q=tbn:ANd9GcSfMXr2QyZzH56zffKPnvTgrDKCBL0Pt6kY6A&s,https://maps.app.goo.gl/rgQFcsqs3XenMqZ4A,10.804891319196885,106.73687823558265,4.4,"28 Thao Dien Street, Thu Duc City, Ho Chi Minh City, Vietnam","Dolphy Cafe is a charming local cafe located on Thao Dien Street, favored for its cozy, comfortable atmosphere and its appealing menu of coffee, refreshing drinks, and particularly its selection of desserts and sweet treats, the venue provides a relaxed, friendly setting, making it an excellent spot for casual meetings, afternoon breaks, or enjoying a moment of quiet with a sweet delicacy.","Dolphy Cafe is a charming local cafe in Thao Dien, known for its cozy atmosphere and appealing selection of coffee, refreshing drinks, and sweet desserts.","#cafe, #drinks, #indoor, #cozy, #chill, #morning, #rain, #moment, #few_hours, #study"
432,the Hive Villa,"Mon - Fri: 08:00 - 18:00, Sat - Sun: Close",https://maisonoffice.vn/wp-content/uploads/2022/07/ho-boi-van-phong-tron-goi-the-hive-villa.jpg,https://maps.app.goo.gl/MD7ATbAsvQMzLbgBA,10.803779958750942,106.73614430859904,4.7,"29 Nguyen Ba Lan Street, Thao Dien Ward, Thu Duc City, Ho Chi Minh City, Vietnam","The Hive Villa is a premium co-working space and community hub strategically located in the Thao Dien area, distinguished by its setting within a large, converted villa, the facility offers flexible workspace solutions including hot desks, dedicated offices, and meeting rooms, alongside attractive amenities like a swimming pool and comfortable common areas, creating an inspiring and social environment tailored for freelancers, entrepreneurs, and remote teams.","The Hive Villa is a premium co-working space and community hub in Thao Dien, offering flexible workspace and amenities like a pool in a converted villa setting.","#indoor, #modern, #pleasant, #morning, #rain, #long_time, #few_hours, #dating"
433,Every Half Coffee Roasters - The Hallmark,"Mon - Fri: 07:00 - 17:00, Sat: 07:00 - 11:00, Sun: Close",https://encrypted-tbn0.gstatic.com/images?q=tbn:ANd9GcQcXWasgBF-dQN-d_7jrgHI8FU5kr9BsFBTgg&s,https://maps.app.goo.gl/D2BE5EhJHUuVmV2PA,10.778050240374736,106.7139121932552,4.9,"Gate C, 15 Tran Bach Dang Street, Thu Duc City, Ho Chi Minh City, Vietnam","Every Half Coffee Roasters is a modern cafe known for its focus on quality, small-batch coffee roasting, providing a sophisticated setting for coffee enthusiasts, the venue emphasizes clear, balanced flavors across its espresso and hand-brewed offerings, attracting patrons who appreciate minimalist design and high-quality beans, the location within The Hallmark building positions it as a convenient and upscale coffee stop for office workers and urban dwellers.","Every Half Coffee Roasters is a modern cafe specializing in small-batch roasting, known for its focus on high-quality beans and sophisticated, minimalist design.","#cafe, #indoor, #minimalist, #modern, #quiet, #morning, #rain, #moment, #few_hours, #study, #photo"
434,One coffee,Mon - Sun: 05:30 - 16:00,https://encrypted-tbn0.gstatic.com/images?q=tbn:ANd9GcSUaj2IjK_OHyUTBCNXlcRNkirzOZinze4KQQ&s,https://maps.app.goo.gl/4BVyFsxfgGGMwqhB8,10.804766664742715,106.74431426441888,5.0,"17 Street No. 11, Thao Dien Ward, District 2, Ho Chi Minh City, Vietnam","One Coffee is a cozy, local cafe offering a straightforward and comfortable atmosphere, distinguished by its dedication to serving dependable, quality Vietnamese coffee, the venue provides a simple, clean, and unpretentious environment, making it a reliable and convenient spot for daily coffee rituals, quick meetings, or a short, quiet break from the surrounding urban pace.","One Coffee is a cozy, local cafe known for its straightforward, dependable quality Vietnamese coffee and unpretentious, comfortable atmosphere.","#cafe, #indoor, #cheap, #quiet, #morning, #moment, #rain, #cloudy, #study, #chill"
435,Starbucks Thao Dien Pearl,Mon - Sun: 07:00 - 21:30,https://encrypted-tbn0.gstatic.com/images?q=tbn:ANd9GcT6lC5WqAwkYPGG4fl0servqn6YqbZ2y1ieLQ&s,https://maps.app.goo.gl/oxFBqE117sc7Hh997,10.801511883119822,106.73310945092707,4.4,"12 Quoc Huong Street, Thao Dien Ward, Thu Duc City, Ho Chi Minh City, Vietnam","Starbucks Thao Dien Pearl is a popular branch of the global coffee chain, strategically located within the Thao Dien Pearl commercial and residential complex, the cafe offers the familiar menu of coffee, espresso, and seasonal beverages, alongside a consistent, comfortable international standard of seating and free Wi-Fi, making it a reliable and convenient meeting point or a place for remote work for both the residential community and visitors to the area.","Starbucks Thao Dien Pearl is a reliable branch of the global chain, offering a familiar menu and comfortable international seating standards within a major residential complex.","#cafe, #study, #indoor, #modern, #pleasant, #morning, #rain, #few_hours, #long_time, #moment"
436,Phuc Long Premium Coffee & Tea,Mon - Sun: 07:00 - 22:30,https://vcdn1-dulich.vnecdn.net/2022/09/17/-3712-1663392272.jpg?w=680&h=0&q=100&dpr=2&fit=crop&s=8l2HZXlRf5OGdKPhQ5921g,https://maps.app.goo.gl/AL7jhqMt87RNfoyo8,10.804175381113499,106.73509589325505,3.9,"87 Xuan Thuy Street, Thao Dien Ward, Thu Duc City, Ho Chi Minh City, Vietnam","Phuc Long Premium Coffee & Tea is a branch of the iconic, long-established Vietnamese chain, renowned for its intensely flavored traditional Vietnamese coffee and its signature tea beverages, the venue maintains the brand's classic black and green aesthetic and offers a spacious, modern setting, providing a consistent, high-quality, and affordable experience for patrons seeking strong, authentic local flavors.","Phuc Long Premium Coffee & Tea is a famous Vietnamese chain known for its strong traditional coffee and signature teas, offered in a consistent, modern setting.","#cafe, #drinks, #indoor, #modern, #vibrant, #morning, #rain, #few_hours, #moment, #study"
437,Shin coffee,Mon - Sun: 06:01 - 12:01,https://down-vn.img.susercontent.com/vn-11134259-7r98o-lwe1dcgg8061d2@resize_ss640x400,https://maps.app.goo.gl/wZ6qCHGbNq93NAru8,10.844823650375597,106.77921129325483,0.0,"20 Ho Thi Tu Street, Hiep Phu Ward, Thu Duc City, Ho Chi Minh City, Vietnam","Shin Coffee is a respected specialty coffee shop known for its dedication to sourcing and serving high-quality single-origin beans, the cafe distinguishes itself by offering a curated tasting experience and maintaining a refined, quiet, and slightly minimalist interior design, attracting serious coffee enthusiasts and individuals who value a sophisticated, focused environment for appreciating premium coffee brewing methods.","Shin Coffee is a highly respected specialty coffee shop known for its curated single-origin beans and refined, focused atmosphere for coffee appreciation.","#cafe, #indoor, #quiet, #modern, #minimalist, #morning, #rain, #few_hours, #moment, #cozy, #few_hours, #study"
438,"Chill Corner, Thao Dien",Mon - Sun: 08:00 - 22:00,https://encrypted-tbn0.gstatic.com/images?q=tbn:ANd9GcQPwmkE7T444m4i5zIZRZqGHCGV5TqghE3DaQ&s,https://maps.app.goo.gl/ZscjbTfDBSG2ZZcJ8,10.804728880688232,106.74392012209114,4.4,"34 Street No. 11, Thao Dien Ward, District 2, Ho Chi Minh City, Vietnam","Chill Corner is a cozy, intimate cafe and bar located in a quieter section of the Thao Dien neighborhood, living up to its name by offering a genuinely relaxed and low-key atmosphere, the venue is often designed with a rustic, vintage, or subtly bohemian aesthetic, providing comfortable seating in both enclosed and small open-air areas, it serves a simple menu including coffee, local craft beers, and basic cocktails, making it a highly valued spot for locals seeking a peaceful and affordable environment for quiet conversation or personal downtime away from the main bustling streets.","Chill Corner is a cozy, intimate cafe and bar in Thao Dien, known for its low-key, rustic atmosphere and serving coffee, craft beer, and simple cocktails.","#cafe, #drinks, #bar, #indoor, #outdoor, #rustic, #chill, #quiet, #evening, #few_hours"
439,Pendolasco,Mon - Sun: 11:00 - 22:00,https://encrypted-tbn0.gstatic.com/images?q=tbn:ANd9GcRxDtjoPN8IRNC2WXkzHQ-u5p2VXPNavHLTBw&s,https://maps.app.goo.gl/gy3ozuJPB4JvD6AJ6,10.806354679463361,106.7343921865569,4.5,"30 Tong Huu Dinh Street, Thao Dien Ward, Thu Duc City, Ho Chi Minh City, Vietnam","Pendolasco is one of the oldest and most cherished Italian restaurants in Thao Dien, revered for its authentic and rustic culinary approach. The restaurant offers a warm, welcoming atmosphere with a spacious outdoor garden and a cozy indoor dining room, perfect for relaxed family meals. Their menu features traditional Italian favorites, including wood-fired pizzas with thin, crispy crusts and homemade pastas prepared with fresh ingredients. It is a go-to destination for those seeking a genuine taste of Italy in a peaceful, leafy setting.","Pendolasco — Italian restaurant in Thao Dien known for its rustic dishes, wood-fired pizzas, homemade pastas, and relaxing garden setting.","#food, #outdoor, #indoor, #rustic, #traditional, #cozy, #evening, #sunny, #few_hours, #long_time, #dating"
440,3G Trois Gourmands,"Mon - Sun: 11:30 - 14:00, 17:30 - 23:00",https://encrypted-tbn0.gstatic.com/images?q=tbn:ANd9GcTnaF2_DEq29th0eSr8-WceNvR-sxOk-zaX-Q&s,https://maps.app.goo.gl/bxY87igFLzyEtdxE7,10.806464379381996,106.74049522887378,4.4,"39 Tran Ngoc Dien Street, Thao Dien Ward, Thu Duc City, Ho Chi Minh City, Vietnam","3G Trois Gourmands is a long-standing institution in Saigon’s fine dining scene, housed in a charming colonial-style villa with a lush garden and swimming pool. Founded by a French chef, the restaurant is celebrated for its authentic and rich French cuisine, particularly its homemade foie gras, truffles, and extensive cheese selection. The ambiance is elegant yet cozy, offering a romantic setting perfect for anniversaries or sophisticated dinners. Diners can expect impeccable service and a culinary journey that stays true to traditional French gastronomy.","3G Trois Gourmands — Renowned French fine-dining in a colonial villa with garden and pool; classic, richly flavoured dishes (foie gras, truffles, cheeses) and an elegant, romantic atmosphere.","#food, #indoor, #outdoor, #luxury, #romantic, #elegant, #evening, #rain, #long_time, #dating, #few_hours"
441,La Villa French Restaurant by Thierry Mounon,"Mon: Close, Tue - Wed: 18:00 - 23:30, Thus - Sun: 11:45 - 13:30, 18:00 - 23:30",https://media-cdn.tripadvisor.com/media/photo-m/1280/29/c5/e4/dd/gate.jpg,https://maps.app.goo.gl/QVUEeNT28xPcyF1o7,10.804147281126264,106.73289792887199,4.5,"14 Ngo Quang Huy Street, Thao Dien Ward, Thu Duc City, Ho Chi Minh City, Vietnam","La Villa French Restaurant is a prestigious dining destination situated in a beautiful white villa with a serene pool and garden courtyard. Chef Thierry Mounon delivers an exquisite fine dining experience, crafting sophisticated French dishes using high-quality imported ingredients. The restaurant is renowned for its tasting menus, extensive wine list, and professional service, making it a top choice for luxury dining in Thao Dien. It offers a tranquil escape from the city, perfect for romantic dates or business lunches.","La Villa French Restaurant — High-end French tasting menus in a beautiful villa with pool; refined cooking by Chef Thierry Mounon, extensive wine list and impeccable service.","#food, #indoor, #outdoor, #luxury, #elegant, #quiet, #evening, #rain, #long_time, #dating, #few_hours"
442,Eddie's New York Diner,Mon - Sun: 08:00 - 22:00,https://encrypted-tbn0.gstatic.com/images?q=tbn:ANd9GcTbHvdxkQztGK1XCyYk5f0YvmeBuQJ8r38Q3A&s,https://maps.app.goo.gl/E8s7wn18i4SW36bb8,10.806672917795755,106.73495445771665,4.7,"71 Thao Dien Street, Thu Duc City, Ho Chi Minh City, Vietnam","Eddie's New York Diner brings the nostalgic vibe of 1950s America to Saigon with its retro checkered floors, red booths, and rock-and-roll soundtrack. The menu features classic American comfort food, including massive burgers, thick milkshakes, all-day breakfasts, and chili dogs. It is a family-friendly spot known for its generous portions, authentic recipes, and lively, welcoming atmosphere. Whether you are craving a hearty brunch or a late-night snack, Eddie's delivers a fun and genuine diner experience.","Eddie's New York Diner — Retro 1950s American diner serving big burgers, milkshakes and all-day breakfasts; family-friendly, casual and lively.","#food, #indoor, #vintage, #vibrant, #youthful, #morning, #rain, #few_hours, #moment, #few_hours, #dating"
443,Baba's Kitchen,Mon - Sun: 11:00 - 22:30,https://dynamic-media-cdn.tripadvisor.com/media/photo-o/2a/03/c1/08/caption.jpg?w=900&h=500&s=1,https://maps.app.goo.gl/eA1cvrxKHGA5hmru5,10.805775357104334,106.7336630000388,4.8,"35 Le Van Mien Street, Thao Dien Ward, District 2, Ho Chi Minh City, Vietnam","Baba's Kitchen in Thao Dien is a popular branch of the renowned Indian restaurant chain, celebrated for its authentic and flavorful cuisine. The menu offers a wide range of Northern and Southern Indian dishes, including rich curries, tandoori specialties, and freshly baked naan. Known for its consistent quality, friendly service, and reasonable prices, it attracts a loyal following of both expats and locals. The atmosphere is casual and inviting, making it a reliable spot for a satisfying and spicy meal.","Baba's Kitchen — Reliable Indian chain in Thao Dien offering Northern and Southern specialties, tandoori breads and consistent, flavorful curries in a casual setting.","#food, #indoor, #traditional, #cozy, #pleasant, #evening, #rain, #few_hours, #long_time, #dating, #chill, #entertainment"
444,Kebab 88,Mon - Sun: 11:00 - 22:30,https://mms.img.susercontent.com/vn-11134513-820l4-mejtwladzb430d@resize_ss1242x600!@crop_w1242_h600_cT,https://maps.app.goo.gl/NdsYnGNabk4D1Yud7,10.80475491930602,106.73951155771798,4.7,"19 Tran Ngoc Dien Street, Thao Dien Ward, District 2, Ho Chi Minh City, Vietnam","Kebab 88 is a go-to spot for authentic German-style Doner Kebabs, serving fresh and hearty sandwiches that are perfect for a quick meal. They pride themselves on using high-quality imported meats, freshly baked bread, and signature homemade sauces. The shop has a casual, fast-food vibe, making it popular for lunch breaks or late-night cravings after a night out. With generous portions and consistent flavors, Kebab 88 brings a true taste of Berlin street food to the streets of Thao Dien.","Kebab 88 — Fast, casual spot for German-style doner kebabs with imported meats, fresh bread and signature sauces — great for quick, satisfying bites.","#food, #takeaway, #indoor, #cheap, #chill, #moment, #rain, #sunny, #few_hours"
445,THE LOOP,Mon - Sun: 07:30 - 20:30,https://down-vn.img.susercontent.com/vn-11134259-7r98o-lwwp7fmxg4bddc,https://maps.app.goo.gl/uLcAT8Dz32MzoxQf8,10.806304418078016,106.73529885770752,4.2,"49 Thao Dien Street, Thu Duc City, Ho Chi Minh City, Vietnam","THE LOOP is a contemporary lifestyle cafe that seamlessly blends healthy dining with a relaxed, modern atmosphere. Ideally located for a post-workout meal or a casual work session, it features a menu focused on fresh Mediterranean-inspired dishes, smoothies, and homemade pastas. The space is bright and airy, with comfortable seating that encourages customers to linger and socialize. It serves as a community hub where fitness enthusiasts, digital nomads, and families come together for quality food and good coffee.","THE LOOP — Bright, Mediterranean-inspired lifestyle café ideal for post-workout meals or remote work; focuses on fresh bowls, pastas and smoothies.","#food, #cafe, #modern, #morning, #rain, #few_hours, #long_time, #evening, #dating"
446,MEAT & MEET - THISO MALL,Mon - Sun: 10:00 - 22:00,https://encrypted-tbn0.gstatic.com/images?q=tbn:ANd9GcSrUF5Yl7_k0mv28H3xnKQELtZqGJXz20KfBQ&s,https://maps.app.goo.gl/64KoWviHq2C8c2Yu6,10.77234588464032,106.72235552888306,4.1,"Thiso Mall, 10 Mai Chi Tho Street, An Loi Dong Ward, Thu Duc City, Ho Chi Minh City, Vietnam","MEAT & MEET is a lively Korean BBQ restaurant located inside the modern Thiso Mall, offering a fun and interactive dining experience. Specializing in high-quality grilled meats, the restaurant provides a wide selection of beef, pork, and chicken marinated in authentic Korean sauces. The venue features a modern, well-ventilated interior with table-side grills, perfect for gathering with friends or family. Alongside the BBQ, diners can enjoy an unlimited salad bar and traditional side dishes, making it a satisfying spot for meat lovers.","MEAT & MEET — Korean BBQ inside Thiso Mall with quality meats, table grills and an unlimited salad bar — social, well-ventilated and great for groups.","#food, #indoor, #modern, #vibrant, #youthful, #evening, #rain, #long_time, #few_hours, #dating"
447,El Gaucho Xuan Thuy,Mon - Sun: 11:00 - 23:00,https://encrypted-tbn0.gstatic.com/images?q=tbn:ANd9GcTEbGZ41irwzJV4XB-_oXTJnvEfd52edFW44g&s,https://maps.app.goo.gl/S7igHh3EbUBCzEcx9,10.804132158466233,106.73441810004746,4.5,"77 Xuan Thuy Street, Thao Dien Ward, Thu Duc City, Ho Chi Minh City, Vietnam","El Gaucho Xuan Thuy is part of the elite steakhouse chain known for serving some of the finest beef in Vietnam. Located in a stylish setting in Thao Dien, it offers a premium dining experience with USDA Prime, Wagyu, and Black Angus steaks cooked to perfection. The interior features a sophisticated, modern design with warm lighting and leather seating, complemented by an impressive wine list. It is the ultimate destination for steak connoisseurs looking to celebrate a special occasion or indulge in a world-class meal.","El Gaucho Xuan Thuy — Premium steakhouse offering USDA Prime, Wagyu and Black Angus in a stylish setting with an extensive wine list — perfect for celebrations.","#food, #indoor, #luxury, #elegant, #modern, #evening, #rain, #long_time, #dating, #few_hours"
448,Stoker Woodfired Grill & Bar - Thao Dien,"Sun - Fri: 11:30 - 23:00, Sat: 17:00 - 23:00",https://dynamic-media-cdn.tripadvisor.com/media/photo-o/1b/65/4f/c8/main-dining-area.jpg?w=900&h=500&s=1,https://maps.app.goo.gl/UfjeH5MY9SZETwTN7,10.80308100453651,106.73413392888294,4.7,"2 Dang Huu Pho Street, Thao Dien Ward, Ho Chi Minh City, Vietnam","Stoker Woodfired Grill & Bar creates a dramatic and moody dining atmosphere centered around the art of wood-fired cooking. This upscale steakhouse specializes in dry-aged meats and premium cuts, all grilled over an open flame to impart a distinct smoky flavor. The venue also houses a sophisticated bar serving craft cocktails and fine wines, making it ideal for evening socialising. With its dark, industrial-chic decor and focus on artisanal produce, Stoker offers a bold and memorable gastronomic experience.","Stoker Woodfired Grill & Bar — Upscale, wood-fired steakhouse focused on dry-aged meats and smoky flavors, plus craft cocktails in a moody, industrial space.","#food, #bar, #indoor, #luxury, #dramatic, #modern, #evening, #rain, #long_time, #dating, #few_hours"
449,Toucan tapas,Mon - Sun: 15:00 - 22:30,https://media-cdn.tripadvisor.com/media/photo-s/1c/9d/77/e0/tapas.jpg,https://maps.app.goo.gl/dUUgdHccivgjZUmRA,10.806734056316646,106.74562700003644,4.0,"Street No. 16, Thao Dien Ward, Thu Duc City, Ho Chi Minh City, Vietnam","Toucan Tapas is a vibrant eatery that brings a fusion of global flavors to Thao Dien through its creative small-plate menu. The restaurant offers a relaxed, open-air setting where guests can share a variety of tapas inspired by Mediterranean, Asian, and Latin American cuisines. It is a social hotspot, perfect for gathering with friends over sangria, cocktails, and diverse bites in a breezy, tropical atmosphere. The friendly vibe and eclectic food selection make it a refreshing addition to the local dining scene.",Toucan Tapas — Lively small-plates venue with Mediterranean/Asian/Latin fusion; casual open-air vibe ideal for sharing tapas and cocktails with friends.,"#food, #drinks, #outdoor, #vibrant, #chill, #youthful, #evening, #windy, #few_hours, #moment, #dating"
450,Papa's Chicken,Mon - Sun: 10:30 - 23:00,https://encrypted-tbn0.gstatic.com/images?q=tbn:ANd9GcTr5zwR-ATbW8UEM9KAmRxUHlN1HdU6hzBJpg&s,https://maps.app.goo.gl/B1e3hare28G7gyng6,10.84919337291112,106.77169095770726,4.0,"165 Thong Nhat Street, Binh Tho Ward, Thu Duc City, Ho Chi Minh City, Vietnam","Papa's Chicken is a beloved Korean fried chicken chain famous for its crispy, juicy chicken and variety of savory sauces. The Thao Dien branch offers a casual and comfortable dining space suitable for families and groups of friends. The menu includes classic fried chicken, spicy glazed options, and other Korean comfort foods like pizza and noodles. Known for its generous portions and reasonable prices, Papa's Chicken is a top choice for a fun, satisfying, and unpretentious meal.","Papa's Chicken — Popular Korean fried chicken chain with crispy wings, varied sauces and casual family-friendly dining — generous portions at good value.","#food, #indoor, #modern, #youthful, #pleasant, #evening, #rain, #few_hours, #moment"
451,Voelker Bakery,Mon - Sun: 06:00 - 20:00,https://dynamic-media-cdn.tripadvisor.com/media/photo-o/2d/66/08/dd/picture-from-an-phu-supermarke.jpg?w=1200&h=1200&s=1,https://maps.app.goo.gl/ZEb4xce2o42Xkags5,10.804982380498695,106.73655662888405,4.1,"37 Thao Dien Street, Thu Duc City, Ho Chi Minh City, Vietnam","Voelker Bakery is a long-standing artisanal bakery that has served the Thao Dien community for years with high-quality European breads and pastries. Famous for its authentic sourdough, baguettes, and croissants, the shop maintains traditional baking methods to ensure superior texture and flavor. It is a favorite morning stop for expats seeking a taste of home or a quick, delicious breakfast. Simple and focused on quality, Voelker remains a staple for fresh, wholesome baked goods in the area.","Voelker Bakery — Artisanal European bakery known for sourdough, baguettes and croissants; longtime local favourite for quality morning breads and pastries.","#food, #takeaway, #indoor, #morning, #moment, #rain, #sunny, #evening"
452,Saint Honoré Saigon,Mon - Sun: 06:30 - 22:00,https://dynamic-media-cdn.tripadvisor.com/media/photo-o/12/fe/09/50/photo1jpg.jpg?w=1200&h=-1&s=1,https://maps.app.goo.gl/GDSC2pNgezfubsmw7,10.806735247758702,106.73426464422064,4.1,"33 Tong Huu Dinh Street, Thao Dien Ward, Thu Duc City, Ho Chi Minh City, Vietnam","Saint Honoré Saigon is a classic French bakery and cafe that brings the charm of a Parisian boulangerie to Ho Chi Minh City. They offer an extensive selection of fresh breads, pastries, savory quiches, and delicate desserts, all made fresh daily. The cafe provides a cozy and rustic atmosphere, perfect for enjoying a leisurely breakfast or a quiet afternoon tea. With its commitment to authentic French recipes and high-quality ingredients, Saint Honoré is a haven for pastry lovers.","Saint Honoré Saigon — Classic Parisian-style bakery and café offering daily pastries, quiches and breads in a cozy, rustic atmosphere.","#food, #cafe, #indoor, #rustic, #cozy, #morning, #rain, #few_hours, #moment, #takeaway, #evening"
453,Quan Bui Garden 2,Mon - Sun: 07:00 - 23:00,https://encrypted-tbn0.gstatic.com/images?q=tbn:ANd9GcRIxEHqjHnSjz2R6l5qVyuVZYJt_uLYf9jYLQ&s,https://maps.app.goo.gl/pDSDW8NBv7E5bhE1A,10.803247627043701,106.73826238654408,4.7,"3 Tran Ngoc Dien Street, District 2, Thu Duc City, Ho Chi Minh City, Vietnam","Quan Bui Garden 2 offers a refined Vietnamese dining experience set within a spacious, lushly landscaped garden. The restaurant specializes in traditional home-style cooking, elevating classic dishes with fresh ingredients and beautiful presentation without losing their authentic soul. The open-air setting, decorated with rustic wooden furniture and lanterns, creates a peaceful and nostalgic ambiance. It is an excellent venue for hosting visitors or enjoying a relaxing family meal surrounded by greenery.","Quan Bui Garden 2 — Garden-style Vietnamese restaurant serving elevated home-style dishes in a spacious, nostalgic outdoor setting — great for family gatherings.","#food, #outdoor, #traditional, #natural, #rustic, #evening, #sunny, #long_time, #few_hours, #moment, #photo"
454,"Wrap&Roll Gigamall, Thu Duc City",Mon - Sun: 10:00 - 22:00,https://mms.img.susercontent.com/vn-11134513-7r98o-lsu6uwa2w2vt39@resize_ss1242x600!@crop_w1242_h600_cT,https://maps.app.goo.gl/DqoixS7zMfxJ9hbW8,10.827837401056568,106.72121320002911,4.5,"3rd Floor, Giga Mall, 242 Pham Van Dong Street, Hiep Binh Chanh Ward, Thu Duc City, Ho Chi Minh City, Vietnam","Wrap&Roll is a pioneer in modernizing traditional Vietnamese dining, focusing on the healthy and diverse art of wrapping and rolling. Located in Gigamall, this branch offers a bright, contemporary space where diners can enjoy a wide array of fresh spring rolls, pho, and DIY wrap platters. The menu celebrates authentic flavors from all three regions of Vietnam, prepared with fresh herbs and quality meats. It is a perfect spot for health-conscious diners and families looking for a light, interactive, and flavorful meal.","Wrap&Roll (Gigamall) — Modern chain focusing on fresh spring rolls, regional Vietnamese dishes and DIY wrap platters in a bright, family-friendly space.","#food, #indoor, #modern, #pleasant, #rain, #cloudy, #few_hours, #moment, #dating"
455,The SNAP Cafe,Mon - Sun: 07:30 - 22:00,https://dynamic-media-cdn.tripadvisor.com/media/photo-o/27/0a/f5/6c/caption.jpg?w=1200&h=1200&s=1,https://maps.app.goo.gl/Sj1vAoBJWU7P9kvH7,10.805640379997778,106.74083710004167,4.4,"32 Tran Ngoc Dien Street, Thao Dien Ward, Thu Duc City, Ho Chi Minh City, Vietnam","The SNAP Cafe is a unique community hub in Thao Dien, designed as a family-friendly space with a large outdoor playground and sandpit. Housed in traditional wooden structures with a thatched roof, it offers a relaxed, open-air environment where parents can unwind while children play safely. The menu is diverse, featuring international favorites like burgers, Mexican dishes, and healthy salads. It serves not just as a restaurant, but as a social gathering place for the expat community and local families.",The SNAP Cafe — Family-oriented café with large outdoor playground and varied international menu; popular with expats and parents wanting a relaxed outing.,"#food, #cafe, #outdoor, #vibrant, #pleasant, #morning, #sunny, #few_hours, #long_time, #photo, #dating"
456,"Tartine Saigon - Thao Dien, Q2
",Mon - Sun: 07:00 - 22:00,https://dynamic-media-cdn.tripadvisor.com/media/photo-o/29/e4/58/8f/t-r-yn-s-y-o-n-s-r-oh.jpg?w=900&h=500&s=1,https://maps.app.goo.gl/FEj2qR5J2rZaF1pu7,10.812740413003278,106.72951682889264,4.5,"70 Street 66, Thao Dien Ward, Thu Duc City, Ho Chi Minh City, Vietnam","Tartine Saigon is an artisanal bakery and cafe dedicated to the art of sourdough bread and simple, high-quality ingredients. The Thao Dien location offers a rustic, industrial-chic setting where guests can enjoy open-faced sandwiches, fresh salads, and hearty brunch dishes. They are passionate about sustainable food practices and making everything from scratch, including their signature crusty breads. It is a trendy yet laid-back spot, popular for weekend brunches and casual coffees.","Tartine Saigon — Artisanal sourdough bakery and café offering crusty breads, open sandwiches and hearty brunches in a rustic, industrial-chic space.","#food, #cafe, #indoor, #rustic, #modern, #morning, #rain, #few_hours, #moment"
457,BINON CACAO Thao Dien,"Mon - Fri: 13:00 - 22:00, Sat - Sun: 10:00 - 22:00",https://encrypted-tbn0.gstatic.com/images?q=tbn:ANd9GcTJmQ34b0NM-uB1Oi9ZBFaKdpXzOmr6D8JDbA&s,https://maps.app.goo.gl/S7v1BvDWSVKbybgU6,10.803870136014918,106.73332252887909,5.0,"63 Xuan Thuy Street, Thao Dien Ward, Thu Duc City, Ho Chi Minh City, Vietnam","BINON CACAO Thao Dien is a boutique chocolate shop and cafe that celebrates Vietnam’s high-quality cacao. Following a farm-to-bar philosophy, they produce exquisite chocolates, bonbons, and cacao-based beverages using locally sourced beans. The space is elegant and aromatic, offering visitors a chance to taste and learn about the chocolate-making process. It is a perfect destination for dessert lovers and those looking for unique, premium gifts made in Vietnam.",BINON CACAO Thao Dien — Boutique bean-to-bar chocolate shop and café showcasing Vietnamese cacao; elegant spot for chocolate tastings and premium gifts.,"#food, #cafe, #indoor, #elegant, #quiet, #modern, #rain, #moment, #few_hours, #moment"
458,Kashew Cheese Deli,"Mon - Wed: 09:00 - 20:30, Thus - Sun: 09:00 - 21:30",https://cdn.shopify.com/s/files/1/0585/9419/7667/files/Q5A4832Kashew20210324_web_480x480.jpg?v=1631198451,https://maps.app.goo.gl/BnuCoj8gp4nLxr4c6,10.80362201739739,106.73923851910023,4.7,"14 Tran Ngoc Dien Street, Thao Dien Ward, District 2, Ho Chi Minh City, Vietnam","Kashew Cheese Deli is a pioneering plant-based deli offering delicious, sustainable, and dairy-free cheese alternatives made from cashews. The shop features a charming outdoor seating area where customers can enjoy vegan cheese platters, bagel sandwiches, and pasta dishes. Their aged artisan cheeses are rich and flavorful, appealing even to non-vegans. With a commitment to eco-friendly practices and healthy eating, Kashew has become a favorite spot for the conscious foodie community.",Kashew Cheese Deli — Plant-based deli specializing in cashew cheeses and vegan platters; cozy outdoor seating and appealing options for conscious eaters.,"#food, #outdoor, #chill, #morning, #sunny, #few_hours, #moment, #study, #drinks"
459,Vesta Lifestyle & Gifts,"Mon - Fri: 09:30 - 21:00, Sat - Sun: 09:30 - 21:30",https://dynamic-media-cdn.tripadvisor.com/media/photo-o/23/9c/68/a0/one-of-the-most-unique.jpg?w=1200&h=-1&s=1,https://maps.app.goo.gl/JH3jh5gHKoLyMrnCA,10.804781896563991,106.73675282887802,4.7,"33a Thao Dien Street, Thu Duc City, Ho Chi Minh City, Vietnam","Vesta Lifestyle & Gifts is a curated concept store and cafe that showcases a beautiful collection of books, home decor, and locally designed souvenirs. The space is artistically arranged, creating a warm and inspiring atmosphere for browsing unique gifts or enjoying a quiet cup of coffee. It serves as a creative hub, often hosting small workshops and community events. Vesta is the ideal place to find a thoughtful present or simply escape the busy streets in a cozy, culture-filled environment.","Vesta Lifestyle & Gifts — Curated concept store and café selling books, home decor and local designs; warm, artistic space often hosting small workshops.","#shopping, #cafe, #indoor, #artistic, #cozy, #morning, #rain, #moment, #few_hours"
460,Little Thao Dien,Mon - Sun: 08:00 - 22:00,https://encrypted-tbn0.gstatic.com/images?q=tbn:ANd9GcTnYo_gCNBuo3mIEztbxofsBHRkfj5Hnme7oQ&s,https://maps.app.goo.gl/s4WhKzkAuQZ6SidP7,10.80395341993535,106.73499520004219,3.9,"94 Xuan Thuy Street, Thao Dien Ward, Thu Duc City, Ho Chi Minh City, Vietnam","Little Thao Dien is a charming restaurant that captures the essence of vintage Vietnam with its nostalgic decor and traditional menu. Designed to look like a classic Vietnamese home, it features antique furniture, patterned tiles, and a cozy courtyard. The kitchen serves authentic local dishes, from savory pancakes to clay pot stews, full of homestyle flavor. It is a delightful spot for those wanting to experience the warmth and culture of old Saigon in a comfortable setting.","Little Thao Dien — Nostalgic Vietnamese restaurant styled like a vintage home, serving homestyle dishes with antique decor and cozy courtyard seating.","#food, #indoor, #outdoor, #vintage, #cozy, #morning, #rain, #few_hours, #moment, #long_time"
461,"The Dreamers Bakery & Coffee
",Mon - Sun: 06:30 - 19:00,https://encrypted-tbn0.gstatic.com/images?q=tbn:ANd9GcQoFVxuCnYlXxmdciTzpnnC148AFIh4roiuaQ&s,https://maps.app.goo.gl/jMn2kH2yCzeBPKpa6,10.802501582371846,106.73807885770987,4.7,"11 Thao Dien Street, Thu Duc City, Ho Chi Minh City, Vietnam","The Dreamers Bakery & Coffee is an aesthetically pleasing cafe known for its dreamy, pastel-toned decor and exquisite desserts. It attracts a young, stylish crowd looking for Instagram-worthy spots and high-quality sweet treats like tarts, mousses, and layered cakes. The atmosphere is soft and romantic, making it a lovely venue for afternoon tea or a date. Alongside their pastries, they serve a selection of specialty coffees and refreshing fruit teas.","The Dreamers Bakery & Coffee — Pastel-toned café known for beautiful desserts and specialty coffee; trendy, romantic spot popular for photos and sweet treats.","#cafe, #food, #indoor, #youthful, #morning, #rain, #few_hours, #photo, #dating"
462,The One Coffee,Mon - Sun: 05:30 - 13:00,https://encrypted-tbn0.gstatic.com/images?q=tbn:ANd9GcQiB-zjRpAktRA5f3vR0Z1yGkyB2PnrxW1JYg&s,https://maps.app.goo.gl/iY4UhHHToxNkwsJXA,10.811080575892118,106.75546755770675,4.8,"09 Street No. 12, Quarter 4, District 2, Ho Chi Minh City, Vietnam","The One Coffee is a humble, local-style coffee shop that prides itself on serving strong, authentic Vietnamese coffee. The setting is simple and unpretentious, offering a relaxed environment for a morning caffeine fix or a casual chat with friends. Popular with locals, it provides a genuine experience of Saigon's coffee culture without the frills. It’s a reliable stop for a quick, affordable, and energizing drink to start the day.","The One Coffee — Simple local coffee shop serving strong Vietnamese coffee in an unpretentious, everyday setting — reliable and affordable.","#cafe, #indoor, #cheap, #morning, #moment, #rain, #cloudy, #drinks"
463,S'mores Saigon - Artbook,Mon - Sun: 07:00 - 20:00,https://kconcept.vn/upload/news/20220522014208-5714.jpg,https://maps.app.goo.gl/ew28LaienJ47mzBw5,10.778021312300181,106.7547318000224,4.4,"39 Le Hien Mai Street, Thanh My Loi Ward, Thu Duc City, Ho Chi Minh City, Vietnam","S'mores Saigon - Artbook is a creatively designed cafe that blends industrial architecture with artistic elements, creating a unique multi-level space. Known for its specialty coffee and signature s'mores-inspired drinks, it offers a trendy environment for working, reading, or socializing. The interior features raw concrete, abundant greenery, and art displays, making every corner visually interesting. It is a hotspot for the creative community and anyone appreciating modern cafe culture.","S'mores Saigon - Artbook — Multi-level creative café mixing industrial design and art displays, famous for specialty coffee and s'mores-inspired drinks.","#cafe, #study, #indoor, #artistic, #modern, #morning, #rain, #long_time, #few_hours"
464,Legend Gaming Center,Mon - Sun: 00:00 - 00:00,https://encrypted-tbn0.gstatic.com/images?q=tbn:ANd9GcSFJR7JDFDsxGAhUSdGTzYDIOMfxM0ErM98tg&s,https://maps.app.goo.gl/VrREi8ktXS2NNe2f8,10.785131486472276,106.76912455584586,4.2,"65 Le Van Thinh Street, Binh Trung Tay Ward, District 2, Ho Chi Minh City, Vietnam","Legend Gaming Center is a high-end internet cafe and e-sports arena designed for serious gamers. Equipped with top-of-the-line gaming PCs, comfortable chairs, and high-speed internet, it provides the ultimate environment for competitive gaming. The space is modern and dimly lit with neon accents, offering food and drink services directly to the stations. It serves as a gathering ground for the local gaming community to practice, compete, and socialize.","Legend Gaming Center — High-end e-sports arena and internet café with top gaming PCs, ergonomic chairs and fast internet — hub for serious gamers.","#entertainment, #indoor, #modern, #vibrant, #late_night, #rain, #long_time, #few_hours, #morning"
465,THE BRIX Restaurant,"Mon: Close, Tue - Sat: 11:00 - 00:00, Sun: 10:00 - 00:00",https://encrypted-tbn0.gstatic.com/images?q=tbn:ANd9GcT96HZsVXvyhWgkT6sjimgNfGZwOM71xAZ20w&s,https://maps.app.goo.gl/1DZcTT2tgz8XqhmU6,10.805329396092926,106.7403591135498,4.6,"26 Tran Ngoc Dien Street, Thao Dien Ward, Thu Duc City, Ho Chi Minh City, Vietnam","THE BRIX Restaurant is a stunning tropical oasis in the heart of Thao Dien, featuring a large swimming pool and lush garden seating. This upscale venue offers a refined dining experience with a menu of bold, wood-fired fusion dishes and artisanal cocktails. The atmosphere is chic and sophisticated, transforming from a relaxed poolside lunch spot to a vibrant lounge in the evening. It is a premier destination for brunch, sunset drinks, and stylish dinner parties.",THE BRIX Restaurant — Tropical poolside restaurant with lush garden seating serving wood-fired fusion dishes and cocktails; chic brunch and sunset destination.,"#food, #drinks, #outdoor, #luxury, #natural, #modern, #evening, #sunset, #long_time, #dating, #indoor"
466,TINTO x PASTA CLUB Not so Italian,Mon - Sun: 16:00 - 00:00,https://encrypted-tbn0.gstatic.com/images?q=tbn:ANd9GcR1h8Iwj52p9PToyLHGYRPciv9F-60gU6zoOw&s,https://maps.app.goo.gl/qfA4dEhEMjvYMCaa6,10.804873841938047,106.74002762887568,4.7,"24 Tran Ngoc Dien Street, District 2, Thu Duc City, Ho Chi Minh City, Vietnam","TINTO x PASTA CLUB is a vibrant collaborative dining concept that merges Latin American flair with creative pasta dishes. The venue features a striking, modern design with warm colors and an open kitchen, creating a lively and energetic atmosphere. Diners can enjoy unique charcoal-grilled specialties alongside handmade pastas that break traditional Italian rules. It is a trendy spot for foodies looking for bold flavors and a fun, unconventional dining experience.","TINTO x PASTA CLUB — Bold, playful concept merging Latin flavors with handmade pastas and charcoal-grilled dishes in a vibrant, modern space.","#food, #indoor, #vibrant, #modern, #unique, #evening, #rain, #few_hours, #dating, #moment"
467,"District Federal Q2
","Mon: Close, Tue - Thus: 16:00 - 22:30, Fri - Sat: 11:00 - 23:00, Sun: 11:00 - 22:30",https://encrypted-tbn0.gstatic.com/images?q=tbn:ANd9GcTBnqJj6fgc4k7MrbcPs1Gm3TkoZ4kGp1NF7A&s,https://maps.app.goo.gl/UEyVHfmw1HewedAr5,10.803737404083959,106.73408415771175,4.5,"84 Xuan Thuy Street, Thao Dien Ward, Thu Duc City, Ho Chi Minh City, Vietnam","District Federal Q2 is an authentic Mexican restaurant and bar known for its festive atmosphere and flavorful street food. The menu features classic tacos, burritos, and quesadillas, paired with a wide selection of tequilas and margaritas. With its colorful decor and lively music, it captures the spirit of a Mexican fiesta, making it a great place for group gatherings. It is a go-to spot in Thao Dien for genuine Mexican flavors and a fun night out.","District Federal Q2 — Festive Mexican restaurant and bar offering authentic tacos, tequilas and a lively atmosphere ideal for groups and parties.","#food, #drinks, #bar, #vibrant, #evening, #rain, #few_hours, #long_time"
468,Al Fresco's Xuan Thuy,"Mon - Fri: 10:00 - 22:00, Sat - Sun: 09:00 - 22:00",https://encrypted-tbn0.gstatic.com/images?q=tbn:ANd9GcRmTEHzfFeWG-nn2o_m2cwOHvCuXp7v86MaXw&s,https://maps.app.goo.gl/X8EFpe6D1odhvS2r5,10.803903574657904,106.7347756288825,4.5,"92 Xuan Thuy Street, Thao Dien Ward, Thu Duc City, Ho Chi Minh City, Vietnam","Al Fresco's Xuan Thuy is a family-favorite restaurant chain known for its hearty portions of Western comfort food. Famous for their tender BBQ pork ribs, cheesy pizzas, and steaks, they offer a menu that appeals to all ages. The restaurant has a relaxed, casual atmosphere with friendly service, suitable for casual family dinners or birthday celebrations. Consistent quality and value make Al Fresco's a reliable choice for a satisfying meal.","Al Fresco's Xuan Thuy — Family-friendly Western restaurant known for ribs, pizzas and steaks; casual, consistent and great for celebrations.","#food, #indoor, #cozy, #pleasant, #traditional, #evening, #rain, #few_hours"
469,Relish & Sons,Mon - Sun: 11:00 - 22:00,https://encrypted-tbn0.gstatic.com/images?q=tbn:ANd9GcRc6JEX8WbJg2aqHTeyFIdjvlVZX64kTHSA_g&s,https://maps.app.goo.gl/1Esd39VgGYWuH3N49,10.802894359474452,106.73406442887251,4.3,"2 Dang Huu Pho Street, Thao Dien Ward, District 2, Ho Chi Minh City, Vietnam","Relish & Sons is a gourmet burger joint that elevates the fast-food experience with high-quality ingredients and creative recipes. They are known for their juicy, handcrafted patties, unique toppings, and signature sides like onion rings and relishes. The interior is stylish and modern, with a cool, urban vibe that fits the Thao Dien scene. It’s a top destination for burger enthusiasts seeking bold flavors and craft beers in a trendy setting.","Relish & Sons — Gourmet burger spot with handcrafted patties, inventive toppings and stylish interior — a go-to for burger enthusiasts and craft beer lovers.","#food, #indoor, #cozy, #traditional, #pleasant, #cheap, #rain, #few_hours, #moment, #dating"
470,An Cafe,"Mon - Fri: 06:00 - 19:00, Sat - Sun: 06:00 - 18:00",https://encrypted-tbn0.gstatic.com/images?q=tbn:ANd9GcQy-E_Ltcs3eRNBnbYLcW8DviUqsdVkwVXcGQ&s,https://maps.app.goo.gl/L2vFKAbV2Eoe3NmSA,10.80640285659009,106.73523170005608,5.0,"51 Thao Dien Street, Thu Duc City, Ho Chi Minh City, Vietnam","An Cafe offers a tranquil, leafy retreat serving Vietnamese coffee and Asian-fusion cuisine. The space is designed with an abundance of wood and plants, creating a calming, natural environment inspired by classic Vietnamese architecture. It is a versatile spot suitable for a quiet breakfast, a working lunch, or a relaxed dinner. An Cafe provides a peaceful break from the urban rush, focusing on fresh ingredients and soothing ambiance.","An Cafe — Leafy, tranquil café serving Vietnamese coffee and Asian-fusion dishes in a wood-and-plant filled space — peaceful spot for work or relaxation.","#food, #outdoor, #vibrant, #cheap, #evening, #windy, #few_hours, #moment, #dating, #photo"
471,Bep Vo Kitchen,Mon - Sun: 10:00 - 22:00,https://lh3.googleusercontent.com/p/AF1QipNzsIAgYiPYWqO4Y2NHJMJ_gG9bPZdNSysB8yCN=s1600-w640,https://maps.app.goo.gl/csH6Ej3Js6mYwbWg7,10.809393177165807,106.73056910004384,4.6,"90 Quoc Huong Street, Thao Dien Ward, Thu Duc City, Ho Chi Minh City, Vietnam","Bep Vo Kitchen is a cozy eatery dedicated to serving comforting, home-cooked Vietnamese meals in a family-friendly setting. The name translates to ""Wife's Kitchen,"" reflecting the warmth and care put into every dish, from braised meats to sour soups. The restaurant is simple and clean, offering a daily changing menu that mimics a traditional family meal. It is a favorite among locals and expats craving healthy, authentic, and affordable Vietnamese food.","Bep Vo Kitchen — Cozy, home-style Vietnamese eatery serving comforting daily dishes (braises, soups) with a family-friendly, simple atmosphere.","#food, #indoor, #elegant, #traditional, #evening, #rain, #few_hours, #long_time, #cozy"
472,"Thai Street
",Mon - Sun: 11:00 - 22:00,https://dynamic-media-cdn.tripadvisor.com/media/photo-o/27/19/79/fb/good-vibes-only.jpg?w=900&h=500&s=1,https://maps.app.goo.gl/oFJ4ipPahc9VTGUM7,10.805544718683826,106.74088382887487,4.3,"32 Tran Ngoc Dien Street, Thao Dien Ward, District 2, Ho Chi Minh City, Vietnam","Thai Street brings the authentic taste and bustling vibe of Thailand's street food stalls to District 2. The restaurant serves bold, spicy, and authentic dishes like Tom Yum, Pad Thai, and Thai BBQ (Mookata) in a colorful, casual setting. The decor mimics a Thai street corner, adding to the immersive dining experience. It is a popular spot for those who love genuine Thai flavors and a lively, unpretentious atmosphere.","Thai Street — Colorful Thai street-food style venue offering bold, authentic dishes like Tom Yum and Pad Thai in a casual, vibrant setting.","#indoor, #pleasant, #chill, #rain, #few_hours, #moment, #entertainment"
473,Tama River,Mon - Sun: 10:00 - 14:00,https://upload.wikimedia.org/wikipedia/commons/e/eb/Tama-River-near-Ome.jpg,https://maps.app.goo.gl/8rjR92bAVK23p2bg6,10.804282419682053,106.73811602887281,4.3,"Thao Dien Street, Thu Duc City, Ho Chi Minh City, Vietnam","Tama River is a refined Japanese restaurant offering a serene dining experience with a focus on fresh, high-quality ingredients. The menu features a selection of sushi, sashimi, and traditional Japanese set meals, prepared with precision and care. The setting is elegant and quiet, often providing beautiful views or a calm garden atmosphere suitable for business meals or intimate dinners. It is a destination for those seeking authentic Japanese hospitality and tranquility.","Tama River — Refined Japanese restaurant focused on fresh sushi, sashimi and set meals in an elegant, tranquil setting suitable for intimate or business dinners.","#food, #outdoor, #vibrant, #modern, #evening, #few_hours, #long_time, #dating"
474,Hanayuki Spa,Mon - Sun: 08:30 - 20:30,https://cdn-i.doisongphapluat.com.vn/media/le-ngoc-anh/2021/07/10/image4-2.jpg,https://maps.app.goo.gl/gT6LJobjgGL3UXGb6,10.78991453102039,106.77119802887536,4.0,"537 Nguyen Duy Trinh Street, B003 ParcSpring Apartment, Binh Trung Dong Ward, Thu Duc City, Ho Chi Minh City, Vietnam","Hanayuki Spa is a Japanese-style wellness center offering a range of relaxation and beauty treatments. Known for its professional service and serene environment, the spa provides massages, facials, and body care using high-quality products. The interior is designed to induce calm, featuring minimalist Japanese decor and private treatment rooms. It is an ideal escape for anyone looking to de-stress and rejuvenate in a peaceful, hygienic setting.","Hanayuki Spa — Japanese-style wellness spa offering massages, facials and body treatments in minimalist, calming interiors — ideal for relaxation and rejuvenation.","#indoor, #vibrant, #modern, #evening, #rain, #few_hours, #long_time, #chill"
475,"BBQ Plan-K Masteri
",Mon - Sun: 11:00 - 23:00,https://encrypted-tbn0.gstatic.com/images?q=tbn:ANd9GcRtcZuLdoqPrb4GbDt7xHYpqD-GOAL-kAxmiw&s,https://maps.app.goo.gl/vS4VHuBCzrvzptGT8,10.802937682039481,106.74414168654278,4.7,"175 Vo Nguyen Giap Street, Thao Dien Ward, Thu Duc City, Ho Chi Minh City, Vietnam","BBQ Plan-K Masteri is a popular Korean BBQ restaurant and supermarket combination, known for its premium dry-aged meats. Diners can select their preferred cuts of fresh pork and beef from the butcher counter before grilling them at their table. The restaurant offers a bustling, authentic Korean dining atmosphere with attentive staff who help with the grilling. It’s a perfect spot for meat lovers to enjoy high-quality BBQ along with a variety of Korean side dishes.",BBQ Plan-K Masteri — Korean BBQ & supermarket combo known for premium dry-aged meats and a lively DIY grilling experience with helpful staff.,"#food, #indoor, #modern, #cheap, #pleasant, #moment, #rain, #cloudy"
476,Matchandeul BBQ,Mon - Sun: 11:00 - 23:00,https://dynamic-media-cdn.tripadvisor.com/media/photo-o/2a/a1/21/af/caption.jpg?w=500&h=-1&s=1,https://maps.app.goo.gl/TR5ioWRQkhVMgRdM8,10.801718205463034,106.7378604577172,4.6,"93 Vo Nguyen Giap Street, Thao Dien Ward, Thu Duc City, Ho Chi Minh City, Vietnam","Matchandeul BBQ is a famous Korean barbecue chain renowned for its thick-cut pork belly and professional tableside grilling service. The restaurant emphasizes the quality and aging of its meat, ensuring a juicy and flavorful experience every time. With a spacious and lively interior, it is a favorite gathering place for groups and families. The staff are trained to grill the meat to perfection, allowing guests to relax and enjoy the feast.",Matchandeul BBQ — Popular Korean barbecue chain famed for thick-cut pork belly and professional table grilling; spacious and convivial for groups.,"#drinks, #entertainment, #vibrant, #late_night, #rain, #long_time, #food"
477,Marukame Udon - Thao Dien,"Mon - Fri: 10:00 - 21:30, Sat - Sun: 08:00 - 21:30",https://kenh14cdn.com/zoom/700_438/2017/1492169337008-68-75-501-769-crop-1492169347870.jpg,https://maps.app.goo.gl/TJvVHbPp9CtMmypFA,10.803929381287471,106.73722425770781,4.4,"27 Thao Dien Street, Thu Duc City, Ho Chi Minh City, Vietnam","Marukame Udon is a Japanese cafeteria-style chain specializing in freshly made, hand-crafted udon noodles. Customers can watch the noodles being boiled and prepared before choosing their broth and adding freshly fried tempura toppings. The restaurant offers a quick, affordable, and authentic Japanese dining experience with a focus on speed and freshness. It is a popular choice for a fast, satisfying lunch or dinner.","Marukame Udon — Fast-casual Japanese chain serving freshly made udon and tempura — quick, affordable and reliably authentic for a satisfying meal.","#food, #drinks, #indoor, #rustic, #modern, #evening, #rain, #few_hours, #chill"
478,Buddha Bar,Mon - Sun: 14:00 - 04:00,https://encrypted-tbn0.gstatic.com/images?q=tbn:ANd9GcRhLdoXM-B0Xv40Jyl6OA05aQGqB191Mg-Teg&s,https://maps.app.goo.gl/fU2RxesMUzpd4rvs7,10.802337843762999,106.73811767120486,4.1,"7 Thao Dien Street, District 2, Ho Chi Minh City, Vietnam","Buddha Bar is a long-standing institution in Thao Dien, known as a lively neighborhood pub and social hub. It features an eclectic mix of decor, pool tables, and a large outdoor terrace, attracting a diverse crowd of expats and locals. The bar offers a wide range of beers, cocktails, and comfort foods, making it a go-to spot for after-work drinks or weekend socializing. Its relaxed, friendly vibe makes it easy to meet new people and enjoy the local nightlife.","Buddha Bar — Longstanding neighborhood pub with eclectic decor, pool tables and outdoor terrace; casual spot for drinks, comfort food and socializing.","#bar, #drinks, #entertainment, #vibrant, #pleasant, #late_night, #rain, #long_time, #few_hours"
479,Pasteur Street Craft Beer,"Mon - Fri: 16:00 - 23:30, Sat - Sun: 11:00 - 23:00 ",https://encrypted-tbn0.gstatic.com/images?q=tbn:ANd9GcQ5oBhJCBhS2_l8K5sKtc32W7XeeOKlJUfp2w&s,https://maps.app.goo.gl/TFWhhMyRYAVP2TiU9,10.804213729461242,106.7366370918515,4.9,"120 Xuan Thuy Street, Thao Dien Ward, Thu Duc City, Ho Chi Minh City, Vietnam","Pasteur Street Craft Beer is a taproom for one of Vietnam's most celebrated craft breweries, combining American brewing techniques with local Vietnamese ingredients. The venue offers a wide rotation of their award-winning beers, from Jasmine IPAs to chocolate stouts, in a cool, industrial-style setting. It serves as a gathering point for beer enthusiasts looking to explore unique and bold flavors. The taproom also offers a menu of bar bites that pair perfectly with their brews.","Pasteur Street Craft Beer — Taproom for an award-winning brewery offering rotating craft beers (including local twists) in a cool, industrial space with bar bites.","#entertainment, #drinks, #indoor, #artistic, #evening, #rain, #long_time, #few_hours"
480,"Evita Sports Bar
",Mon - Sun: 16:00 - 04:00,https://encrypted-tbn0.gstatic.com/images?q=tbn:ANd9GcR5VPHv_Q6hkD0rog8yY0BxRnbv-4WlvOGfUg&s,https://maps.app.goo.gl/fxKiEN34HC6ds7zeA,10.812041436782412,106.73137592888695,4.5,"230a Nguyen Van Huong Street, Thao Dien Ward, Thu Duc City, Ho Chi Minh City, Vietnam","Evita Sports Bar is a friendly, community-focused venue known for broadcasting live sports events from around the world. It offers a relaxed environment with indoor and outdoor seating, where fans can gather to watch football, rugby, and more. The menu features hearty Western pub food, cold beers, and daily specials. With its welcoming atmosphere and regular quiz nights, Evita is a staple hangout for the expat community in Thao Dien.","Evita Sports Bar — Community-focused sports bar showing live matches with hearty pub food, cold beers and regular quiz nights — friendly expat hangout.","#bar, #entertainment, #indoor, #modern, #youthful, #rain, #long_time, #few_hours"
481,"Soma Saigon
",Mon - Sun: 08:00 - 00:00,https://gaycities-listing-images-production.imgix.net/originals/restaurants-310221-soma-saigon-andrewsieving-d694d.jpeg?w=1200&h=900&fit=crop&auto=format&auto=compress&crop=faces,https://maps.app.goo.gl/L9EY3eFTBzVnZLTK8,10.804869580582059,106.7321857288869,4.4,"6 Le Van Mien Street, Thao Dien Ward, District 2, Ho Chi Minh City 71107, Vietnam","Soma Saigon is a creative arts lounge and music venue that serves as a platform for the local underground and artistic community. The space hosts a variety of events, including live music, DJ sets, art exhibitions, and workshops. It offers a distinctively cool and alternative vibe, accompanied by craft cocktails and a curated menu. Soma is the place to go for those seeking culture, creativity, and a non-traditional nightlife experience.","Soma Saigon — Artsy lounge and music venue hosting live acts, DJ nights and exhibitions, paired with craft cocktails in a creative, alternative setting.","#entertainment, #indoor, #modern, #pleasant, #rain, #long_time, #few_hours"
482,BHD Star Cineplex Thao Dien,Mon - Sun: 00:00 - 23:59,https://www.bhdstar.vn/wp-content/uploads/2023/12/0000000005.png,https://maps.app.goo.gl/1vVn5YXexKQEsYHw9,10.8025187436355,106.74098548653834,4.3,"Vincom Mega Mall, 159 Vo Nguyen Giap Street, Thao Dien Ward, Thu Duc City, Ho Chi Minh City, Vietnam","BHD Star Cineplex Thao Dien is a modern cinema complex located within the Vincom Mega Mall, offering a premium movie-going experience. It features multiple screens with high-quality sound and projection systems, showing the latest international and Vietnamese blockbusters. The cinema provides comfortable seating and a wide selection of snacks, making it a popular entertainment destination for families and youth. It is a convenient spot to catch the newest films in a clean, state-of-the-art environment.","BHD Star Cineplex Thao Dien — Modern multiplex in Vincom Mega Mall offering multiple screens, comfortable seating and the latest international releases.","#indoor, #luxury, #sunset, #windy, #few_hours, #rain, #entertainment"
483,"LOTTE Cinema Cantavil
",Mon - Sun: 00:00 - 23:59,https://mvj.vn/wp-content/uploads/2018/06/lottle-cantavil-phong-chieu.jpg,https://maps.app.goo.gl/La1s29GqrWj6UyJH9,10.801683140551425,106.74692771487388,4.1,"Song Hanh Street, An Phu Ward, Thu Duc City, Ho Chi Minh City, Vietnam","LOTTE Cinema Cantavil is a well-equipped movie theater located in the Cantavil Premier building, serving the An Phu community. It offers a comfortable and accessible cinematic experience with modern screens and spacious seating. The cinema regularly screens a mix of Hollywood hits, Korean movies, and local films. With its location near shopping and residential areas, it is a convenient option for a relaxing movie night close to home.","LOTTE Cinema Cantavil — Well-equipped neighborhood cinema with modern screens and seating, screening Hollywood, Korean and local films for convenient movie nights.","#movie, #indoor, #cheap, #modern, #morning, #rain, #long_time, #few_hours, #evening, #dating"
484,Cao Duong Marina,Mon - Sun: 07:00 - 18:00,https://tapchigiaothong.qltns.mediacdn.vn/tapchigiaothong.vn/files/content/2022/07/04/hinh-3-1756.jpg,https://maps.app.goo.gl/CQqFdxX9qgLqCe1cA,10.792768850652385,106.7286455711983,4.4,"39 Street No. 29, An Khanh Ward, Thu Duc City, Ho Chi Minh City, Vietnam","Cao Duong Marina is a riverside facility that serves as a docking point and service center for boats and yachts in the Thu Duc area. It provides a gateway to the waterways of Saigon, offering services for boat owners and enthusiasts. The location often features a calm, breezy atmosphere typical of the riverfront, offering a different perspective of the city. It represents the growing river-leisure lifestyle developing in Ho Chi Minh City.",Cao Duong Marina — Riverside docking and service facility in Thu Duc offering boat/yacht services and a calm riverfront atmosphere — gateway to Saigon waterways.,"#food, #outdoor, #modern, #vibrant, #morning, #windy, #long_time, #few_hours"
485,MM Mega Market An Phu,Mon - Sun: 06:00 - 22:30,https://encrypted-tbn0.gstatic.com/images?q=tbn:ANd9GcRQlUpJFg2TPQsaRI3-dncxOcsdpiWbWzM69w&s,https://maps.app.goo.gl/9zKBmv7rrQVnEPkaA,10.800416945149616,106.74321440004353,4.7,"Zone B, An Phu An Khanh Urban Area, Thu Duc City, Ho Chi Minh City 700000, Vietnam","MM Mega Market An Phu is a vast wholesale hypermarket catering to both businesses and household shoppers looking for bulk items. The store offers a huge variety of products, including fresh produce, meat, seafood, dry goods, and electronics, at competitive prices. Its warehouse-style layout is designed for efficiency, making it a go-to destination for stocking up on groceries and essentials. It plays a key role in the daily supply chain for many local restaurants and families.","MM Mega Market An Phu — Large wholesale hypermarket selling bulk groceries, produce and household goods at competitive prices — favored by families and businesses.","#food, #indoor, #traditional, #cheap, #morning, #moment, #rain, #sunny, #shopping, #few_hours"
486,Emart Sala,Mon - Sun: 07:30 - 22:30,https://cdn.xanhsm.com/2024/12/4f155b21-emart-sala-quan-2-thumb.jpg,https://maps.app.goo.gl/YgyH7TTRR1GmKoGB9,10.772373305065928,106.72287240004349,4.2,"10 Mai Chi Tho Street, Thu Thiem Ward, Thu Duc City, Ho Chi Minh City, Vietnam","Emart Sala is a massive Korean hypermarket located in the Sala urban area, offering a modern and comprehensive shopping experience. It features a wide range of high-quality Korean and international products, fresh food, and household goods. The complex also includes a popular food court with delicious Korean snacks and a bakery, attracting huge crowds on weekends. It is a favorite shopping destination for its variety, cleanliness, and lively atmosphere.","Emart Sala — Massive Korean-style hypermarket in Sala with Korean and international products, lively food court and bakery — busy weekend shopping destination.","#food, #indoor, #modern, #cheap, #pleasant, #moment, #rain, #cloudy, #shopping, #few_hours"
487,Ho Tay Steamed Rice Rolls,Mon - Sun: 05:30 - 11:15,https://hungryghostfoodandtravel.com/wp-content/uploads/2024/12/Vietnamese-Steamed-Rice-Rolls_post6-750x471.jpg,https://maps.app.goo.gl/cVRWDvk1P2B49A9K6,10.84761674824568,106.76980510005748,4.3,"7 Chu Manh Trinh Street, Binh Tho Ward, Thu Duc City, Ho Chi Minh City, Vietnam","Ho Tay Steamed Rice Rolls is a humble eatery specializing in Banh Cuon, a traditional Northern Vietnamese breakfast dish. The shop serves delicate, steamed fermented rice sheets filled with seasoned pork and wood ear mushrooms, topped with fried shallots. Known for its authentic flavor and smooth texture, it brings a taste of Hanoi to the south. It is a popular, no-frills spot for a light, savory, and freshly made meal.",Ho Tay Steamed Rice Rolls — Simple eatery specializing in authentic Banh Cuon (steamed rice rolls) with seasoned pork and fried shallots — Hanoi taste in Saigon.,"#food, #outdoor, #rustic, #traditional, #pleasant, #evening, #windy, #few_hours, #long_time"
488,Phuc Loc Tho Broken Rice - Dang Van Bi,Mon - Sun: 07:00 - 22:00,https://down-vn.img.susercontent.com/vn-11134513-7r98o-lsvaa0mlbiqh1d@resize_ss640x400,https://maps.app.goo.gl/r8t4xHW4rAFqHoDw6,10.8455617498103,106.76131740004091,4.5,"163 Dang Van Bi Street, Quarter 5, Thu Duc City, Ho Chi Minh City, Vietnam","Phuc Loc Tho Broken Rice is a well-known chain restaurant famous for serving consistent and hygienic Com Tam (broken rice). Their signature dish features perfectly grilled pork chops, shredded pork skin, and steamed egg meatloaf served over broken rice. The venue is bright, clean, and efficient, making it a reliable choice for a quick and satisfying traditional Vietnamese meal. It is a go-to spot for locals craving the classic flavors of Saigon.","Phuc Loc Tho Broken Rice — Well-known chain serving consistent, hygienic Com Tam with grilled pork chops and classic sides — quick, reliable traditional meal.","#food, #indoor, #cozy, #pleasant, #traditional, #evening, #rain, #few_hours"
489,Nam Sanh Tay Ninh Young Beef,Mon - Sun: 09:00 - 23:00,https://pasgo.vn/Upload/anh-chi-tiet/nha-hang-bo-to-tay-ninh-nam-sanh-go-vap-9-normal-2213268753866.webp,https://maps.app.goo.gl/cvuUBz54bUyQ2g4g7,10.856737378154195,106.81350588655171,4.1,"149 Hoang Huu Nam Street, Long Thanh My Ward, Thu Duc City, Ho Chi Minh City, Vietnam","Nam Sanh Tay Ninh Young Beef specializes in ""Bo To"" (young beef) dishes, a delicacy from the Tay Ninh region known for its tenderness and unique flavor. The restaurant offers a variety of preparations, including grilled beef, steamed beef with herbs, and rich beef hotpots. The setting is typically spacious and casual, ideal for large groups and family gatherings. It provides a rustic culinary experience centered around fresh, high-quality meat.","Nam Sanh Tay Ninh Young Beef — Specialty restaurant focusing on Tay Ninh “Bo To” young beef dishes, offering grilled and hotpot options in a spacious, casual setting.","#food, #elegant, #modern, #cozy, #morning, #rain, #few_hours, #moment"
490,Sanh Restaurant,Mon - Sun: 00:00 - 23:00,https://encrypted-tbn0.gstatic.com/images?q=tbn:ANd9GcQT9PpH4fZLhqxHgVpqOnRKLQg1Mh6utky9Gw&s,https://maps.app.goo.gl/NaZ6L7xWXLd9BNdN7,10.799984723067405,106.73612442886646,4.1,"21 Song Hanh Street, An Phu An Khanh Urban Area, Thu Duc City, Ho Chi Minh City, Vietnam","Sanh Restaurant is a dining establishment known for providing a quality culinary experience in a comfortable setting suitable for social gatherings. The venue typically offers a mix of traditional and contemporary dishes, creating a welcoming atmosphere for locals to enjoy good food and conversation. It is a reliable spot for those looking for a pleasant meal with friends or family in the area.",Sanh Restaurant — Comfortable dining spot offering a mix of traditional and contemporary dishes in a welcoming atmosphere — reliable for family or group meals.,"#food, #indoor, #modern, #elegant, #pleasant, #rain, #moment, #few_hours, #dating"
491,L'Usine Thao Dien,Mon - Sun: 08:00 -18:00,https://lusinespace.com/wp-content/uploads/2019/06/thao-dien-1024x660.png,https://maps.app.goo.gl/h8qn3CZD1LLpYCUDA,10.804472080886926,106.73725032887066,4.7,"24 Thao Dien Street, Thu Duc City, Ho Chi Minh City, Vietnam","L'Usine Thao Dien is a chic lifestyle concept store that combines a cafe, eatery, and retail space in a stylish, industrial-modern setting. It serves a sophisticated all-day brunch menu, specialty coffee, and dinner dishes inspired by global trends. The retail section features curated fashion, home decor, and gifts, appealing to the design-conscious crowd. It is a popular destination for brunch, working remotely, or shopping in a relaxed, aesthetic environment.","L'Usine Thao Dien — Chic lifestyle space combining café, restaurant and retail with all-day brunch, specialty coffee and curated fashion/home goods — stylish and versatile.","#food, #indoor, #vibrant, #modern, #youthful, #pleasant, #rain, #few_hours, #moment, #photo"
492,Maison Marou Flagship Thao Dien,"Mon - Fri: 09:00 - 22:00, Sat - Sun: 07:30 - 22:30",https://encrypted-tbn0.gstatic.com/images?q=tbn:ANd9GcSQYL8Lb-_5AZqscxxxUPuRPBLfqoaATUB0aA&s,https://maps.app.goo.gl/qAM3s8ZXLBKPoqa67,10.803831481367483,106.7347177000315,4.7,"90 Xuan Thuy Street, Thao Dien Ward, Thu Duc City, Ho Chi Minh City, Vietnam","Maison Marou Flagship Thao Dien is a destination cafe and chocolate factory shop dedicated to Vietnam's award-winning single-origin chocolate. Visitors can watch the chocolate-making process and indulge in decadent pastries, bonbons, and signature hot chocolate drinks. The space is open and aromatic, celebrating the journey from cacao bean to bar. It is a must-visit for chocolate lovers looking to experience the finest locally produced confectionary.","Maison Marou Flagship Thao Dien — Chocolate flagship and café showcasing single-origin Vietnamese cacao with factory-view, decadent pastries and signature chocolate drinks.","#food, #indoor, #cozy, #traditional, #evening, #rain, #few_hours, #moment"
493,Chickita - Flame Grilled Chicken,Mon - Sun: 10:00 - 22:00,https://dynamic-media-cdn.tripadvisor.com/media/photo-o/27/ac/3e/89/flame-grilled-chicken.jpg?w=900&h=500&s=1,https://maps.app.goo.gl/XUwLxEHgziN1FXYm9,10.812041436787464,106.7313759288864,4.5,"230 Nguyen Van Huong Street, Thao Dien Ward, District 2, Ho Chi Minh City, Vietnam","Chickita is a colorful, farm-to-table restaurant concept specializing in flame-grilled chicken inspired by Asian flavors. They use locally sourced, cage-free chicken and offer a variety of signature sauces made from fresh ingredients. The restaurant has a vibrant, funky decor and a family-friendly vibe, making it a fun dining spot. It offers a healthy, flavorful twist on fast-casual dining with a focus on sustainability and taste.","Chickita — Farm-to-table flame-grilled chicken concept using local, cage-free chicken and homemade sauces; vibrant decor and family-friendly vibe.","#food, #indoor, #outdoor, #minimalist, #vibrant, #morning, #rain, #few_hours, #moment"
494,Danbo Ramen - Thao Dien,"Mon - Sun: 11:00 - 14:30, 17:00 - 23:30",https://encrypted-tbn0.gstatic.com/images?q=tbn:ANd9GcRKpAyHUxyAd6Ef8RivzU2cEot2CPoneYh2NA&s,https://maps.app.goo.gl/rM9MjAoWLUy6DKA4A,10.803321143061265,106.73232542886518,4.6,"64B3 Xuan Thuy Street, Thao Dien Ward, Thu Duc City, Ho Chi Minh City, Vietnam","Danbo Ramen is a famous Fukuoka-style ramen chain known for its authentic Tonkotsu (pork bone) broth and customizable noodle options. The Thao Dien branch recreates the traditional Japanese ramen bar experience, serving rich, milky broth with thin, firm noodles. Diners can tailor their bowl's richness, noodle texture, and spicy level to their liking. It is a top choice for ramen enthusiasts seeking a genuine and comforting bowl of soup.","Danbo Ramen — Fukuoka-style ramen chain known for rich tonkotsu broth and customizable bowls; authentic, comforting ramen experience.","#indoor, #minimalist, #modern, #quiet, #morning, #rain, #moment, #few_hours, #food"
495,Cafe Luia Thao Dien,Mon - Sun: 08:00 - 21:30,https://encrypted-tbn0.gstatic.com/images?q=tbn:ANd9GcRRCESeDvL7Va9Ud1TdxsiBKY7VWz3szs934w&s,https://maps.app.goo.gl/gtcyNeencFVLvXXf8,10.804387027576167,106.73368576445111,4.2,"28 Ngo Quang Huy Street, Thao Dien Ward, Thu Duc City, Ho Chi Minh City, Vietnam","Cafe Luia is a minimalist Korean-style cafe tucked away in a quiet corner of Thao Dien, centered around a beautiful open courtyard. The design features traditional Korean architectural elements mixed with modern aesthetics, creating a serene and photogenic space. It serves specialty coffee and delicate desserts, offering a peaceful retreat for relaxation and conversation. The calming atmosphere makes it a favorite hidden gem for those escaping the city noise.","Cafe Luia — Minimalist Korean-inspired café built around a quiet open courtyard, serving specialty coffee and delicate desserts in a serene setting.","#food, #cafe, #indoor, #modern, #artistic, #youthful, #morning, #rain, #few_hours, #photo"
496,Rang Rang Coffee - Thao Dien,Mon - Sun: 07:00 - 21:30,https://encrypted-tbn0.gstatic.com/images?q=tbn:ANd9GcTlDW0FcAdU84KL8ehepBHVBQv3mF8tCFPSaw&s,https://maps.app.goo.gl/o5t4nQRQBTw1kHkv7,10.798984315601206,106.73480556445125,4.4,"03-05 Street No. 7, Thao Dien Ward, Thu Duc City, Ho Chi Minh City, Vietnam","Rang Rang Coffee is a specialty coffee shop defined by its sleek, minimalist design and commitment to transparency in coffee sourcing. The glass-walled interior creates a modern, laboratory-like atmosphere where the focus is entirely on the coffee brewing process. They serve high-quality beans roasted in-house, appealing to serious coffee drinkers. It is a stylish spot for a premium caffeine fix and a quiet place to focus.","Rang Rang Coffee — Sleek specialty coffee shop emphasizing transparent sourcing and in-house roasting; modern, glass-walled space for focused coffee tasting.","#food, #drinks, #indoor, #outdoor, #luxury, #vibrant, #evening, #rain, #long_time, #photo"
497,Bakes Thao Dien - French Bakery & Cafe,Mon - Sun: 07:30 - 22:30,https://encrypted-tbn0.gstatic.com/images?q=tbn:ANd9GcSslIlm25lNy5FiO53w4bokqZN-igbAxVkTLQ&s,https://maps.app.goo.gl/uqNjwhJB6yRZSCMD7,10.804021450554055,106.73762352213409,4.7,"16 Thao Dien Street, Thu Duc City, Ho Chi Minh City, Vietnam","Bakes Thao Dien is a creative French patisserie and cafe known for its modern, playful approach to pastries and branding. The three-story building features a distinctive design and offers a range of inventive cakes, viennoiseries, and brunch items. Using high-quality ingredients and French techniques, they create treats that are both visually striking and delicious. It is a trendy destination for brunch, dessert, and enjoying a vibrant, artistic atmosphere.","Bakes Thao Dien — Creative French patisserie across multiple floors offering inventive pastries, viennoiseries and brunch in a trendy, visual-forward space.","#food, #indoor, #modern, #traditional, #moment, #rain, #few_hours, #photo"
498,P'ti Saigon,"Mon - Sun: 11:00 - 14:30, 17:30 - 22:00",https://encrypted-tbn0.gstatic.com/images?q=tbn:ANd9GcQLibFxPjRbZ9DCLcxolUpOMdx6LHNXFWVfXw&s,https://maps.app.goo.gl/oqnGiELhXdodfS7R7,10.804893927158773,106.73583909330516,4.5,"52 Ngo Quang Huy Street, Thao Dien Ward, Thu Duc City, Ho Chi Minh City, Vietnam","P'ti Saigon is a unique culinary concept that combines a fashion venue, a festive bar, and a French fine dining restaurant. The venue brings the lively ""festive dining"" culture of St. Tropez to Saigon, featuring brunch parties, fashion shows, and cabaret entertainment. The menu offers Mediterranean and French provencal cuisine in a stylish, open-air setting. It is the place to be for those looking for a glamorous, high-energy dining and party experience.","P'ti Saigon — Glamorous, festive venue blending fashion, bar and French dining with brunch parties, shows and Provencal-inspired menu for high-energy nights out.","#food, #indoor, #traditional, #cozy, #pleasant, #rain, #few_hours, #moment"
499,Saigon Broken Rice - Thao Dien,Mon - Sun: 07:00 - 15:00,https://encrypted-tbn0.gstatic.com/images?q=tbn:ANd9GcTsOkpTuK_9O7x0i3d4iX147LHbfeoNJtVMGw&s,https://maps.app.goo.gl/mucazCZuT79NZR9L9,10.804560672838345,106.74727699328471,4.4,"21 Vo Truong Toan Street, An Phu Ward, District 2, Ho Chi Minh City, Vietnam","Saigon Broken Rice in Thao Dien offers a modern, clean, and elevated take on the classic Vietnamese street food dish, Com Tam. The restaurant focuses on using premium ingredients and high hygiene standards while maintaining authentic flavors. The setting is comfortable and air-conditioned, providing a more upscale environment than traditional roadside stalls. It is perfect for those who want to enjoy Vietnam's signature rice dish in a refined and consistent setting.","Saigon Broken Rice — Clean, modern take on Com Tam offering premium ingredients and air-conditioned comfort for a refined version of the classic dish.","#indoor, #minimalist, #modern, #quiet, #morning, #rain, #moment, #few_hours, #food"
500,Hue Corner,"Mon - Fri: 09:30 - 22:00, Sat: 07:30 - 22:00, Sun: 07:30 - 15:00",https://encrypted-tbn0.gstatic.com/images?q=tbn:ANd9GcRO5dBrwHMH5vrvYmlt4ZrugmPOTJU2aM5-jA&s,https://maps.app.goo.gl/8XDUprjgVQqMv6Uh6,10.814100142764367,106.72686116444287,4.2,"5 Street No. 40, Thao Dien Ward, Thu Duc City, Ho Chi Minh City, Vietnam","Hue Corner brings the bold, spicy, and regal flavors of Central Vietnam to the Thao Dien neighborhood. The menu features classics like Bun Bo Hue (spicy beef noodle soup), banh beo (steamed rice cakes), and other regional specialties. The restaurant offers a casual, friendly atmosphere where diners can explore the distinct taste profile of Hue cuisine. It is a popular spot for a flavorful and authentic meal that offers a change from standard southern dishes.","Hue Corner — Casual spot specializing in Central Vietnamese flavors (Bun Bo Hue, banh beo) delivering bold, spicy and authentic Hue-style dishes.","#food, #indoor, #modern, #elegant, #pleasant, #rain, #moment, #few_hours, #dating"
501,Moc Chi Shop – Diet Food (DAS • Keto • Low-carb),Mon - Sat: 08:00 - 19:00; Sun: 09:00 - 15:00,https://lh3.googleusercontent.com/gps-cs-s/AG0ilSwDPcv73opeNvLBcT2hDqO2Xyi5YjBpUwF3Cy4k3nWvHx8r9l0_oUei7XzVlzLEYWQFI_YBiIEXt6X6cZRyAYEEdBkxtRA1usQBxFQ-73Pve5EGPeEZtNDwxDQYZniFEe5Komo=w408-h408-k-no,https://maps.app.goo.gl/GSjSf7KK9jaFs2Gs9,10.78690370737556,106.66490842303125,5.0,"Alley 648 Cach Mang Thang Tam Street, Ward 11, District 3, Ho Chi Minh City, Vietnam","Moc Chi Shop is a specialty diet-food kitchen focusing on DAS, keto, and low-carb meal plans. Offering convenient takeaway boxes and fast delivery, the shop caters to customers looking for healthy, calorie-controlled meals with clean ingredients. Operating from a small space inside an alley, it serves busy office workers, dieters, and fitness enthusiasts who want nutritious daily meals without cooking.","Moc Chi Shop is a small kitchen specializing in DAS, keto, and low-carb meals, offering convenient takeaway and fast delivery for busy, health-conscious customers.","#takeaway, #snacks, #indoor, #healthy, #modern, #minimalist, #quiet, #chill, #morning, #evening, #sunny, #cloudy, #windy, #moment, #food"
502,Day Dreams Yugioh Coffee,Sun: 09:00 - 21:00; Mon: Closed; Tue - Sat: 09:00 - 21:00,https://lh3.googleusercontent.com/gps-cs-s/AG0ilSweUtmvMPam-fSYbY9fDhWCKUHr9WlZk5nNfR9q69VEL3qVbZugcfKG-YrcROSZM4X1mvquOmCZdfOd1CT_xNb_xlxTlr3nFnsMUXcwUxvjn756hBG9knWHkqk2TmMrzpIva-Z2WA=w408-h306-k-no,https://maps.app.goo.gl/EPbCdqjjuETDMFNR6,10.787082064809367,106.66505069389902,4.6,"648 Cach Mang Thang Tam Street, Ward 11, District 3, Ho Chi Minh City, Vietnam","Day Dreams Yugioh Coffee is a spacious and stylish café known for its comfortable seating, bright interior, and relaxed atmosphere tailored for card-game lovers, students, and remote workers. The shop offers drinks, snacks, and ample table space suitable for studying, gaming sessions, or casual meetups. With a clean aesthetic and a calm vibe, it’s a popular spot for groups and solo visitors who enjoy spending extended time in a cozy, activity-friendly café environment.","A spacious and stylish café designed for studying, relaxing, and playing card games. Cozy atmosphere with plenty of room for groups or solo guests.","#cafe, #study, #photo, #snacks, #indoor, #modern, #chill, #cozy, #morning, #evening, #sunny, #cloudy, #windy, #few_hours, #long_time"
503,Youx Morning Café,Sun: 09:00 - 18:00; Mon: Closed; Tue - Sat: 09:00 - 18:00,https://lh3.googleusercontent.com/p/AF1QipP_PRh9JNvOXEg3BjUkD99HNOVCu7qTQXKl_iW2=w408-h509-k-no,https://maps.app.goo.gl/jTUFpQ3RtnvG7HzV7,10.786949681238442,106.66502278400762,4.5,"648 Cach Mang Thang Tam Street, Ward 11, District 3, Ho Chi Minh City, Vietnam","Youx Morning is a stylish, aesthetic café featuring elegant décor, floral arrangements, and a calm atmosphere ideal for relaxing, chatting, or enjoying a quiet drink. With a refined interior and soft lighting, the space appeals to those who enjoy a visually pleasing environment for light work, reading, or meeting friends. The café serves drinks, light snacks, and offers both dine-in and takeaway options.","A stylish and aesthetic café with a calm, elegant atmosphere—great for relaxing, working, or enjoying a quiet drink.","#cafe, #photo, #study, #takeaway, #snacks, #indoor, #minimalist, #modern, #chill, #quiet, #cozy, #morning, #evening, #sunny, #cloudy, #windy, #few_hours, #long_time"
504,Bac Hai Broken Rice,Mon - Sun: 16:30 - 00:00,https://lh3.googleusercontent.com/p/AF1QipP6Oj355RfoirRSVVkVN9knOu7TkEH5D6hAtilx=w408-h407-k-no,https://maps.app.goo.gl/kYSYeyobQndu1fxPA,10.786750714101524,106.66518705366077,4.8,"644 Cach Mang Thang Tam Street, Ward 11, District 3, Ho Chi Minh City, Vietnam","Bac Hai Broken Rice is a small local eatery serving classic Vietnamese cơm tấm with grilled pork, fried eggs, pickled vegetables, and flavorful toppings. The shop offers a simple, no-fuss dining space catering to nearby residents, workers, and late-afternoon diners. Known for generous portions and homestyle flavors, it’s a convenient spot for a quick and satisfying meal.",A small local spot serving classic Vietnamese broken rice with generous portions and homestyle flavors.,"#food, #indoor, #streetfood, #traditional, #cheap, #chill, #evening, #sunny, #cloudy, #windy, #moment, #few_hours"
505,Tam Ky 4 Goat Noodle Soup,Mon - Sun: 00:00 - 23:59,https://lh3.googleusercontent.com/gps-cs-s/AG0ilSw2Q1z07dqWKLyUmYMRreWaDLc6KygaHGnYb7CJZwfdajZsG3qCgyQLjtB_Lhn1xvFhQ-1ZfOg1b4brfcuX8RzmCorFddOYag-gxr8sKvaldpLJWlrDNdsrxEevByCgzZWG8wklxsw8fQUT=w426-h240-k-no,https://maps.app.goo.gl/bLcotiHB8ghuweSx8,10.7867021473006,106.66528433957022,5.0,"632 Cach Mang Thang Tam Street, Ward 11, District 3, Ho Chi Minh City, Vietnam","Tam Ky 4 Goat Noodle Soup is a small, local street-food shop specializing in hủ tiếu dê, featuring tender goat meat, aromatic broth, and fresh herbs. The eatery operates in a simple open-air setup with stainless steel tables, attracting nearby residents and workers looking for a flavorful and hearty meal. Affordable, quick, and satisfying, it’s a convenient stop for those craving a distinctive goat-based noodle dish.","A small street-food spot serving flavorful goat noodle soup in a simple, open-air setting.","#food, #outdoor, #streetfood, #traditional, #cheap, #morning, #evening, #sunny, #cloudy, #windy, #moment, #few_hours"
506,Hieu Map Nha Trang Grilled Pork Rolls,Mon - Sun: 17:30 - 01:00,https://lh3.googleusercontent.com/p/AF1QipOAioFIQlILxsNi7FhGDHWYatmCZBfNJ5V0gzWN=w408-h349-k-no,https://maps.app.goo.gl/yZreXENE5PmeBL3w9,10.786734264056241,106.66530188293511,5.0,"632 Cach Mang Thang Tam Street, Ward 11, District 3, Ho Chi Minh City, Vietnam","Hieu Map Nha Trang Grilled Pork Rolls is a small local eatery offering authentic Nha Trang–style nem nướng served with fresh herbs, rice paper, pickled vegetables, vermicelli, and a rich dipping sauce. The shop features a simple, casual setup and mainly attracts nearby residents and night-time diners looking for a flavorful Vietnamese wrap-and-roll meal. With its light yet satisfying dishes, it’s a cozy spot for an informal dinner or late-night cravings.",A small local spot serving authentic Nha Trang grilled pork rolls with fresh herbs and rich dipping sauce.,"#food, #indoor, #streetfood, #traditional, #cheap, #chill, #evening, #late_night, #sunny, #cloudy, #windy, #moment, #few_hours"
507,Ba Sau Claypot Beef Hotpot,Mon - Sun: 16:30 - 22:00,https://tse1.explicit.bing.net/th/id/OIP.TqJSRpSpogKqVnk8o_gnLgHaFj?cb=ucfimg2&ucfimg=1&rs=1&pid=ImgDetMain&o=7&rm=3,https://maps.app.goo.gl/qXCJ9pTgsXdQbD997,10.786586996949866,106.66547891139327,3.6,"604 Cach Mang Thang Tam Street, Ward 11, District 3, Ho Chi Minh City, Vietnam","Ba Sau Claypot Beef Hotpot is a small, local eatery specializing in flavorful beef hotpot served in traditional claypots. With its modest indoor setup and homestyle cooking, the restaurant attracts nearby residents and groups looking for a warm and satisfying dinner. Offering both dine-in and takeaway options, the shop is known for its rich broth, generous ingredients, and affordable pricing.",A small local spot serving hearty claypot beef hotpot with homestyle flavors and affordable prices.,"#food, #takeaway, #indoor, #traditional, #streetfood, #cheap, #evening, #sunny, #cloudy, #windy, #few_hours, #long_time"
508,SamT Korean Food,Mon – Sun: 00:00 – 00:00,https://mercifoods.vn/wp-content/uploads/2022/07/banh-gao-lac-pho-mai.jpg,https://maps.app.goo.gl/K1aPWC1qnKAGH7St5,10.786517280049146,106.66560091750027,5.0,"614 Cach Mang Thang Tam Street, Ward 11, District 3, Ho Chi Minh City, Vietnam","SamT Korean Food is a small Korean eatery serving simple, homestyle Korean dishes at very affordable prices. With its casual indoor seating and friendly service, it’s a convenient spot for quick meals or takeaway, ideal for locals who enjoy familiar Korean flavors.",small Korean eatery offering homestyle dishes at budget-friendly prices.,"#indoor, #traditional, #cheap, #evening, #sunny, #cloudy, #windy, #few_hours, #food"
509,Co Ga – Chicken Hotpot with É Leaf (79K),Mon – Sun: 11:00 – 00:00,https://tse1.explicit.bing.net/th/id/OIP.dFj0CBtkqlbkQpOOIB68MwHaLJ?cb=ucfimg2&ucfimg=1&rs=1&pid=ImgDetMain&o=7&rm=3,https://maps.app.goo.gl/ny5XnuZcR8157bqx7,10.786433264360232,106.66586919696145,3.5,"594 Cach Mang Thang Tam, Ward 11, District 3, Ho Chi Minh City, Vietnam","Co Ga – Chicken Hotpot with É Leaves (79K) is a casual hotpot restaurant in District 3 known for its affordable pricing and simple, fast–dining style. The place serves chicken hotpot flavored with aromatic É leaves, along with typical side dishes suitable for sharing. It has a straightforward indoor space designed for quick meals, small gatherings, and late–night dining. Guests can dine in, take food to go, or order through delivery, making it a convenient stop for both locals and students in the area.","An affordable and casual chicken hotpot spot with É leaves, suitable for small groups and quick meals. Convenient dine-in, takeaway, and delivery options.","#food, #takeaway, #indoor, #streetfood, #cheap, #evening, #sunny, #cloudy, #windy, #few_hours"
510,Singapore Frog Porridge,Mon - Sun: 16:00 - 21:00,https://th.bing.com/th/id/R.18e981a5238ecd6f57309b75d47eaaa4?rik=aDstVa1bru3G9Q&pid=ImgRaw&r=0,https://maps.app.goo.gl/9Lq3wS2TcvA4kauw9,10.787211374338252,106.6651530502866,3.7,"646 Cach Mang Thang Tam Street, Ward 11, District 3, Ho Chi Minh City, Vietnam","Singapore Frog Porridge is a small and humble local eatery serving clay-pot frog dishes paired with hot, flavorful porridge. Known for its affordable and quick dining style, the restaurant attracts nearby workers and locals looking for a comforting evening meal. The seating setup is simple with plastic tables and stools, offering an authentic street-style experience where guests can dine in, take away, or order through delivery. It is a casual spot best for short meals or small group visits.","A small, budget-friendly spot serving Singapore-style frog porridge with a local street-food vibe. Ideal for quick evening meals or takeaway.","#food, #takeaway, #indoor, #streetfood, #cheap, #evening, #sunny, #cloudy, #windy, #moment, #few_hours"
511,Chat Viet Coffee,Mon - Sun: 06:00 - 22:00,https://tse3.mm.bing.net/th/id/OIP.g8O8GgQjJAvStIqT2dSAVwHaJQ?cb=ucfimg2&ucfimg=1&rs=1&pid=ImgDetMain&o=7&rm=3,https://maps.app.goo.gl/nDPDCmgbpscSKSjP9,10.787365648986409,106.66482109575723,4.9,"656/10 Cach Mang Thang Tam Street, Ward 11, District 3, Ho Chi Minh City, Vietnam","Chat Viet Coffee is a local Vietnamese-style café nestled in an alley of District 3, offering a warm and friendly neighborhood atmosphere. The shop serves traditional Vietnamese coffee along with modern drink options at affordable prices. Its cozy indoor space, combined with motorbike-side seating and a casual vibe, makes it a comfortable spot for studying, working, or catching up with friends. With early opening hours and a peaceful setting away from the main street, it’s a convenient café for morning visits, solo time, or relaxing throughout the day.","A cozy Vietnamese-style café hidden in an alley, ideal for studying, working, or casual meetups. Affordable drinks and a calm local atmosphere.","#cafe, #study, #photo, #indoor, #minimalist, #cheap, #quiet, #cozy, #morning, #evening, #sunny, #cloudy, #windy, #moment, #few_hours"
512,Van Coffee,Mon - Sat: 06:00 - 19:30; Sun: 06:00 - 17:00,https://lh3.googleusercontent.com/gps-cs-s/AG0ilSyIZkeO5iJeSjwJPapubMfq5fnLPpInuM3PzprepO1CekrW3izKm_D1a-KHpr8o3cX7Zwr1sYo0XLy6hcGiIS__fMEn_k47qH95VX3A6RRZ5o0HOTN8117hSM7sv6HdFhPTZ23TUQGb27Fv=w408-h484-k-no,https://maps.app.goo.gl/qLcPHugXE28WYBVs8,10.78746708917092,106.66487742214352,4.5,"656/16 Cach Mang Thang Tam Street, Ward 11, District 3, Ho Chi Minh City, Vietnam","Van Coffee is a small neighborhood café located inside an alley of District 3, offering simple Vietnamese-style drinks at affordable prices. The shop focuses on take-away beverages like coffee, milk tea, and fruit tea, while still providing a few seats for quick in-place enjoyment. With its early opening hours, casual setup, and friendly local vibe, the café serves students, workers, and nearby residents looking for a convenient morning drink or an afternoon refreshment. It’s a practical spot for short visits, grab-and-go orders, or a brief relaxing break during the day.","A small alley café serving affordable Vietnamese drinks, ideal for quick visits or takeaway. Simple, friendly, and convenient for a morning or afternoon stop.","#cafe, #takeaway, #photo, #indoor, #minimalist, #cheap, #quiet, #cozy, #morning, #sunny, #cloudy, #windy, #moment"
513,Trang Nghi Beef Noodle Soup,Mon - Sun: 06:00 - 10:30,https://2.bp.blogspot.com/-nFuv3UpgtWo/VqqjDfKAEzI/AAAAAAAAGCw/25w2zgICDHM/s1600/IMG_6621.CR2.jpg,https://maps.app.goo.gl/x4QjQpErj66P42gLA,10.787661500242669,106.66503641395373,0,"656/28 Cach Mang Thang Tam Street, Ward 11, District 3, Ho Chi Minh City, Vietnam","Trang Nghi Beef Noodle Soup is a small local eatery hidden inside an alley of District 3, serving traditional Vietnamese bún bò in a casual street-style setup. The shop features simple plastic tables and chairs, offering a quick and comforting breakfast for residents, workers, and passersby. With early opening hours and a warm neighborhood feel, it is a convenient spot for a morning meal, takeaway orders, or a brief stop before starting the day. The atmosphere is lively during peak breakfast time but remains friendly and approachable.","A small alley eatery serving traditional bún bò, perfect for a quick and comforting breakfast. Local, simple, and convenient for morning meals or takeaway.","#takeaway, #snacks, #indoor, #streetfood, #cheap, #morning, #sunny, #cloudy, #windy, #moment"
514,Pilto Milktea – Cach Mang Thang Tam,Mon - Sun: 00:00 - 00:00,https://lh3.googleusercontent.com/p/AF1QipMqNoVn7Sv_OPEwPIPHU4yWYIuWGlyk7wEg7x2s=w408-h544-k-no,https://maps.app.goo.gl/NiUBFkKb16P7z2Kj6,10.787868737301793,106.66526038999797,3.8,"656/40 Cach Mang Thang Tam Street, Ward 9, District 3, Ho Chi Minh City, Vietnam","Pilto Milktea – Cach Mang Thang Tam is a small and cozy milk tea shop located inside an alley of District 3, offering a bright wooden-themed interior with a warm and inviting feel. The shop focuses on popular milk tea drinks, fruit teas, and light refreshments, making it a casual spot for young customers, students, or anyone looking for a sweet treat. With indoor seating, outdoor umbrellas, and a friendly atmosphere, it's suitable for short meetups, studying sessions, or enjoying a relaxing break. Takeaway and roadside pickup are also available, making it convenient for quick stops.","A cozy wooden-style milk tea shop offering sweet drinks and a friendly atmosphere. Great for short visits, meetups, or takeaway","#cafe, #food, #takeaway, #indoor, #minimalist, #modern, #cozy, #chill, #evening, #sunny, #cloudy, #windy, #moment, #few_hours"
515,MAY Spicy Chicken Feet – Spicy Snails,Mon - Sun: 08:00 - 22:00,https://lh3.googleusercontent.com/p/AF1QipN8xNV_E4s8AHLd7JIFcmHfpMeitChepx4HOIMU=w408-h408-k-no,https://maps.app.goo.gl/gyikRLTQ62nxNSUi6,10.787930655236986,106.66530196423544,5.0,"656/56 Cach Mang Thang Tam Street, Ward 11, District 3, Ho Chi Minh City, Vietnam","MAY Spicy Chicken Feet – Spicy Snails is a small street-style seafood eatery in District 3 specializing in bold, spicy dishes like chicken feet, snails, and other quick savory snacks. With its casual setup, customers can dine in, buy directly from the roadside counter, or order through delivery. The spot caters mainly to young locals who enjoy strong flavors and light afternoon–evening bites. Its lively, approachable atmosphere makes it a convenient and tasty stop for a quick snack session or small group hangout.","A casual spot offering spicy chicken feet and snails with strong flavors. Ideal for quick snacks, groups of friends, or takeaway orders.","#snacks, #takeaway, #indoor, #streetfood, #cheap, #vibrant, #evening, #sunny, #cloudy, #windy, #moment, #few_hours"
516,Teo Con Snacks,Mon - Sun: 16:00 - 23:00,https://lh3.googleusercontent.com/p/AF1QipNMr2l4XlyG-MOxQVYtQwV6Hz7sf7y6PajWSIi_=w408-h544-k-no,https://maps.app.goo.gl/i9rX1CahUXjf8Eo17,10.788417497471642,106.66524909313648,0,"19 Cach Mang Thang Tam Street, Ward 11, Tan Binh District, Ho Chi Minh City, Vietnam","Teo Con Snacks is a popular street-style snack spot offering a variety of affordable Vietnamese treats such as spicy noodles, fried dishes, and savory toppings. With an informal and lively setup, it attracts students and young locals looking for flavorful late-afternoon or evening bites. Guests can dine in, take away, or order delivery, making it a flexible choice for quick meals or casual hangouts. The atmosphere is energetic during peak hours, giving it a fun and youthful vibe typical of local snack shops.","A lively snack shop serving affordable Vietnamese street-style treats. Great for quick bites, casual hangouts, and takeaway.","#snacks, #takeaway, #indoor, #streetfood, #cheap, #vibrant, #evening, #sunny, #cloudy, #windy, #moment, #few_hours"
517,Ngoc Dang Vegetarian Restaurant,"Tue - Sat: 07:00 - 20:00, Sun - Mon: Closed",https://lh3.googleusercontent.com/gps-cs-s/AG0ilSxZqr0v778jrj5ebMfTthx62Ni8MTjJr385eEwe7SC_FM5TYIWgXNRA53TlgFT6MCOnl4eecDPZyQ1RcVEuFOGgIy2vBW_rwBody6T8k9dgdoRaafYMnOJ7Kjc3ms8utxBhyU_A=w426-h240-k-no,https://maps.app.goo.gl/NYN3XTB6emaX4aFH7,10.789022090990102,106.6654494306622,4.6,"686/72/33 Cach Mang Thang Tam Street, Ward 11, District 3, Ho Chi Minh City, Vietnam","Ngoc Dang Vegetarian Restaurant is a peaceful and friendly vegetarian spot located inside an alley of District 3. With its greenery-filled entrance, simple wooden tables, and airy indoor space, the restaurant creates a calm and wholesome atmosphere suitable for mindful eating. It offers a variety of Vietnamese vegetarian dishes, focusing on clean flavors and healthy ingredients. Guests can dine in or take away, making it a convenient option for workers, nearby residents, and those seeking a light, nutritious meal during the day.","A calm and cozy vegetarian restaurant offering clean, healthy Vietnamese dishes. Great for a peaceful meal or a quick takeaway.","#takeaway, #indoor, #minimalist, #healthy, #quiet, #cozy, #morning, #evening, #sunny, #cloudy, #windy, #few_hours, #food"
518,Chicken Rice Noodle Soup,Mon - Sun: 18:00 - 21:00,https://lh3.googleusercontent.com/gps-cs-s/AG0ilSwFjVFv-al0k04Xi9mdTdgvNmDQ4mZCfRChKrct0E6bmS_ydfDp3ZfW74WH_PifRjHCrvjzzJatgOPBejn4zvAcC1RK9kySyNyoZQqtzgkrYbkiIo0IyD9kJeM9-O-aLdTxtHwo=w408-h544-k-no,https://maps.app.goo.gl/Cg4Dm4KPEtRLLRsVA,10.787662410781047,106.6655845272947,4.3,"686/17/15 Cach Mang Thang Tam Street, Ward 5, Tan Binh District, Ward 11, District 3, Ho Chi Minh City, Vietnam","This small family-style eatery serves comforting chicken rice noodle soup in a simple, homely setting. Popular among nearby residents, the shop focuses on warm, flavorful broth and tender chicken, offering a quick and satisfying evening meal. With very limited seating and a casual setup, it suits customers looking for a fast dinner, takeaway option, or a light noodle dish after work.","A humble local spot serving warm chicken noodle soup, ideal for a quick and simple dinner. Affordable, friendly, and convenient for takeaway.","#takeaway, #indoor, #streetfood, #cheap, #evening, #sunny, #cloudy, #windy, #moment"
519,Chi Men Chicken Rice Noodle Soup,Mon - Sun: 18:00 - 23:30,https://lh3.googleusercontent.com/gps-cs-s/AG0ilSxrASSoEiVG1CYl_yP-H6Ltgs3NGwN9y6u4aIpHlVSx3q0IhE9aKAq6N2FJmjgJe7iP94761x31PEsWtmsG7QFlC2rfgXHIyUd459pxcOWydizKUdW3_jA62D19rL3pC8hi9_k=w408-h265-k-no,https://maps.app.goo.gl/PUGCPQcVZM9C5hZ37,10.787644625827657,106.66566298190416,4.4,"648/28 Cach Mang Thang Tam Street, Ward 11, District 3, Ho Chi Minh City, Vietnam","Chi Men Chicken Rice Noodle Soup is a well-known late-evening eatery located in an alley of District 3, offering generous portions of chicken, flavorful broth, and a comforting bowl of traditional Vietnamese hủ tiếu gà. The shop has a casual, street-style setup with plastic tables and stools, attracting locals looking for a hearty dinner or a convenient meal on the go. Guests can dine in or order directly from the roadside setup, creating a familiar and lively neighborhood atmosphere.",A popular local spot serving hearty chicken noodle soup in a casual street-style setting. Great for a quick dinner or takeaway.,"#takeaway, #indoor, #streetfood, #cheap, #evening, #sunny, #cloudy, #windy, #moment"
520,Co Lien Beef Hotpot,Mon - Sun: 11:00 - 00:00,https://toplist.vn/images/800px/lau-bo-co-lien-1230616.jpg,https://maps.app.goo.gl/cyBgT259fz23YQUr5,10.788223003451142,106.6664149389711,4.4,"656/112 Cach Mang Thang Tam Street, Ward 11, District 3, Ho Chi Minh City, Vietnam","Co Lien Beef Hotpot is a popular neighborhood hotpot spot hidden inside an alley of District 3. Known for its flavorful broth, generous beef portions, and affordable pricing, the restaurant attracts groups of friends, families, and late-night diners. The setting is casual with outdoor-style seating, stainless-steel pots, and a lively, bustling atmosphere. Guests can dine in, take away, or order delivery, making it a flexible option for both planned gatherings and spontaneous meals.","A lively and affordable beef hotpot spot popular with locals. Great for groups, casual meals, and late-night dining.","#snacks, #takeaway, #indoor, #streetfood, #cheap, #vibrant, #evening, #late_night, #sunny, #cloudy, #windy, #few_hours, #long_time"
521,Thien Kim Beef Hotpot – District 3,Mon - Sun: 15:00 - 23:00,https://static.riviu.co/image/2020/09/09/ec9f664e9a434a4cb0926f4e2703af7b.jpg,https://maps.app.goo.gl/6TpKcwGK22jgD6pH7,10.787793811655702,106.66696079221742,4.2,"552–588 F1 Lot F, Cach Mang Thang Tam Street, Ward 11, District 3, Ho Chi Minh City, Vietnam","Thien Kim Beef Hotpot – District 3 is a well-known hotpot restaurant offering rich broth, flavorful beef cuts, and a wide selection of vegetables and sides. The restaurant is spacious with casual indoor and semi-outdoor seating, making it a popular choice for families, large groups, and after-work dinners. Known for its strong flavors and generous portions, the place often becomes lively during peak hours, creating a friendly and energetic dining atmosphere. Dine-in, takeaway, and delivery are available for customers seeking flexibility.","A popular beef hotpot restaurant with rich flavors and spacious seating. Ideal for family meals, group gatherings, and evening hangouts.","#snacks, #takeaway, #indoor, #streetfood, #vibrant, #evening, #sunny, #cloudy, #windy, #few_hours, #long_time"
522,Bo’ Cafe & Drinks,Mon - Thu: 07:00 - 23:00; Fri: 07:00 - 21:00; Sat - Sun: 07:00 - 23:00,https://lh3.googleusercontent.com/gps-cs-s/AG0ilSyn3dmBeNw5bfPrpBsaNOwYLrlG0_ZoxH6QKB3T3DBWWfzEmtm990UiyBe35kyAQDTGtWUqHz1ITlBcopGc181ucsqJlnD1QFxFMGUvpSfEBIaeIuw7QhQqj_T_IbOisUMrUYs=w408-h544-k-no,https://maps.app.goo.gl/GKwVhaQTidKWXoPB7,10.787397212684725,106.6663918405409,4.8,"590/8 Cach Mang Thang Tam Street, Ward 11, District 3, Ho Chi Minh City, Vietnam","Bo’ Cafe & Drinks is a casual and vibrant street-style café offering Vietnamese coffee, fruit drinks, and quick refreshments. Located on a lively alley corner, the café has counter seating, stools, and an open-air feel, making it a popular stop for locals throughout the day. With affordable prices and a friendly, energetic vibe, it’s a convenient place for morning coffee, afternoon breaks, or late-evening meetups. Customers can sit on-site, grab drinks directly from the roadside counter, or order takeaway.","A lively street-style café serving affordable drinks with an open, casual atmosphere. Great for quick coffee stops or relaxed hangouts.","#cafe, #takeaway, #photo, #indoor, #streetfood, #minimalist, #vibrant, #morning, #evening, #sunny, #cloudy, #windy, #moment, #few_hours"
523,Thep Coffee,Mon - Sun: 08:00 - 21:00,https://lh3.googleusercontent.com/gps-cs-s/AG0ilSz0CeTFSx6XW2Nh4jD8Ah52O5v35P8TiIWIfVg6--dHuFLocrAHNiNQ3CFWy5lyB0JqdvR5vd0iSKZZSruyE5SS3cICKkhMOTQe7I31yqT2pzvprHRS5GQPH1FZLfNpJSETQfI-wA=w426-h240-k-no,https://maps.app.goo.gl/TXnEGFguy1XNpLzh9,10.787317509667124,106.66632880862788,3.9,"590/13 Cach Mang Thang Tam Street, Ward 11, District 3, Ho Chi Minh City, Vietnam","Thep Coffee is a casual street-style café located along a quiet alley in District 3. With open-front seating, wooden furniture, and a relaxed, airy atmosphere, the café attracts locals who enjoy Vietnamese coffee in a simple, approachable setting. It’s suitable for morning coffee, light work sessions, or calm afternoon breaks. Affordable prices and a neighborhood feel make it a convenient stop for both regulars and passersby looking for a peaceful place to sit and relax.","A simple, airy street-style café offering Vietnamese coffee in a relaxed atmosphere. Great for quiet mornings or casual afternoon breaks.","#cafe, #photo, #indoor, #minimalist, #chill, #cozy, #morning, #evening, #sunny, #cloudy, #windy, #few_hours, #moment"
524,Hai Nam Steak,Mon - Sun: 06:00 - 14:00,https://tse3.mm.bing.net/th/id/OIP.oNfqTZwtcqz89Cc3ecN7cQHaHa?cb=ucfimg2&ucfimg=1&rs=1&pid=ImgDetMain&o=7&rm=3,https://maps.app.goo.gl/mJkEaozadV4RW6iX7,10.787258226416792,106.66631807978814,4.5,"Cach Mang Thang Tam Street, Ward 11, District 3, Ho Chi Minh City, Vietnam","Hai Nam Steak is a small, local-style eatery serving Vietnamese beef steak with bread, eggs, pâté, and classic toppings. The restaurant has a modest and familiar setup with simple tables and chairs, creating a casual atmosphere suitable for quick morning or lunchtime meals. Known for its affordable pricing and hearty portions, it attracts neighborhood residents, workers, and students looking for a satisfying breakfast or lunch. Dine-in and takeaway options are available.",A modest local eatery serving affordable Vietnamese-style beef steak. Ideal for a quick breakfast or lunch.,"#takeaway, #indoor, #streetfood, #cheap, #morning, #sunny, #cloudy, #windy, #moment, #few_hours"
525,Hung Minh Goat Hotpot,Mon - Sun: 10:30 - 23:30,https://lh3.googleusercontent.com/gps-cs-s/AG0ilSz0PLhl-2NDr364Mem05lOaCHb2Rqt_0YvLnXLoedfSwP1obt7Sw1PPnQ2dcw5AqMwHL37qz-_O4D-TgbPppLTL5dXTGR3OeykNSKT-VT2-893TvcOOxdQ598EDjhd4zJbAQPKVKg=w506-h240-k-no,https://maps.app.goo.gl/vzFUXib6zV1VgepB9,10.78713768377097,106.6662154852886,4.2,"QMP8+VF4, Alley 590 Cach Mang Thang Tam Street, Ward 11, District 3, Ho Chi Minh City, Vietnam","Hung Minh Goat Hotpot is a lively street-style restaurant specializing in goat hotpot, offering flavorful broth, tender meat, and a variety of vegetables and dipping sauces. With its open-air, plastic-table setup along a spacious alley, the eatery attracts groups of friends and families looking for an affordable yet satisfying meal. The atmosphere becomes energetic in the evening as diners gather for hearty food, drinks, and casual conversations. Both dine-in and takeaway options are available, making it a convenient choice for lunch or late-night dining.","A lively street-style goat hotpot spot with hearty flavors and spacious seating. Perfect for groups, casual meals, and late-night hangouts.","#snacks, #takeaway, #indoor, #streetfood, #vibrant, #evening, #late_night, #sunny, #cloudy, #windy, #few_hours, #long_time "
526,Thanh Hoai Kebab Banh Mi,Mon - Sun: 06:00 - 14:00,https://tse1.mm.bing.net/th/id/OIP.fgwgcKbqv4sDixCh8b7QsQHaEo?cb=ucfimg2&ucfimg=1&rs=1&pid=ImgDetMain&o=7&rm=3,https://maps.app.goo.gl/MU1sNKi2MRc2GRZD9,10.78705271105646,106.6661886632014,5.0,"QMP8+RF8, Alley 590 Cach Mang Thang Tam Street, Ward 11, District 3, Ho Chi Minh City, Vietnam","Thanh Hoai Kebab Banh Mi is a small roadside food stall serving Vietnamese-style kebab banh mi with flavorful grilled meat, fresh vegetables, and rich sauces. Located along a busy alley, the stall attracts locals looking for a quick and tasty breakfast or lunch. With its fast service and affordable pricing, customers often grab takeaway orders, though there are a few plastic stools for in-place dining. The stall is known for convenience, strong flavors, and the familiar street-food charm typical of Saigon mornings.","A small street-food stall serving flavorful kebab banh mi, perfect for quick breakfast or lunch. Affordable, fast, and convenient for takeaway.","#takeaway, #indoor, #streetfood, #cheap, #morning, #sunny, #cloudy, #windy, #moment"
527,龙宫预订协助处 微信 DGVNmaster,Mon - Sun: 09:00 - 05:00,https://lh3.googleusercontent.com/p/AF1QipNjevgsnKHHlZ3NjVj9Ahq30uqhgH8EHR1V2gJb=w426-h240-k-no,https://maps.app.goo.gl/R38dGU7FKaQxwxfaA,10.786902820932502,106.66761637826724,5.0,"540 Cach Mang Thang Tam Street, Ward 11, District 3, Ho Chi Minh City, Vietnam","This location provides booking and coordination services for a private villa space commonly used for pool parties, group gatherings, and wellness activities. The venue features a stylish swimming pool, relaxing lounge areas, greenery, and a comfortable indoor environment suitable for both entertainment and relaxation. Guests often book the place for private parties, celebrations, or group events, with options like massage services and party arrangements. The atmosphere is modern, exclusive, and ideal for groups seeking a private, enjoyable, and high-quality experience.","A private villa space ideal for pool parties, group events, and relaxation. Modern, exclusive, and perfect for fun gatherings.","#entertainment, #photo, #drinks, #indoor, #luxury, #modern, #vibrant, #romantic, #chill, #evening, #late_night, #sunny, #cloudy, #windy, #few_hours, #long_time "
528,Wind Cafe – 590 CMT8,Mon - Sun: 06:00 - 21:00,https://lh3.googleusercontent.com/gps-cs-s/AG0ilSzQ84Pb6l4aG0dgrezodai3ccjN3ue1yJj1QEtOjVPuLarlIWl_Z2W-1-Frag48pwZTQFW9KQzpVf5311E6Z4kJLiwfbrWu4eWFhETxrXM9_BLMFHwpwS-WvHRpTaD9Emb_Mq_P=w408-h306-k-no,https://maps.app.goo.gl/2x3HEypZQszr1sic9,10.786607492046729,106.66640966438527,4.3,"462KT187, 590 Cach Mang Thang Tam Street, Ward 11, District 3, Ho Chi Minh City, Vietnam","Wind Cafe – 590 CMT8 is a quiet, aquarium-themed café featuring multiple fish tanks that create a relaxing and refreshing atmosphere. With its compact indoor seating and calm vibe, the café is suitable for guests looking to unwind, read, or enjoy a peaceful drink. The unique aquatic décor makes the space visually appealing and cozy, attracting those who prefer intimate, low-noise cafés. It’s a comfortable choice for morning coffee, afternoon breaks, or light study sessions.","A cozy aquarium-themed café with a calm, relaxing atmosphere. Ideal for quiet mornings, studying, or unwinding.","#cafe, #photo, #study, #indoor, #minimalist, #quiet, #cozy, #morning, #evening, #sunny, #cloudy, #windy, #few_hours, #moment "
529,Bon Mua Beef Hotpot,Mon - Sun: 15:00 - 01:00,https://lh3.googleusercontent.com/gps-cs-s/AG0ilSwSsFkglWvHNCB5WUTEk0T13kEhTvaICx-dTMFRqdB2H30zuSR08VQ6xUf1gh5NpQqCqFeYe1auXRd6qe5OCS5URblUr7a4v4NigCaQhM0-lkAFpzZ9A5zT9SN3wCUCg0qjvcAjLQ=w408-h544-k-no,https://maps.app.goo.gl/Z1TEVD8qw7bgUYPTA,10.786447821480406,106.66583011007393,3.9,"594A Cach Mang Thang Tam Street, Ward 11, District 3, Ho Chi Minh City, Vietnam","Bon Mua Beef Hotpot is a bustling street-style hotpot restaurant located along Cach Mang Thang Tam Street. Known for its affordable pricing, flavorful broth, and large portions, the place draws in big groups, young diners, and late-night customers. Seating spills out onto the sidewalk with plastic chairs and metal tables, giving it a lively, energetic, and familiar Saigon street-food atmosphere. The restaurant is especially busy from evening until after midnight, making it a popular spot for casual gatherings, drinking sessions, and hearty shared meals.","A lively street-style beef hotpot spot packed with locals. Great for groups, casual nightlife meals, and late-night hangouts.","#snacks, #takeaway, #indoor, #streetfood, #vibrant, #evening, #late_night, #sunny, #cloudy, #windy, #few_hours, #long_time "
530,Hanh Beef Hotpot,Mon - Sun: 00:00 - 23:59,https://lh3.googleusercontent.com/gps-cs-s/AG0ilSwAXpSOQPsVDk8Ul4M5NEmsQNi2C-weoFttL0b-JvNk5naIhqznt7nNxAxPw26dQ9tc5XhQWn4xPEiPZRkxhcI3BY9poM-vH86JJ8qcsecXNgj7RSTg6qyatHu8TEXnZkYkEbOcEibhfl8p=w408-h544-k-no,https://maps.app.goo.gl/7igu87DvZ9RGLJf6A,10.786366142096165,106.66590118861401,4.6,"Hem 590 Cach Mang Thang Tam Street, Ward 11, District 3, Ho Chi Minh City, Vietnam","Hanh Beef Hotpot is a popular alley-side hotpot restaurant known for its flavorful broth, fresh beef slices, and handmade noodles. The place has a lively yet friendly atmosphere with simple seating and a familiar street-food feel. It attracts groups of friends, families, and local diners who enjoy hearty, affordable meals. With options for dine-in, takeaway, and delivery, the restaurant is convenient for both planned gatherings and casual hotpot cravings.","A well-loved beef hotpot spot with rich flavors and a friendly street-food vibe. Great for groups and casual, hearty meals.","#snacks, #takeaway, #indoor, #streetfood, #vibrant, #evening, #sunny, #cloudy, #windy, #few_hours, #long_time "
531,Crab Sticky Rice 2,Mon - Sun: 00:00 - 23:59,https://lh3.googleusercontent.com/gps-cs-s/AG0ilSxg-QUv-ywjW6k1X4Af-rTLZLshEWPtb7xmcSodcU9HQsnih8IZMGcZlXHGSPXx-wuKNi-09f9BIdaLyFZ_cAMNWHSRoB1giMR6GCL27JuCDq7pz1uKn1ptuEhfpFY2Ywm9noxlJg=w408-h543-k-no,https://maps.app.goo.gl/C3KuNhZRp4YHC1t89,10.789304204550364,106.66650719939938,5.0,"1119 Hoang Sa Street, Ward 11, District 3, Ho Chi Minh City, Vietnam","Crab Sticky Rice 2 is a small eatery serving flavorful sticky rice topped with seasoned crab, crispy shallots, and rich toppings. Known for its strong seafood flavor and generous portions, the shop offers both dine-in and takeaway options. The setting is simple and street-side, attracting locals looking for a quick, affordable, and delicious meal. It’s a popular choice for those craving savory street food with a unique twist.","A street-style spot serving rich, flavorful crab sticky rice. Simple, tasty, and perfect for a quick meal.","#takeaway, #snacks, #indoor, #streetfood, #cheap, #morning, #evening, #sunny, #cloudy, #windy, #moment, #few_hours "
532,Hie Juice Bar,Mon - Sun: 11:00 - 23:00,https://lh3.googleusercontent.com/p/AF1QipM-0uSKGIlhmGTZ9-vX-0FFjeP3JO2KmulJq9Lz=w408-h306-k-no,https://maps.app.goo.gl/VNAavWYik3XKAr428,10.789275221821068,106.66652061044374,0,"1121 Hoang Sa Street, Ward 11, Ho Chi Minh City, Vietnam","Hie Juice Bar is a small street-side juice and smoothie shop located along Hoang Sa Street. The store offers a wide variety of fresh fruit juices, smoothies, and detox drinks at affordable prices. With its simple setup, quick service, and convenient grab-and-go counter, it attracts students, office workers, and locals looking for a refreshing drink throughout the day. The atmosphere is casual and friendly, making it a reliable spot for light, healthy refreshments.","A small juice bar offering fresh, affordable fruit drinks with fast service. Ideal for a quick, refreshing stop.","#drinks, #takeaway, #snacks, #indoor, #minimalist, #cheap, #cozy, #morning, #evening, #sunny, #cloudy, #windy, #moment, #healthy, #bar"
533,Yabai-Ten Ramen,Mon - Sun: 19:00 - 23:00,https://soranews24.com/wp-content/uploads/sites/3/2024/07/Yabai-ramen-restaurant-worst-noodles-Japan-menu-food-news-8.jpg,https://maps.app.goo.gl/28wGP5vtx7TeEnQD8,10.789189591012136,106.66667617856353,4.9,"1119 Hoang Sa Street, Tan Binh Ward, District 3, Ho Chi Minh City, Vietnam","Yabai-Ten Ramen is a cozy Japanese ramen bar known for its authentic flavors, warm atmosphere, and intimate seating. With a compact dining space and counter-style arrangement, the restaurant delivers a traditional Japanese ramen experience right along Hoang Sa Street. Guests enjoy rich broth, handmade toppings, and comforting dishes, making it a favorite late-evening spot for those seeking hearty, flavorful meals. The ambiance is calm, slightly rustic, and ideal for both solo diners and small groups.","A cozy Japanese ramen bar with authentic flavors and a warm, intimate atmosphere. Perfect for late-evening comfort meals.","#takeaway, #indoor, #minimalist, #traditional, #cozy, #quiet, #evening, #sunny, #cloudy, #windy, #few_hours "
534,GUTA Cafe – 1115 Hoang Sa,Mon - Sun: 06:00 - 22:00,https://lh3.googleusercontent.com/gps-cs-s/AG0ilSwiqmRRqM0Cele20nYrpxqJ2YIRrwfhNTE7Fp42R4ZweaTfZ1H73pIf622CtuffQTb1SI9ssjqobzq1Ev76MuEgy84TFnj8k4c7qT0l1nZ_7NDtgaQ_e1wsW-YSXjPrfx9l1fxspg=w408-h544-k-no,https://maps.app.goo.gl/3Jrz8s2p9LCFqFN86,10.788397504871213,106.6683713346647,2.7,"1115 Hoang Sa Street, Ward 11, District 3, Ho Chi Minh City, Vietnam","GUTA Cafe – 1115 Hoang Sa is a casual street-side café offering affordable Vietnamese coffee and quick drinks. With simple seating facing the riverside road, the café attracts locals looking for a convenient stop to grab a drink, rest, or chat while watching the street traffic. The atmosphere is lively and familiar, making it a common choice for morning coffee routines, afternoon breaks, or casual meetups. Its fast service and accessible location make it a practical option for everyday caffeine needs.","A simple, affordable street-side café ideal for quick drinks and casual meetups. Lively, familiar, and convenient for daily coffee stops.","#cafe, #drinks, #takeaway, #outdoor, #minimalist, #cheap, #chill, #morning, #evening, #sunny, #cloudy, #windy, #moment, #few_hours "
535,Hung Phuoc Pagoda,Mon - Sun: 06:00 - 20:00,https://lh3.googleusercontent.com/gps-cs-s/AG0ilSwVkWeu8fhUbnk4WB8-Q6mhCpfUpNsNDOCMrf2ADMbAtQlygi1NNpQU7IeJNlLwCfBnGxxxTjqBxH4UC4zhxaAbepbS6IIzKVooTDDbG0jndvXurVzeGiDmybl_3zTA8oTNZ-GZ=w408-h306-k-no,https://maps.app.goo.gl/qwHHmS5AGFQN364K6,10.78655950236595,106.66791757638548,4.7,"540/23 Cach Mang Thang Tam Street, Ward 11, District 3, Ho Chi Minh City, Vietnam","Hung Phuoc Pagoda is a traditional Vietnamese Buddhist temple offering a peaceful and spiritual environment for worshippers and visitors. With classic architectural elements, altars, and a calm courtyard, the pagoda provides a reflective atmosphere ideal for praying, meditation, and cultural appreciation. It is frequently visited by locals seeking tranquility, guidance, or a quiet space away from the city’s busy streets.","A peaceful Vietnamese Buddhist temple ideal for prayer, meditation, and cultural visits. Calm, traditional, and spiritually grounding.","#photo, #indoor, #traditional, #culture, #quiet, #cozy, #morning, #evening, #sunny, #cloudy, #windy, #few_hours, #moment"
536,Tram Ham BBQ – District 3,Mon - Sun: 17:00 - 23:00,https://seamanbeer.vn/wp-content/uploads/2024/09/nha-hang-tram-ham.png,https://maps.app.goo.gl/wNzMjKMgFcUjuFSX7,10.786412485445265, 106.66754795059975,4.8,"540/17 Cach Mang Thang Tam Street, Ward 11, District 3, Ho Chi Minh City, Vietnam","Tram Ham BBQ – District 3 is a stylish grilled-dining restaurant featuring a warm rustic atmosphere with wooden tables, candle lighting, and a cozy outdoor-inspired setup. The restaurant is known for its flavorful grilled skewers, curated plating, and signature drinks, creating a refined yet relaxed dining experience. It’s a popular choice for couples, small groups, and friends looking for an aesthetically pleasing, intimate place to enjoy dinner. The vibe is romantic, artistic, and slightly upscale, making it ideal for special nights out.","A rustic, cozy BBQ restaurant with candle-lit ambiance and beautifully presented dishes. Perfect for dates and intimate evening dinners.","#drinks, #indoor, #vintage, #romantic, #cozy, #chill, #evening, #sunny, #cloudy, #windy, #few_hours, #long_time, #food"
537,On the Rooftop Café,Mon - Sun: 07:30 - 23:30,https://lh3.googleusercontent.com/gps-cs-s/AG0ilSwEH7h7d_qfOzoLdcDakamzYbPo5JrbALm4fSZiWjX6FUXqMuMHDK_ZEG5vEsqSYKDMNJ_mhc5hYwjXvN52dUSCfaYCiO3gi7DGWOVTvB8QfafLwu03GHcac1w4gXv8qGdqPCFjmA=w426-h240-k-no,https://maps.app.goo.gl/dxMhjBdgWsQa3N8T6,10.786372304456416,106.66751710519611,4.6,"540/17 Cach Mang Thang Tam Street, Ward 11, District 3, Ho Chi Minh City, Vietnam","On the Rooftop Café is a spacious and nature-inspired rooftop coffee shop offering open-air seating with greenery, wooden décor, and relaxed ambient lighting. The café is popular for its scenic city views, airy atmosphere, and cozy spots perfect for reading, working, or hanging out with friends. With a strong aesthetic appeal and a comfortable layout, it attracts both casual visitors and photography lovers. Its long operating hours make it suitable for morning coffee, sunset sessions, or late-evening relaxation.","A spacious rooftop café with greenery, open-air seating, and a chill aesthetic. Perfect for photos, relaxing, and enjoying the breeze.","#cafe, #photo, #study, #rooftop, #minimalist, #chill, #cozy, #morning, #evening, #sunset, #sunny, #cloudy, #windy, #few_hours, #long_time "
538,Chi Hai – Office Lunch & Smoothies,Mon - Sun: 07:30 - 16:30,https://lh3.googleusercontent.com/gps-cs-s/AG0ilSzy6e3l8dH47e1ExOZcL-2ITw-u5Ba3Ne8zDH12jBCKJt_xzuWcEru7YajxYF4DLVjVJHDWb1WNWVLB7WTimO4AKTBeGLctExdBRZLzDqkKxM3SGtTDCZk2UzvEc8Qxs9YQzC8G=w408-h306-k-no,https://maps.app.goo.gl/EfaUEwyCxN5NVu9w7,10.786288338920473,106.66746508329368,5.0,"540/9 Cach Mang Thang Tam Street, Ward 11, District 3, Ho Chi Minh City, Vietnam","Chi Hai Office Lunch & Smoothies is a small, local eatery serving affordable Vietnamese office-style lunch dishes along with fresh smoothies and juices. The restaurant offers simple indoor seating and quick service, attracting nearby workers and residents during breakfast and lunch hours. Its homemade flavors and straightforward setup give it a familiar, neighborhood feel. The spot is ideal for those seeking a convenient, budget-friendly meal or a refreshing drink during the day.","A simple local eatery offering office-style lunch dishes and fresh smoothies. Affordable, quick, and ideal for daytime meals.","#drinks, #takeaway, #indoor, #cheap, #minimalist, #morning, #sunny, #cloudy, #windy, #moment, #few_hours, #healthy"
539,Trang Nguyen Coffee,Mon – Sun: 06:00 – 21:00,https://lh3.googleusercontent.com/gps-cs-s/AG0ilSw69XfebWHFqWE0BxOsN5PqKUJJKv7ZSzpqqPIHJOTqbgGT4S-emYl6rx0KEtOSP0YuBkre_mclsPun37alLMYJYJ0aE0NZ4xo5WryZYGtChd81QIZIOx9RvZtW1yaX82I96h3D=w408-h544-k-no,https://maps.app.goo.gl/WQCjRaVfzzNatYN96,10.786063720438417,106.66747715323366,4.2,"540/2B Cach Mang Thang Tam Street, Ward 11, District 10, Ho Chi Minh City, Vietnam","Trang Nguyen Coffee is a local neighborhood café tucked inside a quiet alley along Cach Mang Thang Tam Street. The space is open, airy, and simple, offering a relaxed atmosphere ideal for casual conversations, light work, or a peaceful coffee break. With its down-to-earth setup and natural lighting, the shop feels familiar and welcoming—perfect for regulars and nearby residents looking for an uncomplicated, comfortable spot to unwind.","A simple and airy local café, great for casual chats, quiet breaks, or light work. Comfortable, friendly, and easygoing.","#cafe, #drinks, #indoor, #minimalist, #cheap, #chill, #cozy, #morning, #evening, #sunny, #cloudy, #windy, #moment, #few_hours"
540,Ba Nam Crispy Pork Banh Mi,Mon - Sun: 04:30 - 09:30,https://lh3.googleusercontent.com/gps-cs-s/AG0ilSwz1AgOeXmJHMx6OLw5k4T0PEeM3NjJjMPs1iiswsPNlJ1G4DwcVf0M5LDJ9xOePsZVzAd7iMsVMEYrJ5Jvwd4xb9lxk3hBl1rfN4LGwZ38XWkKyqR6F92bUHBqnUuzBDoj-3OG=w408-h306-k-no,https://maps.app.goo.gl/j6JXF1cty7GV9tuaA,10.785980723537348,106.66671607642614,4.9,"550 Cach Mang Thang Tam Street, Ward 11, District 3, Ho Chi Minh City, Vietnam","Ba Nam Crispy Pork Bánh Mì is a popular local street-food stall known for its flavorful roasted pork served inside traditional Vietnamese bánh mì. The stall showcases trays of freshly prepared ingredients—crispy pork, pickled vegetables, herbs, and sauces—creating a vibrant and appetizing street-food experience. Its fast-paced, grab-and-go style makes it perfect for quick meals, especially for people passing by on Cach Mang Thang Tam Street. Despite its simplicity, the food quality and rich flavors make this spot a beloved choice among locals.","A well-known local stall serving flavorful crispy pork bánh mì, perfect for a quick and satisfying grab-and-go meal.","#streetfood, #takeaway, #snacks, #cheap, #morning, #sunny, #cloudy, #windy, #moment, #few_hours, #food"
541,D2D Yogurt Shop,Mon - Sun: 12:00 - 23:00,https://lh3.googleusercontent.com/gps-cs-s/AG0ilSwJqnBq86V21qJ9ZTxmfR92xYqk4bzRXnS4GXsUnWDoj3vjGZa1gUajvC4q8tO9tkMWfuWLWkXg10ZpfN4ddN_7DIN6BrmQW2IUs3Xmn4-6h3rc0vLRGqEi6yP9dtD4VC-WfQafRDfo-Hje=w408-h541-k-no,https://maps.app.goo.gl/9UYJyxakJ5tSsd7G8,10.785906289789546,106.66670467703703,5.0,"550 Cach Mang Thang Tam Street, Ward 11, District 3, Ho Chi Minh City, Vietnam.","This is a popular local spot specializing in frozen yogurt treats in District 3. The menu features refreshing and healthy options like purple rice yogurt and jar yogurt at very affordable prices. Operating as a casual street-side stall, it offers a simple, approachable atmosphere that reflects the authentic street food culture of Ho Chi Minh City, perfect for grabbing a quick cooling snack.","A casual street-side stall offering delicious and affordable frozen yogurt, including specialties like purple rice yogurt. It is an ideal spot for a quick, refreshing takeaway snack.","#takeaway, #snacks, #cheap, #streetfood, #evening, #moment, #chill, #healthy, #sunny, #cloudy, #windy, #food"
542,KFC Cach Mang Thang Tam,Mon - Sun: 10:00 - 22:00,https://lh3.googleusercontent.com/p/AF1QipO__RXFGFtPLUR1xMjydE-dmrNqMlgJLFAWVuL3=w408-h544-k-no,https://maps.app.goo.gl/HNFpmWh5C6aUPp6U9,10.785674095898822,106.66715260594506,4.3,"540 Cach Mang Thang Tam Street, Ward 11, District 3, Ho Chi Minh City, Vietnam.","KFC is a globally recognized fast-food chain specializing in its famous fried chicken and satisfying meals. This modern outlet on a busy street in District 3 offers a clean, reliable, and quick dining experience. With options for dine-in, takeaway, and delivery, it caters perfectly to individuals, groups, and families looking for a consistent, familiar meal. The atmosphere is generally lively and busy, ideal for a casual and convenient stop.","A reliable, modern fast-food chain famous for its fried chicken and quick service, offering convenient dine-in and takeaway options suitable for families and groups.","#takeaway, #indoor, #modern, #evening, #sunny, #cloudy, #windy, #few_hours, #food"
543,Casual Broken Rice Eatery,Mon - Sun: 00:00 - 23:59,https://lh3.googleusercontent.com/gps-cs-s/AG0ilSwrPJoTLwnigaCPvqQktShPykqYVxySS5uB19Yqh_X7cHeeYexhF7xyphK00CJ_FvkD78QfbQdQiCXpqOi3tIDFFulMV0j6QDwoiLpgSnMUVN4yZvZbtn78fH8ZMaqhchcfNVv9rg=w408-h306-k-no,https://maps.app.goo.gl/5ZgKSaut7zcvyANq5,10.785369933023082,106.66773707823963,4.0,"518 Cach mang thang tam Street, Ward 11, District 3, Ho Chi Minh City, Vietnam.","This is a classic example of a ""Cơm Tấm bình dân"" (casual broken rice eatery) located along the busy Cách Mạng Tháng Tám street. It offers a truly local, traditional, and authentic street food experience, focusing on quick, satisfying, and inexpensive meals. The seating is simple, reflecting the urban, street-style vibe, making it perfect for both a quick stop (moment) and a casual, few-hours meal (few_hours) with friends. It is highly popular among local residents looking for a traditional Vietnamese staple, from morning to evening.","A traditional, affordable broken rice eatery offering quick, filling meals in a familiar sidewalk setting.","#takeaway, #cheap, #streetfood, #chill, #traditional, #morning, #evening, #sunny, #cloudy, #windy, #moment, #few_hours, #food"
544,Ong Gia Cali Squid Noodle,Mon - Sun: 06:00 - 22:00,https://lh3.googleusercontent.com/gps-cs-s/AG0ilSz7pW2uWZ7WsERQhDbsUIBWbN9mbk79Rbr_2LRnVFLiVIdykfd8LzDIE-WfCP3F7U19ATzvq9jpoNNAGQJsSmuBNH1Q8tvCzVLyTUagH_7yX7c8W2C_PNqBVZS5p-34h478FXGjIQmvW6X6=w408-h306-k-no,https://maps.app.goo.gl/AqsxJbDvAdGt7wZk7,10.785306866898159,106.66784830390674,4.4,"516 Cach Mang Thang Tam Street, Ward 11, District 3, Ho Chi Minh City, Vietnam.","Located on the busy Cach Mang Thang Tam street, this is a well-known branch of the famous ""Ông Già Cali"" chain, specializing in hủ tiếu mực (squid noodle soup). Unlike small street stalls, this restaurant offers a spacious, modern, and air-conditioned indoor environment, distinguished by its prominent red branding and lantern decor. It serves as a comfortable and reliable dining spot for families, office workers, and groups looking to enjoy a hearty meal with fresh seafood and rich broth in a clean setting.","A popular modern restaurant chain famous for its signature fresh squid noodle soup, offering a spacious and comfortable indoor setting suitable for families and groups.","#takeaway, #indoor, #modern, #morning, #evening, #sunny, #cloudy, #windy, #moment, #few_hours, #food"
545,Quynh Nhu Grilled Chicken,Mon - Sun: 08:00 - 23:59,https://reviewamthuc.net/wp-content/uploads/2024/05/ga-nuong-9-768x480.jpg,https://maps.app.goo.gl/VgWYFGJZFTqz9rWE7,10.785272614125516,106.66795626282098,3.8,"510 Cach Mang Thang Tam Street, Ward 11, District 3, Ho Chi Minh City, Vietnam.","Quynh Nhu is a well-known local eatery in District 3, famous for its mouth-watering grilled chicken and traditional bamboo tube rice (Cơm Lam). The shop exudes a lively street-food vibe, enticing passersby with the aroma of charcoal-grilled meat seasoned with rich, savory spices. It is a favorite choice for families and groups looking for an affordable, hearty meal, especially popular for takeaway dinners or casual late-night bites.","A popular local spot specializing in flavorful grilled chicken and bamboo rice, offering delicious and affordable meals ideal for takeaway and family sharing.","#takeaway, #cheap, #streetfood, #evening, #sunny, #cloudy, #windy, #moment, #few_hours, #food"
546,Thuy Do Steamed Buns,Mon - Sun: 05:58 - 22:18,https://checkinvietnam.vtc.vn/media/20220226/images/kiem-chung-tiem-banh-bao-thuy-do-trieu-views-sieu-hot-tren-tiktok-1.jpeg,https://maps.app.goo.gl/dZv5f4m2AUu8Vrvb8,10.785223869789336,106.66799180208851,3.9,"508 Cach Mang Thang Tam Street, Ward 11, District 3, Ho Chi Minh City, Vietnam.","Thuy Do Steamed Buns is a convenient roadside stop on the busy Cach Mang Thang Tam street, well-known among locals for its hot and fluffy Vietnamese steamed buns (Bánh Bao). The shop focuses on quick service, offering a variety of traditional fillings like savory pork with quail eggs or salted egg yolks. With its simple, no-frills setup, it is the perfect destination for commuters and passersby looking for a cheap, filling, and tasty snack to grab on the go.","A popular local spot specializing in hot and fluffy Vietnamese steamed buns, ideal for a quick, affordable, and satisfying takeaway snack.","#takeaway, #snacks, #cheap, #streetfood, #chill, #morning, #evening, #sunny, #cloudy, #windy, #moment, #food"
547,Phuc Lam Coffee & Tea,Mon - Sat: 09:00 - 21:30; Sun: 18:00 - 21:30,https://lh3.googleusercontent.com/p/AF1QipO-02qn4NLLpvqiH-ms_d8LAXDSlsZLuZs-HTZO=w408-h544-k-no,https://maps.app.goo.gl/4MXRvFrkqPiC71EL7,10.7890436892306,106.67108237742642,5.0,"453/175 Le Van Sy Street, Ward 12, District 3, Ho Chi Minh City, Vietnam.","Tucked away in an alley off Le Van Sy Street, Phuc Lam Quan is a hidden gem for local youths and residents craving refreshing beverages. This small, unpretentious spot specializes in a variety of drinks including milk tea, fruit tea, and coffee, often topped with delicious homemade treats like creamy flan. With its friendly, street-style vibe and budget-friendly prices, it offers an authentic local experience, perfect for grabbing a sweet treat on the go.","A hidden alley spot serving delicious and affordable milk tea, coffee, and fruit tea with homemade toppings like flan, ideal for a quick and sweet takeaway.","#cafe, #drinks, #takeaway, #cheap, #chill, #morning, #evening, #sunny, #cloudy, #windy, #moment"
548,Co Lien Pork Knuckle Thick Noodle Soup,Mon - Sun: 06:00 - 11:30,https://tse3.mm.bing.net/th/id/OIP.YKS92QHXsI3sGZvgpIXZnQHaEK?cb=ucfimg2&ucfimg=1&rs=1&pid=ImgDetMain&o=7&rm=3,https://maps.app.goo.gl/sQzCtbENaD5rEyZ77,10.789385504158043,106.67188251038155,0,"Nguyen Van Troi Market, Le Van Sy Street, Ward 12, District 3, Ho Chi Minh City, Vietnam.","Located within the bustling Nguyen Van Troi Market area, this humble eatery offers an authentic local dining experience. Specializing in ""Bánh canh giò heo"" (thick noodle soup with pork knuckle), the stall is known for its rich, flavorful broth and tender meat. The atmosphere is purely traditional and lively, reflecting the busy vibe of a Vietnamese market, making it an excellent spot for a hearty breakfast or lunch that is both delicious and wallet-friendly.","A traditional market stall serving hearty and authentic pork knuckle thick noodle soup, offering a lively local experience ideal for breakfast or lunch.","#food, #streetfood, #walking, #moment, #few_hours, #outdoor, #morning, #traditional, #vibrant, #cheap, #cloudy"
549,Banh Khot Coi Da,Mon - Sun: 11:00 - 21:00,https://tse3.mm.bing.net/th/id/OIP.v2j3AvV6RjHw8VDQEZBQNAHaJ4?cb=ucfimg2&ucfimg=1&rs=1&pid=ImgDetMain&o=7&rm=3,https://maps.app.goo.gl/BvWi3zbvmCUiVpaV6,10.789199646206493,106.67220215128253,4.4,"Banh Khot Coi Da (Stone Mortar Mini Pancakes) Address: 453/111 Le Van Sy Street, Ward 12, District 3, Ho Chi Minh City, Vietnam.","This eatery brings the authentic flavor of Vung Tau coastal city to District 3, specializing in Bánh Khọt (mini savory pancakes). True to its name ""Cối Đá"" (Stone Mortar), the shop prides itself on using flour ground by traditional stone mortars, which gives the pancakes a distinctive texture and taste. Located in an alley, it offers a rustic and genuine dining experience for those seeking traditional Vietnamese specialties.","An authentic eatery serving Vung Tau-style mini savory pancakes (Bánh Khọt) made from traditional stone-ground flour, located in a quiet alley.","#food, #streetfood, #takeaway, #moment, #few_hours, #outdoor, #traditional, #rustic, #cozy, #cheap, #cloudy"
550,Le Van Sy Crab Thick Noodle Soup,Mon - Sun: 07:00 - 17:00,https://lh3.googleusercontent.com/gps-cs-s/AG0ilSwQ43loEFK5om0H6uxKiAJz7m1Z0xOQ713Vll04QypqHYjSUP9Sppgar6K88BmIlIE9tpPNg2IvTUDonjYSRwlIE8Fbee5BLRRZiOPk0OFJUt_15h05Cx45YP1ZBClWYz8VAWwnUw=w408-h408-k-no,https://maps.app.goo.gl/PLzEZ4kbH7RjfBy99,10.78905883930588,106.6718300431893,5.0,"95 Le Van Sy Street, Ward 12, District 3, Ho Chi Minh City, Vietnam.","Located on the vibrant Le Van Sy Street, this eatery is a dedicated spot for Bánh Canh Cua (Crab Thick Noodle Soup), a beloved dish in Southern Vietnam. The soup is characterized by its thick, chewy tapioca noodles served in a savory, slightly thickened broth with a rich orange hue, typically derived from crab and annatto oil. Each bowl is generous and flavorful, often topped with fresh crab meat, pork, quail eggs, and congealed pork blood, making it a warming and satisfying choice for any meal of the day.","A local eatery specializing in rich and flavorful Crab Thick Noodle Soup (Bánh Canh Cua), offering a hearty and authentic dining experience on Le Van Sy Street.","#food, #moment, #few_hours, #indoor, #morning, #evening, #traditional, #cozy, #cheap, #rain, #cloudy"
551,Bui Phat Market,Mon - Sun: 05:00 - 15:00,https://icdn.24h.com.vn/upload/1-2023/images/2023-01-18/Cho-Buoi-xua-va-nay-qua-nhung-thuoc-hinh-vuot-thoi-gian-10-1674035066-344-width660height440.jpg,https://maps.app.goo.gl/RVvvB1juqFpgCSKG6,10.789375145381133,106.67195324238617,4.2,"453/156 Le Van Sy Street, Ward 12, District 3, Ho Chi Minh City, Vietnam.","Bui Phat Market is a bustling traditional wet market nestled within the residential alleys off Le Van Sy Street. Serving as a daily hub for the local community, the market offers a wide array of fresh produce, including meats, seafood, vegetables, and household essentials. Beyond groceries, it captures the authentic, lively atmosphere of Saigon's alley culture, featuring numerous small stalls selling ready-to-eat breakfast dishes and affordable street food snacks that attract neighbors and passersby alike.","A lively traditional wet market located in a residential alley, offering fresh groceries, daily essentials, and a variety of authentic local street food","#walking, #food, #moment, #few_hours, #outdoor, #morning, #vibrant, #traditional, #cheap, #cloudy, #shopping"
552,My Snail Eatery,Mon - Sun: 00:00 - 23:59,https://lh3.googleusercontent.com/gps-cs-s/AG0ilSyfCCiEg6BFMU4CF_xDepOCq0m4nTC4kXor1QlJeS7OjsPo_drbJft51Im8G9GtE4GOrLHuIE-actOjUQ8usPa2ppVygx5GScC0irxpla5fniqMUT4G6lOWx6UHfYkxfyjDw5vd=w408-h408-k-no,https://maps.app.goo.gl/tkszHUhsfhFkuFMS7,10.788627257568715,106.6718877285391,4.2,"453 Le Van Sy Street, Ward 12, District 3, Ho Chi Minh City, Vietnam.","Quán Ốc My is a humble yet popular local spot on Le Van Sy Street, specializing in ốc (snails and shellfish) and various seafood dishes. Known for its affordable prices and rich flavors, the menu typically features classics like snails stir-fried with garlic butter, tamarind sauce, or chili salt, often enjoyed with bread or noodles. The atmosphere is casual and unpretentious, making it a favorite destination for groups of friends and locals looking for a relaxed evening meal or a tasty late-night snack.","A casual local eatery specializing in flavorful and affordable snail and seafood dishes, perfect for evening gatherings and late-night snacks.","#food, #drinks, #streetfood, #few_hours, #outdoor, #evening, #late_night, #vibrant, #youthful, #cheap, #windy, #cloudy"
553, U Snail Eatery,Mon - Sun: 15:00 - 21:00,https://lh3.googleusercontent.com/gps-cs-s/AG0ilSynUo06dn9sQOJJYcXEi0a-bxzeJqBhGrXt-yynOXJidoXE4l_WM-hs63n0EgkfzGXjeuV0-YCKuwvqL1hd9X55xGjVvXrADoZUzSsY0V8_vR04Clwzfyaqu1tqqmXfd1Eehg27Kg=w408-h271-k-no,https://maps.app.goo.gl/SvyTozRJ1eJ21irv5,10.788315966539344,106.6716633102717,4.4,"1074A14 Truong Sa Street, Ward 12, District 3, Ho Chi Minh City, Vietnam.","Located along the breezy Truong Sa Street, Oc U is a favorite local spot for snail and seafood enthusiasts. This small eatery offers a wide range of fresh shellfish dishes prepared in various savory styles, such as stir-fried with garlic, tamarind sauce, or roasted with salt. The atmosphere is casual and lively, typical of Saigon's canal-side dining culture, making it a great place for friends to gather in the late afternoon or evening to enjoy affordable and tasty bites.","A casual eatery along the canal serving a variety of fresh and flavorful snail dishes, offering a lively atmosphere for evening gatherings.","#food, #drinks, #streetfood, #few_hours, #outdoor, #evening, #late_night, #vibrant, #youthful, #cheap, #windy, #cloudy"
554,1088 Smoothie & Fruit Bowl,Mon - Sun: 00:00 - 00:00,https://lh3.googleusercontent.com/gps-cs-s/AG0ilSyAvEYteQtN4J09VBRIXGLVygX3NT14ITT53BTk9fu0hphpd_4NaGALtExnPaZzWpVMfB6OQbPy0DEYGlEGvs8-5P5l7fU46f6E83mMCDmHuOWY24wrgkw0IOAMS6g9NTtuYe10=w408-h306-k-no,https://maps.app.goo.gl/Y7AmeBgM6QE1bEuY8,10.788049052178728,106.67150951921211,4.2,"1088 Truong Sa Street, Ward 12, District 3, Ho Chi Minh City, Vietnam.","Located on the bustling Truong Sa Street, this spot is a classic representation of Saigon's vibrant sidewalk culture (""vỉa hè""). As the name suggests, it specializes in ""trái cây tô"" (fresh fruit bowls) and smoothies, offering refreshing options for warm evenings. The atmosphere is casual and lively, featuring low plastic stools arranged on the pavement where locals gather to chat, enjoy the cool breeze from the canal, and often watch live sports matches on a large outdoor TV screen.","A lively street-side hangout on Truong Sa Street specializing in fresh fruit bowls and smoothies, offering a casual atmosphere perfect for evening gatherings.","#food, #drinks, #streetfood, #moment, #few_hours, #outdoor, #evening, #late_night, #youthful, #vibrant, #cheap, #windy, #cloudy"
555,Legendary ChamPong – District 3 Branch,Mon  - Sun: 10:40 - 22:00,https://tse4.mm.bing.net/th/id/OIP.JNbaTwzPoZCf12vIIIIDKwHaHa?cb=ucfimg2&ucfimg=1&rs=1&pid=ImgDetMain&o=7&rm=3,https://maps.app.goo.gl/pJLsFsp3Co8Jy3dB9,10.789914817322334,106.67381554841094,5.0,"491D Le Van Sy Street, Ward 12, District 3, Ho Chi Minh City, Vietnam","Legendary ChamPong – District 3 is a popular Korean-style restaurant specializing in spicy seafood noodle soup and other signature Korean dishes. The shop has a casual indoor dining space with a straightforward layout, creating a lively yet comfortable atmosphere for both individuals and groups. With bold flavors, generous portions, and a reputation for consistently high-quality food, this spot attracts a steady flow of customers throughout the day. It’s an excellent choice for anyone craving flavorful Korean comfort food in the heart of District 3.","A lively Korean restaurant known for its spicy seafood noodles and bold flavors, offering a casual and comfortable indoor dining experience.","#food, #indoor, #modern, #cozy, #vibrant, #pleasant, #evening, #sunny, #cloudy, #windy, #few_hours, #long_time, #luxury"
556,Bo Nuong Khoi – Grilled Beef & Hotpot,Mon - Sun: 15:30 - 23:30,https://lh3.googleusercontent.com/gps-cs-s/AG0ilSxkGRJBudsO4539f_gvVp3VPjH-8iJ74dDWjw6uF85jTJUjF6VWGNsYzzayhm3YXsPdcYF6cKW-a2yWYnbvXtIxz2kJX_VZu6U2RtsgW1IMlsvpYlAceeEfu8kN2Wo6poRUBb90=w408-h544-k-no,https://maps.app.goo.gl/RNqhfiQbVRFXCWzy6,10.785993661640841,106.67156371846451,3.4,"114 Do Thi Loi Street, Ward 11, District 3, Ho Chi Minh City, Vietnam","Bo Nuong Khoi is a casual Vietnamese grill restaurant offering a wide range of marinated beef, seafood, and hotpot dishes. Known for its smoky, street-style grilling setup and flavorful dipping sauces, the place delivers a fun and energetic dining experience. The atmosphere is relaxed and lively, attracting groups of friends and families who enjoy shared dishes and a bustling local vibe. It’s a great spot for those craving grilled food with bold flavors at an affordable price.","A lively Vietnamese grill spot serving flavorful beef, seafood, and hotpot dishes in a casual, energetic setting.","#food, #outdoor, #vibrant, #cozy, #cheap, #traditional, #pleasant, #evening, #late_night, #sunny, #cloudy, #windy, #rain, #few_hours, #long_time"
557,Serotonin Fastfood Club,Mon - Sun: 15:00 - 22:00,https://down-vn.img.susercontent.com/vn-11134513-7r98o-lxux4urj5gplce,https://maps.app.goo.gl/NYkuGLkoPEHNZuyA7,10.784592390836412,106.67008494410625,4.7,"444/2/1 Cach Mang Thang Tam Street, Ward 11, District 3, Ho Chi Minh City, Vietnam","Serotonin Fastfood Club is a stylish fast-food restaurant featuring a playful and youthful design, with colorful lighting and a modern interior that creates an energetic dining atmosphere. Known for its quick-service dishes and fun aesthetic, the restaurant attracts students, young adults, and casual diners looking for a trendy but affordable spot to enjoy a meal. Its indoor setup, vibrant décor, and approachable menu make it a lively hangout choice for quick meals, small gatherings, or late-evening cravings.","A vibrant and youthful fast-food spot with a playful interior, offering quick meals in a fun and modern indoor space.","#food, #snacks, #indoor, #modern, #youthful, #vibrant, #cozy, #pleasant, #evening, #sunny, #cloudy, #windy, #moment, #few_hours, #takeaway, #cheap"
558,Matsu Sushi,Mon - Sun: 16:00 - 23:30,https://ams3.digitaloceanspaces.com/tmi-images/matsu_sushi_573/gallery/yAgBL5erjs5zWCFEz.jpg,https://maps.app.goo.gl/R8rpMaYB9W7Yp7ep7,10.784431138704452,106.67078460851953,4.8,"QMMC+Q83, Do Thi Loi Street, Ward 9, District 3, Ho Chi Minh City, Vietnam","Matsu Sushi is a cozy Japanese-style restaurant tucked inside a small alley, offering a warm and intimate dining atmosphere. The restaurant features traditional lantern décor and a compact interior that reflects a classic Japanese aesthetic. Known for its fresh sushi, sashimi, and comforting Japanese dishes, Matsu Sushi attracts diners who enjoy authentic flavors in a quiet and relaxing space. It is a welcoming spot for small gatherings, casual meals, or anyone seeking a peaceful and culturally rich Japanese dining experience.","A cozy Japanese restaurant serving fresh sushi and sashimi in a warm, intimate, and traditional-style setting.","#food, #indoor, #cozy, #quiet, #traditional, #elegant, #pleasant, #evening, #sunny, #cloudy, #windy, #few_hours, #long_time, #luxury"
559,Bamigo – Tran Van Dang,Mon - Sun: 06:00 - 21:00,https://lh3.googleusercontent.com/gps-cs-s/AG0ilSzrDtDz3c53XgcSd8ftYuZfHAXj5QdPSZyEbWq5qz1IkgG1TEYpe7Ulpu1xO52drAZvf4SxK4TjzT6mO3kPxW_tBKsKqaOij3u1RmjCUvelAwl70tj8Hy07zxgm35MUoSlDaL2Q=w426-h240-k-no,https://maps.app.goo.gl/cha3pbqxNvrBZGje9,10.784277964601225,106.67045345995662,4.3,"436 Cach Mang Thang Tam Street, Ward 15, District 3, Ho Chi Minh City, Vietnam","Bamigo Tran Van Dang is a casual Vietnamese restaurant that serves comforting clay-pot dishes, porridge, and homestyle flavors. The atmosphere is simple, warm, and familiar—similar to traditional family-style dining in Vietnam. With hearty portions and classic recipes, the restaurant is a good choice for those looking for a satisfying, cozy meal that feels homemade. It attracts nearby residents and customers who appreciate traditional Vietnamese comfort food in a relaxed, approachable environment.",A cozy Vietnamese restaurant offering comforting clay-pot dishes and homestyle flavors in a warm and relaxed setting.,"#food, #indoor, #cozy, #traditional, #cheap, #pleasant, #evening, #sunny, #cloudy, #windy, #few_hours"
560,Bao Beu Banh Mi,Mon: closed; Tue - Sun: 06:00 - 12:30,https://tse2.mm.bing.net/th/id/OIP.DZ2DR6tYAB5DI_PvFlX27AHaHa?cb=ucfimg2&ucfimg=1&rs=1&pid=ImgDetMain&o=7&rm=3,https://maps.app.goo.gl/GwZCxZDUfxQaKJc69,10.784845470049522, 106.67101807933479,4.8,"58 Do Thi Loi Street, Ward 11, District 3, Ho Chi Minh City, Vietnam","Bao Beu Banh Mi is a small grab-and-go sandwich shop known for its freshly prepared Vietnamese bánh mì with various fillings. Located on a lively street, the shop features a compact setup focused on quick service, making it ideal for takeaway customers, delivery orders, or a fast meal on the move. Despite its modest size, the stall is recognized for flavorful ingredients and consistent quality, making it a popular choice among locals looking for a convenient and satisfying bite.","A small and convenient bánh mì shop offering quick, flavorful sandwiches perfect for takeaway or a fast bite.","#food, #takeaway, #outdoor, #cheap, #cozy, #pleasant, #morning, #sunny, #cloudy, #windy, #moment, #few_hours, #streetfood"
561,Tidu Tea,Mon - Sun: 00:00 - 00:00,https://lh3.googleusercontent.com/gps-cs-s/AG0ilSy_EoqJat3tiX-7rULLj78BsUFu5O6GFcmeu9K2HQCs9pJn3FQwFRfIpAkGEPWxhFjb69kSrShyiuUse1CgMl9mn4h4DlTeKgJjrPjBvZIW4PN9xGBCqPrumQG3zxYH1psvSTYc=w408-h306-k-no,https://maps.app.goo.gl/t1MDjtN2jcbZmpcW8,10.78503553742863,106.67043025017061,5.0,"41/31 Cach Mang Thang Tam Street, Ward 11, District 3, Ho Chi Minh City, Vietnam","Tidu Tea is a small local tea shop known for its bottled milk tea and refreshing beverages. The shop focuses on simple, handcrafted drinks prepared in small batches, appealing to customers who enjoy convenient, ready-to-go options. With a modest indoor setup and a homely feel, the shop provides a casual space for quick visits while maintaining the charm of a neighborhood drink spot. Its straightforward menu and friendly atmosphere make it a pleasant choice for those looking for a light, easygoing drink experience.","A small local tea shop offering handcrafted bottled milk tea and refreshing drinks in a simple, cozy setting.","#drinks, #takeaway, #indoor, #cozy, #cheap, #pleasant, #evening, #sunny, #cloudy, #windy, #moment, #few_hours"
562,Only Tea – Peach Tea Mix CMT8,Mon: 00:00 - 23:59; Tue - Sun: 11:30 - 22:30,https://tse1.mm.bing.net/th/id/OIP.RUdyuIug9sn9EzW9HeIg5QHaEo?cb=ucfimg2&ucfimg=1&rs=1&pid=ImgDetMain&o=7&rm=3,https://maps.app.goo.gl/8uYopJPWCr5WLC4H7,10.785420725535893,106.67109127855856,4.1,"77 Cach Mang Thang Tam Street, Ward 11, District 3, Ho Chi Minh City, Vietnam","Only Tea – Peach Tea Mix CMT8 is a casual and affordable bubble-tea and fruit-tea shop offering refreshing drinks with a focus on peach tea blends. The shop has a simple indoor setup with a counter-service style, attracting students, office workers, and passersby looking for a quick and flavorful beverage. With its straightforward menu and vibrant drink choices, the shop is well-suited for takeaway orders or a brief stop to enjoy a light, refreshing drink.","A simple and affordable tea shop specializing in peach tea and refreshing drinks, ideal for quick takeaway or a short visit.","#drinks, #takeaway, #indoor, #cheap, #cozy, #pleasant, #youthful, #evening, #sunny, #cloudy, #windy, #moment, #few_hours"
563,Bia Set – Street Beer Spot,Mon - Sun: 00:00 - 00:00,https://lh3.googleusercontent.com/gps-cs-s/AG0ilSzc_sjSU2GI2DpGpyNnW6Aa-033LyaUiogwYb1RCSsRLiiAnfaerTeiZCelWJPt-q90OCiZNIU1mqW95ZlHSJMmNKz1bx2RxHgiJ4aiXuODSHjcnamKXUfIySoYwQp1pg_PaFc1oPl9oIMm=w408-h544-k-no,https://maps.app.goo.gl/JpAuHYRkERL4NX7B9,10.785433996508466,106.67140676531577,5.0,"237 Do Thi Loi Street, Ward 11, District 3, Ho Chi Minh City, Vietnam","Bia Set is a casual street-style drinking spot serving affordable bottled beer and soft drinks in a relaxed outdoor setting. Typical of local Vietnamese “bia sệt” culture, customers sit on low plastic stools along the sidewalk, creating a lively and laid-back atmosphere perfect for unwinding with friends. The place offers a simple menu, straightforward service, and an authentic street-drinking experience that appeals to those who enjoy local vibes and social gatherings without any formality.","A lively Vietnamese street-beer spot with low stools, affordable drinks, and a relaxed outdoor atmosphere.","#drinks, #bar, #snacks, #outdoor, #vibrant, #youthful, #free_spirited, #cheap, #pleasant, #evening, #late_night, #sunny, #cloudy, #windy, #rain, #few_hours, #long_time"
564,LEO Coffee & Tea,Mon - Sun: 06:30 - 22:30,https://maybanhang.net/wp-content/uploads/2016/11/15232121_902613746539491_1131993137690132169_n.jpg,https://maps.app.goo.gl/PLZKTwYU73Mgk7XWA,10.785624362726526,106.67123979781029,4.8,"Alley 237, Do Thi Loi Street, Ward 11, District 3, Ho Chi Minh City, Vietnam","LEO Coffee & Tea is a cozy neighborhood café located inside a small alley, offering a bright, colorful interior with views overlooking the busy street outside. The shop serves a variety of coffee and tea drinks at affordable prices, making it a popular stop for locals, students, and workers looking for a relaxed and easygoing place to sit down. With its casual vibe, friendly atmosphere, and simple seating layout, the café is suitable for short breaks, light studying, or enjoying a drink while watching the lively street scene.","A cozy and affordable café offering coffee and tea in a bright, casual space with a view of the lively street outside.","#cafe, #drinks, #photo, #study, #indoor, #cozy, #chill, #pleasant, #cheap, #youthful, #morning, #evening, #sunny, #cloudy, #windy, #moment, #few_hours"
565,LeoShan – Shan Tea Station – Do Thi Loi,Mon - Sun: 06:30 - 22:00,https://lh3.googleusercontent.com/gps-cs-s/AG0ilSxvznf9TF8Xbdb0CwYNGP9Mq3wpF8WWFAISAbHqSN1PKiWzAQ1DKuK1L84I96MstclxFL2rCR5a2hFzueszcnUHDLWeonWsPGHi7Eb8nlRqHUZcHQ_Kve9Y8lCwJFNmmIqkdAceq_W7Wru2=w408-h725-k-no,https://maps.app.goo.gl/Si7YuPttjgYdmUEr5,10.785617776502846,106.67116586118182,4.9,"237/10 Do Thi Loi Street, Ward 11, District 3, Ho Chi Minh City, Vietnam","LeoShan – Shan Tea Station is a cozy and nature-inspired tea shop specializing in high-quality Shan tea and agricultural products. The highlight of the shop is its rooftop seating area, offering open-air views of the surrounding neighborhood and creating a refreshing, peaceful atmosphere. With a warm and earthy design that reflects its focus on natural ingredients, the space is ideal for relaxing tea sessions, light studying, or enjoying the evening breeze. The shop appeals to customers who appreciate authentic tea flavors, calm vibes, and a rooftop experience in the heart of the city.","A cozy rooftop tea shop offering natural Shan tea, open-air seating, and a calm, refreshing atmosphere.","#drinks, #cafe, #study, #rooftop, #cozy, #chill, #natural, #pleasant, #dreamy, #morning, #evening, #sunset, #sunny, #cloudy, #windy, #moment, #few_hours"
566,Hoang Thuong Cuisine,Mon - Sun: 00:00 - 00:00,https://lh3.googleusercontent.com/p/AF1QipN9VCOksG6eXj-BmT56FFvFP0y9WjoclR55pNTY=w408-h906-k-no,https://maps.app.goo.gl/r6iKYnJKDSM1PuXZA,10.786265892859463,106.67070037526919,5.0,"239/29 Tran Van Dang Street, Ward 11, District 3, Ho Chi Minh City, Vietnam","Hoang Thuong Cuisine is a local Vietnamese eatery specializing in flavorful, stir-fried, and sauced dishes with a rich, homemade taste. The restaurant serves a variety of comforting Vietnamese food, prepared with bold seasoning and presented in a casual, everyday dining style. With affordable prices and a warm, approachable atmosphere, the place attracts nearby residents and food lovers seeking satisfying portions and familiar flavors. It’s an ideal spot for a simple, hearty meal in a relaxed and friendly setting.","A casual Vietnamese eatery offering flavorful, homestyle dishes at affordable prices.","#food, #indoor, #cozy, #cheap, #traditional, #pleasant, #evening, #sunny, #cloudy, #windy, #few_hours"
567,Co Thu Railway Banh Mi – Bi & Meatball,Mon - Sun: 15:00 - 19:00,https://lh3.googleusercontent.com/gps-cs-s/AG0ilSxjsVNBozEwN5hQhJelTCXp-Qx3cLYlr8xj16YFh-X8v4VDiPDO2H9D5bdWKaOx-GxkiNk-cFZHdkdGYyU3-FBvhOmjf1IJV7UdOGO4GIRt6QOfFWhbA4-VvMMAEqbGnyNyp8YaSA=w408-h544-k-no,https://maps.app.goo.gl/ftmEgpBFKsHfpU9Y9,10.786322815935009,106.67082504456793,4.1,"239/26 Do Thi Loi Street, Ward 11, District 3, Ho Chi Minh City, Vietnam","Co Thu Railway Banh Mi is a small, popular bánh mì stall known for its unique combination of shredded pork skin (bì) and Vietnamese meatballs (xíu mại). The stall sits near the railway area, giving it a distinct local charm and an authentic street-food atmosphere. With its simple takeaway-focused setup, the shop serves freshly prepared sandwiches packed with flavorful fillings and traditional Vietnamese herbs. Affordable, quick, and delicious, it is a favorite spot for locals looking for a satisfying grab-and-go meal.",A small local bánh mì shop offering flavorful bi and meatball sandwiches with an authentic street-food feel.,"#food, #takeaway, #snacks, #indoor, #cheap, #cozy, #pleasant, #traditional, #morning, #sunny, #cloudy, #windy, #moment, #few_hours, #streetfood"
568,Song Cuc Snail Restaurant,Mon - Sun: 10:00 - 23:00,https://lh3.googleusercontent.com/gps-cs-s/AG0ilSxjSEZVT2_Q_G-TH3sao-r4feG8d0KEjhBeUrW5BZf_ycuiyXP33DnTwg0FBY0oEWTdDQZ8tut1Mi1uc7SL_7hCvJZO_R4FODfEwFJuScLL7PISZ95BBZ-MF7aNMqP9VIN-oUIn=w408-h318-k-no,https://maps.app.goo.gl/3HEfi2YFMHht8rwc6,10.787799960085113,106.67011687948055,4.2,"1061 Hoang Sa Street, Ward 11, District 3, Ho Chi Minh City, Vietnam","Song Cuc Snail Restaurant is a casual Vietnamese seafood spot specializing in a variety of flavorful snail and shellfish dishes. With bold seasoning, aromatic toppings, and classic street-style preparations, the restaurant offers an authentic local dining experience that attracts groups of friends and seafood lovers. The setting is simple and approachable, creating a lively yet comfortable atmosphere suitable for evening hangouts and shared meals. Affordable pricing and a diverse menu make it a popular choice among fans of traditional Vietnamese snail cuisine.","A lively and affordable Vietnamese snail restaurant serving flavorful seafood dishes in a casual, friendly setting.","#food, #snacks, #outdoor, #vibrant, #youthful, #pleasant, #traditional, #cheap, #evening, #late_night, #sunny, #cloudy, #windy, #few_hours, #long_time, #streetfood"
569,Steamed Tofu with Vietnamese Coriander & Salt-Pepper,Mon - Sun: 16:30 - 21:30,https://tse1.mm.bing.net/th/id/OIP.OXLRHWXmqaI3zfhywsqzfgHaHa?cb=ucfimg2&ucfimg=1&rs=1&pid=ImgDetMain&o=7&rm=3,https://maps.app.goo.gl/6KRLuV67YgWZ9Y6W8,10.787968390083641,106.66961278641111,4.5,"1087 Hoang Sa Street, Ward 11, District 3, Ho Chi Minh City, Vietnam","This small street-food stall specializes in steamed tofu served with Vietnamese coriander (rau răm) and a signature salt-pepper dipping blend. Prepared fresh on-site using traditional steaming pots, the dish offers a warm, comforting, and uniquely local flavor. With its simple outdoor setup and approachable neighborhood vibe, the stall attracts passersby looking for a quick, affordable snack. It embodies the charm of authentic Vietnamese street food—casual, flavorful, and deeply connected to everyday local life.",A simple street-food stall serving freshly steamed tofu with rau răm and salt-pepper dipping sauce.,"#food, #streetfood, #snacks, #takeaway, #cheap, #traditional, #pleasant, #rustic, #evening, #sunny, #cloudy, #windy, #rain, #moment, #few_hours"
570,Banh Trang 237,Mon - Sun: 13:00 - 21:00,https://lh3.googleusercontent.com/gps-cs-s/AG0ilSyiFwjsvkNVzTZa5PvlHoilsUIEls5ugltLMoWoRE8yCHw7hUAOs2F7euKByAzTKrz3iSt_VH-RHdmxr_DuPeIdJh7u3IEivAvYrchDXds7F2QyAK74gyy4-R9jzEXPh308eL7qXZViajud=w408-h531-k-no,https://maps.app.goo.gl/Znk7QyHLv4XMu6Bs8,10.787261543699081,106.67146372135564,3.2,"237/130 Do Thi Loi Street, Ward 11, District 3, Ho Chi Minh City, Vietnam","Banh Trang 237 is a small street-food stall specializing in Vietnamese rice-paper snacks, offering a wide variety of toppings and flavors prepared fresh to order. With a compact, open-front setup, the shop creates a lively and colorful atmosphere typical of popular snack spots in local neighborhoods. It serves quick, flavorful, and affordable dishes that attract students and young customers looking for a fun and satisfying treat. The stall focuses primarily on takeaway orders but also allows customers to enjoy their snacks right outside the shop.",A lively street-food snack stall offering fresh Vietnamese rice-paper dishes at affordable prices.,"#food, #snacks, #takeaway, #streetfood, #outdoor, #cheap, #youthful, #pleasant, #vibrant, #evening, #sunny, #cloudy, #windy, #rain, #moment, #few_hours"
571,Nguyen Ha – Broken Rice & Grilled Pork,Mon - Sun: 00:00 - 00:00,https://lh3.googleusercontent.com/gps-cs-s/AG0ilSyxgnCKTvXEzm8QJYYp-lyS1Idq3o83asOssu8PIYG7YSZu5cDWGg5m3qvwxrPiniyWseGmg5CEsJFeHxUOQHKQ5dkIoweMvlAscKbPkfcX6WW9gOCAUCQY4iBF4cB6HlB0nkBA=w408-h408-k-no,https://maps.app.goo.gl/c4Ebg3CBJoxG45SF9,10.785661568755575,106.67146323806926,5.0,"219/9/6 Do Thi Loi Street, Ward 11, District 3, Ho Chi Minh City, Vietnam","Nguyen Ha Broken Rice & Grilled Pork is a small Vietnamese eatery serving classic dishes such as cơm tấm, grilled pork, and vermicelli bowls. The shop offers simple yet flavorful homemade-style meals prepared with fresh ingredients and traditional seasonings. With its straightforward indoor setup and approachable atmosphere, the restaurant attracts nearby residents and anyone looking for a satisfying, affordable local meal. It’s a comforting spot for those who enjoy authentic Vietnamese everyday food.","A small Vietnamese eatery offering comforting broken rice and grilled pork dishes in a simple, home-style setting.","#food, #indoor, #traditional, #cheap, #pleasant, #cozy, #afternoon, #evening, #sunny, #cloudy, #windy, #few_hours"
572,Quang Tam – Crispy Fried Chicken Rice,Mon - Sun: 10:00 - 21:30,https://lh3.googleusercontent.com/gps-cs-s/AG0ilSzddfIJgiowH0bsAbZhi1WQFgEw8DPUcdnTBg0xLEfabcYEMWdmWXKUeO-pXT_IJ466b86TBCUS8NCletm_JofLcMo97bID6sKUtfD2WnRmvBGQ5M5JEQC2jan5riA8M3YYq8U_CQ=w408-h544-k-no,https://maps.app.goo.gl/ctsqCDxJXw6BRvbAA,10.785813729881715,106.67149676568266,4.1,"219/9/4 Do Thi Loi Street, Ward 11, District 3, Ho Chi Minh City, Vietnam","Quang Tam Crispy Fried Chicken Rice is a small local eatery serving Vietnamese-style fried chicken rice, known for its golden, crispy chicken and flavorful, homemade rice. The restaurant has a simple indoor setup with a casual and friendly atmosphere that appeals to nearby residents and students. With affordable prices and satisfying portions, it’s a convenient spot for those looking to enjoy a flavorful, comforting Vietnamese meal without any fuss.","A small, affordable eatery serving crispy fried chicken rice with a warm, home-style flavor.","#food, #indoor, #cheap, #traditional, #pleasant, #cozy, #afternoon, #evening, #sunny, #cloudy, #windy, #few_hours"
573,Hu Tieu Muc 96 – Squid Noodle Soup,Mon - Sat: 07:00 - 19:00; Sun: closed,https://lh3.googleusercontent.com/p/AF1QipP8blkNDYLvM1gqr1EuC1jkPaB3t-mHEr9I7Zqb=w408-h306-k-no,https://maps.app.goo.gl/W1g86aReoKeiNirs6,10.785881586359162,106.67151276299782,5.0,"96 Do Thi Loi Street, Ward 11, District 3, Ho Chi Minh City, Vietnam","Hu Tieu Muc 96 is a small Vietnamese eatery specializing in squid noodle soup, known for its clear broth, fresh squid, and traditional Southern-style seasoning. The restaurant features a simple indoor dining area with a straightforward and approachable atmosphere, making it a convenient stop for a warm, comforting meal. Popular among nearby residents and breakfast or lunch diners, it offers a home-style, authentic taste that reflects classic Vietnamese noodle culture.","A simple Vietnamese eatery serving fresh squid noodle soup with a traditional, home-style flavor.","#food, #indoor, #traditional, #cheap, #pleasant, #cozy, #morning, #afternoon, #sunny, #cloudy, #windy, #few_hours"
574,Lam Minh Pho,Mon - Sun: 00:00 - 00:00,https://media-cdn-v2.laodong.vn/storage/newsportal/2024/10/4/1403601/Pho-Bat-Dan.jpg,https://maps.app.goo.gl/VW5dF3Aw2U47Sa1J9,10.786180638675976,106.67158451209151,4.8,"219/9/17 Do Thi Loi Street, Ward 11, District 3, Ho Chi Minh City, Vietnam","Lam Minh Pho is a small, local Vietnamese noodle shop specializing in traditional beef pho. The restaurant has a simple and familiar indoor setting, offering a warm and comforting atmosphere typical of neighborhood pho eateries. Known for its fragrant broth, fresh herbs, and well-prepared toppings, the shop serves customers looking for a hearty and authentic Vietnamese meal. It’s a convenient and satisfying stop for breakfast or lunch in the local area.","A small, traditional pho shop serving fragrant beef noodle soup in a simple, home-style setting.","#food, #indoor, #traditional, #cheap, #pleasant, #cozy, #morning, #afternoon, #sunny, #cloudy, #windy, #few_hours"
575,Co Vy Coffee Station,Mon - Sun: 06:00 - 15:30,https://lh3.googleusercontent.com/gps-cs-s/AG0ilSzxSeS6-K2Nc4k1yD5iEu6aaDW2tWvvR33qEDupvpWihDwAgUTUC6rkbMhJBGceRkCasSLagH9maf5efI1Kap2qWDBJtVgDv_5VMkU-1JouBMvuoC0thR2LQQatZ1NDJA8KVOfbqQTW7Z0=w408-h517-k-no,https://maps.app.goo.gl/gnEvTq3F8jYrsSqY6,10.786294594657258,106.67169649431551,5.0,"128 Do Thi Loi Street, Ward 11, District 3, Ho Chi Minh City, Vietnam","Co Vy Coffee Station is a small, casual coffee stall offering quick, affordable drinks such as machine-brewed coffee, traditional Vietnamese phin coffee, matcha, cacao, and other convenient beverages. Designed primarily for takeaway, the shop features a straightforward setup with a few seats for customers who prefer to enjoy their drink on-site. Its friendly neighborhood vibe, fast service, and low prices make it a popular stop for residents looking for a simple and satisfying caffeine fix.","A simple, affordable coffee stall offering quick takeaway drinks with a friendly neighborhood vibe.","#cafe, #drinks, #takeaway, #indoor, #cheap, #pleasant, #cozy, #youthful, #morning, #afternoon, #sunny, #cloudy, #windy, #moment, #few_hours"
576,@Vu Eatery,Mon - Sun: 07:00 - 14:00,https://lh3.googleusercontent.com/geougc-cs/AMBA38vQLnEPR-9USgHiKN-Irgcq9hodjR0kQ7q6p1GtFfoO2WZNBUCPxegHPqoQ9TIWFm5bNi_ZB-9uKm0cclI8acgvnrfLMFj8Nospng2x3nrg4tiLueyI_qIM8_pNXm64Q9glKZnn=w598-h336-p,https://maps.app.goo.gl/nQBBiNJ7Cb56NUwb8,10.786346277712163,106.67170201903348,4.9,"130 Do Thi Loi Street, Ward 11, District 3, Ho Chi Minh City, Vietnam","Vu Eatery – Hoi An Specialties is a cozy local restaurant offering authentic Central Vietnamese dishes such as Cao Lầu, Mi Quang, and house-made Hoi An chili paste. The shop features a casual and semi-outdoor setup that reflects the warmth of a traditional Hội An dining experience. With its distinctive regional flavors, handmade ingredients, and approachable prices, the restaurant attracts diners seeking an authentic taste of Central Vietnam. The dishes are crafted with attention to detail, creating a nostalgic and flavorful experience reminiscent of Hội An’s culinary heritage.","A cozy eatery serving authentic Hoi An specialties like Cao Lau and Mi Quang, with a warm and traditional Central Vietnamese vibe.","#food, #takeaway, #indoor, #traditional, #culture, #rustic, #pleasant, #cheap, #afternoon, #evening, #sunny, #cloudy, #windy, #rain, #few_hours"
577,Uyen Kitchen – Marinated Chicken Feet,Mon - Sat: 15:30 - 21:30; Sun: closed,https://down-vn.img.susercontent.com/vn-11134259-7r98o-lw8fiuija1nfd5,https://maps.app.goo.gl/DoZEM79pTbkbNxLN9,10.787218401672868,106.67188373870313,4.0,"997 Hoang Sa Street, Ward 11, District 3, Ho Chi Minh City, Vietnam","Uyen Kitchen specializes in marinated chicken feet and various ready-to-eat side dishes prepared for quick takeaway. The shop features a casual, semi-outdoor stall-style setup where customers order directly at the counter. Known for its flavorful seasoning, convenient service, and affordable prices, the place attracts students, office workers, and locals looking for a tasty snack on the go. With its lively sidewalk atmosphere and steady flow of customers, the stall delivers a distinctly urban Vietnamese street-food experience.",A lively stall offering flavorful marinated chicken feet and quick takeaway snacks at affordable prices.,"#food, #snacks, #takeaway, #outdoor, #cheap, #youthful, #vibrant, #pleasant, #rustic, #afternoon, #evening, #sunny, #cloudy, #windy, #moment, #few_hours"
578,O Huyen – Hue Beef Noodle Soup,Mon - Sun: 06:00 - 13:30,https://lh3.googleusercontent.com/gps-cs-s/AG0ilSzhHTAoEdR4jFhBAL6ScfP5oTmqBG0e1SoLPIu05tGeOw3_5JuhgRzFUC2hRwJZyf4fAbJ-radNHeWJsFb9dHQcLzyMl0HIPAjJsXhcwqY74XEEoFjHaaab0HgYUBAizXIW5tM0DIWJmyPb=w408-h544-k-no,https://maps.app.goo.gl/t6GaFtKRRfdSHTFS6,10.787233711662548,106.67190635184139,4.1,"997 Hoang Sa Street, Ward 11, District 3, Ho Chi Minh City, Vietnam","O Huyen serves Hue-style beef noodle soup in a casual, semi-outdoor setting typical of neighborhood Vietnamese eateries. The restaurant features low stools, open cooking areas, and a lively street-side atmosphere. Its broth is rich and flavorful, complemented by fresh herbs and traditional Central Vietnamese seasonings. Popular among locals for breakfast and lunch, the shop offers an authentic taste of home-style bún bò Huế at approachable prices, capturing the rustic charm and culinary heritage of Central Vietnam.","A rustic, casual eatery offering flavorful Hue-style beef noodle soup in a lively street-side setting.","#food, #outdoor, #traditional, #culture, #rustic, #cheap, #pleasant, #morning, #afternoon, #sunny, #cloudy, #windy, #few_hours"
579,"Two Sisters – Rice Paper Rolls with Beef, Fish Balls & More",Mon - Sun: 06:00 - 21:00,https://lh3.googleusercontent.com/gps-cs-s/AG0ilSwoUDWiHohDTDJXLUrHs5VYo9q_C5nq1HS0H6PBkuhiZQN7Illz-_21h392dfL4lo7TDzx3CIHkHls20Xfmb3FdN0LROZh2j9fC35c2K4N_5aYykfLBt58_ORjAevNf1t73VatVnw=w408-h506-k-no,https://maps.app.goo.gl/mWCSCKDwMi66AhzU8,10.787408675257913,106.67136379404592,4.3,"1013 Hoang Sa Street, Ward 11, District 3, Ho Chi Minh City, Vietnam","Two Sisters Roll Shop is a small street-side eatery specializing in fresh Vietnamese rice paper rolls filled with ingredients such as grilled beef, fish balls, herbs, and rice noodles. The rolls are prepared on the spot and served with flavorful dipping sauces, making it a convenient option for a light snack or quick meal. The shop has a simple semi-outdoor setup, offering an authentic and approachable local experience that appeals to students, residents, and anyone craving fresh Vietnamese rolls at an affordable price.",A small street-side shop offering freshly made Vietnamese rice paper rolls at affordable prices.,"#food, #snacks, #takeaway, #streetfood, #cheap, #pleasant, #youthful, #rustic, #afternoon, #evening, #sunny, #cloudy, #windy, #moment, #few_hours"
580,CheeBee – Hamburger & Hotdog Stand,Mon - Sun: 10:00 - 22:00,https://lh3.googleusercontent.com/gps-cs-s/AG0ilSwS5wye0f5dALh9jbVRd1sPnp-2jeKIsNIuKAuDkOaSmwi4TC6Dnuqm_X8dKQxqTF6MPSCPvgL8YDGzjPNoGtni0_6FAx8wMuf7BgeHuOHF7kP-mfGkwK2lyc_NznYAiiILJQOQ2g=w408-h544-k-no,https://maps.app.goo.gl/tjcwxoBbk7zbD9S28,10.78799508517205,106.67170403933395,4.0,"1076 Truong Sa Street, Ward 12, District 3, Ho Chi Minh City, Vietnam","CheeBee Hamburger & Hotdog is a trendy street-side food stand serving American-style fast food such as burgers, hotdogs, fries, and quick snacks. The stall features a vibrant, youthful design with bright lighting that attracts passersby, especially in the evening. Known for its convenient service and accessible prices, CheeBee is a popular spot for students, couples, and night-time snack seekers looking for a fun, casual bite. Its outdoor setup and lively atmosphere make it a go-to place for quick comfort food in the neighborhood.","A vibrant street-side stand serving affordable burgers, hotdogs, and quick snacks in a youthful, lively setting.","#food, #snacks, #takeaway, #cheap, #youthful, #vibrant, #pleasant, #modern, #unique, #evening, #late_night, #sunny, #cloudy, #windy, #moment, #few_hours"
581,Bui Phat – Crab Thick Noodle Soup,Mon - Sun: 07:00 - 21:00,https://tse2.mm.bing.net/th/id/OIP.RXx-zjyWTemPM8bzju2zvAHaEo?cb=ucfimg2&ucfimg=1&rs=1&pid=ImgDetMain&o=7&rm=3,https://maps.app.goo.gl/7W7eyUbQzjVUd1nD9,10.789001539606936,106.67255425765428,4.4,"453/95 D. Le Van Sy Street, Ward 12, District 3, Ho Chi Minh City, Vietnam","Bui Phat serves traditional Vietnamese crab thick noodle soup (bánh canh cua) in a cozy, family-style setting. The shop operates in a semi-outdoor space with simple seating, cooking pots placed upfront, and a warm, approachable neighborhood atmosphere. Known for its rich broth, fresh crab meat, and homemade-style preparation, the eatery attracts locals looking for comforting, flavorful Vietnamese dishes. Its casual and friendly environment reflects the character of a classic Saigon family-run noodle shop.",A cozy family-run eatery serving rich and comforting Vietnamese crab noodle soup.,"#food, #outdoor, #traditional, #culture, #rustic, #cheap, #pleasant, #afternoon, #evening, #sunny, #cloudy, #windy, #few_hours"
582,Ba Hung Snail & Seafood Eatery,Mon - Sun: 16:00 - 23:30,https://lh3.googleusercontent.com/gps-cs-s/AG0ilSzH6HsOzVRRvM7wVSJNnCNtubb392lASehgEVhLYPCl02mALdtNwjMc7DJOvvu0hxZHJvtIKW-j6n5phHgmf2s0253o-aOXctUZiV4d2Ev6e3IMVS2WeYvaaSKW26sM7s0z-h3odg=w408-h544-k-no,https://maps.app.goo.gl/9ZswaGGN82baxuX37,10.789115324976027,106.6728719572076,4.2,"453/83 Le Van Sy Street, Ward 12, District 3, Ho Chi Minh City, Vietnam","Ba Hung Snail & Seafood Eatery is a lively street-style restaurant offering a wide variety of Vietnamese snail and seafood dishes cooked to order. With its semi-outdoor setup, bustling atmosphere, and aromatic grilling and stir-frying, the eatery captures the true spirit of Saigon’s night-time seafood culture. Dishes are flavorful, affordable, and served in a casual, energetic environment where groups of friends often gather to enjoy snacks, seafood, and conversations late into the evening.","A lively street-style seafood spot serving flavorful snail dishes in a casual, energetic setting.","#food, #snacks, #outdoor, #cheap, #vibrant, #youthful, #rustic, #pleasant, #evening, #late_night, #sunny, #cloudy, #windy, #few_hours"
583,Childhood Station,Mon - Sun: 08:00 - 21:30,https://lh3.googleusercontent.com/gps-cs-s/AG0ilSy3QD_L7Wrbclg4ys_QlouwTf4efvO9igiZclnydAnDnzypGTVr2Ft4cHFOLV9gWMtquknjPXneNZasos1mBEJ2AIXGX5kzmC2Pul07ihstxKyV6eGsVmNdGKQvuyGQtrp26pi3uw=w298-h298-k-no,https://maps.app.goo.gl/Cvn2zPKuKRccYhdh6,10.789292317664822,106.6727742818842,5.0,"491/61F Le Van Sy Street, Ward 12, District 3, Ho Chi Minh City, Vietnam","Childhood Station is a small street-side snack shop offering simple Vietnamese childhood-style treats such as sweet soups, snacks, and homemade comfort dishes. The shop operates in a casual outdoor setting with plastic stools and a friendly, easygoing atmosphere. Affordable prices, familiar flavors, and a relaxed environment make it a popular stop for students and locals looking for light snacks and nostalgic street food.",A casual street-side snack shop serving nostalgic Vietnamese treats at affordable prices.,"#food, #snacks, #takeaway, #outdoor, #cheap, #pleasant, #youthful, #rustic, #afternoon, #evening, #sunny, #cloudy, #windy, #moment, #few_hours"
584,Bui Phat – Pasteur-Style Beef Pho,"Mon - Sat: 06:00 -13:00, 17:00 - 21:00; Sun: 06:00 - 13:00",https://lh3.googleusercontent.com/gps-cs-s/AG0ilSwHNMDIFpLtPcdF0Xg4ASAVRQI1dT1DNvwjrlQZXmEris23FLbuTsKU-mXAlkgC1KB8tMTeONqlOKkPDxyDxKccYIQvkjdPNl1-GAQvhsKCcG-lsJmVEa35CLTrAcMvcCvhVvz3=w298-h298-k-no,https://maps.app.goo.gl/W1sphvN214XhCR5e8,10.789115584360031,106.67325438277125,5.0,"453 Alley 63, Le Van Sy Street, Ward 12, District 3, Ho Chi Minh City, Vietnam","Bui Phat Pasteur-Style Beef Pho is a local Vietnamese eatery serving classic beef noodle soup along with additional dishes like bò kho. The restaurant features a clean indoor setup with a steady flow of customers, offering comforting, traditional flavors at affordable prices. With its flavorful broth, well-prepared toppings, and home-style cooking, the shop attracts residents looking for a satisfying and reliable bowl of pho in a simple, no-fuss environment.","A simple indoor pho shop serving traditional beef noodle soup with warm, home-style flavors.","#food, #indoor, #traditional, #culture, #cheap, #pleasant, #cozy, #morning, #afternoon, #sunny, #cloudy, #windy, #rain, #few_hours"
585,Oc Tien – Local Snail & Seafood Spot,Mon - Sun: 16:00 - 21:00,https://lh3.googleusercontent.com/gps-cs-s/AG0ilSzEB7oulo7q8VQ2lio-OZBkqm1NPQFxK_0X1ElUqDhoLudrH8evq8bmM5Fdo9blJCb6RWmsRBJMKSXp6nErkvy9hBlW_xkoSRsTQIs3L_YCWQt95rss1187w9PXw-q4BX_DxYXG=w408-h340-k-no,https://maps.app.goo.gl/Bh5DHakXLcVo1V1n9,10.789344152749363,106.67310954348689,3.8,"453/92 Le Van Sy Street, Ward 12, District 3, Ho Chi Minh City, Vietnam","Oc Tien is a casual local seafood stall serving a variety of Vietnamese-style snails and shellfish, typically cooked with chili, garlic, and fragrant seasonings. The setting is simple and street-style, aiming to deliver bold flavors and affordable dishes rather than ambiance. Popular among nearby residents, it’s a spot for quick, satisfying street seafood with a lively, everyday atmosphere.",A simple street-style snail stall offering affordable Vietnamese seafood dishes.,"#food, #streetfood, #outdoor, #cheap, #vibrant, #youthful, #pleasant, #evening, #sunny, #cloudy, #windy, #rain, #moment, #few_hours"
586,Nora Art Café – Paint & Figurine Workshop,Mon - Fri: 11:00 - 22:00; Sat - Sun: 09:00 - 23:00,https://lh3.googleusercontent.com/gps-cs-s/AG0ilSyjHAXfDt6C4tuzZ7PsdvS1pKagTC0K7OgaxK5mK7zdfloYRNEaUhg5qZNfjBMw6HFQDjaNEh_Cn2XgH4RLgm8foB_yPlpF22-C_9K4RKrInYWMhED7tPjqtkqwdIGjnKVhRKEg=w215-h280-p-k-no,https://maps.app.goo.gl/YPaZWCE9YqsKbYKRA,10.789420582603789,106.67372445092658,5.0,"491A/14 Le Van Sy Street, Ward 12, District 3, Ho Chi Minh City, Vietnam","Nora Art Café is a creative and cozy spot where guests can enjoy drinks while painting figurines or engaging in small art workshops. The space is colorful, welcoming, and designed for relaxation, creativity, and casual hangouts. It’s a great place for couples, friends, or anyone looking for a fun hands-on activity beyond the usual coffee shop experience.",A cozy art café offering drinks and figurine-painting workshops.,"#cafe, #workshop, #photo, #indoor, #cozy, #artistic, #youthful, #pleasant, #unique, #long_time, #few_hours, #sunny, #cloudy"
587,TOUS les JOURS – Le Van Sy,Mon - Sun: 06:30 - 22:00,https://lh3.googleusercontent.com/p/AF1QipO96guYTKJwijh1fxuUtCwtBMiMfe7enKJcPsLu=w408-h281-k-no,https://maps.app.goo.gl/JtExtQ1SrRd3C9u48,10.789801691253528,106.67405769809709,4.0,"481 Le Van Sy Street, Ward 12, District 3, Ho Chi Minh City, Vietnam","TOUS les JOURS – Le Van Sy is a modern, multi-floor bakery café offering fresh pastries, breads, cakes, and a range of beverages. The space is bright, clean, and air-conditioned, making it a comfortable spot for casual meetups, light work, or enjoying a quick snack. As part of a well-known Korean bakery chain, it provides consistent quality and a pleasant, contemporary ambiance.","A modern bakery café offering fresh pastries, cakes, and drinks in a bright, comfortable space.","#cafe, #snacks, #takeaway, #indoor, #modern, #pleasant, #cozy, #photo, #moment, #few_hours, #morning, #evening, #sunny, #cloudy"
588,QAN Photobooth,Mon - Sun: 09:00 - 23:00,https://lh3.googleusercontent.com/p/AF1QipPxcc0tlpUtilv3FaLmIfbSMNFlkaatRnfM2rH8=w408-h340-k-no,https://maps.app.goo.gl/AXJESAhFhoWrtRXa7,10.790078050039254,106.67416401079818,5.0,"534 Le Van Sy Street, Ward 14, District 3, Ho Chi Minh City, Vietnam","QAN Photobooth is a creatively designed self-photo studio known for its colorful, playful sets and high-quality lighting. With multiple themed corners—from retro to vibrant modern styles—it offers a fun and aesthetic environment for friends, couples, or individuals to capture memorable shots. The space is fully indoor, well-lit, and styled for social-media-friendly photography, making it an ideal stop for quick creative sessions or group activities.",A colorful indoor self-photo studio with playful themed sets perfect for creative and social-media-friendly shots.,"#photo, #indoor, #youthful, #artistic, #unique, #pleasant, #vibrant, #modern, #moment, #few_hours, #morning, #evening, #sunset, #sunny, #cloudy, #windy"
589,Rakuen Hotpot,Mon - Sun: 10:00 - 22:30,https://tse4.mm.bing.net/th/id/OIP.GimZCNlhxWdHar1s6jAOcAHaJ4?cb=ucfimg2&ucfimg=1&rs=1&pid=ImgDetMain&o=7&rm=3,https://maps.app.goo.gl/HaHKLWqBoLvTkJzE6,10.789922199880802,106.67394905396986,4.8,"483 Le Van Sy Street, Ward 12, District 3, Ho Chi Minh City, Vietnam","Rakuen Hotpot is a popular multi-floor hotpot restaurant offering a modern dining space with large windows, bright lighting, and a comfortable atmosphere suitable for groups and families. Known for its flavorful broths, fresh ingredients, and generous portions, the restaurant provides an enjoyable and social dining experience. With its stylish interior and spacious seating, it’s a great spot for gatherings, celebrations, or casual meals.","A modern multi-floor hotpot restaurant offering flavorful broths and a spacious, comfortable dining atmosphere.","#food, #indoor, #spacious, #modern, #vibrant, #fun, #pleasant, #cozy, #evening, #late_night, #few_hours, #long_time, #sunny, #cloudy, #windy, #rain, #luxury"
590,Chu Hai Free-Range Chicken,Mon - Sun: 00:00 - 00:00,https://lh3.googleusercontent.com/gps-cs-s/AG0ilSz8258jnofJJ-5pNo_NT2rmG5LZH2d-AjhkM_guFD7AqxR92M3uicX38DTAHOdYPqKVC-8168FVwf-vhYjymMcRs2sUFG6bHc4SvTI2YjI167Nt1T54_hH2qBcIZjhYh_1sGyM=w408-h408-k-no,https://maps.app.goo.gl/ZFEtkQnjG7b9GHmm7,10.789528830902654,106.67463436969979,4.4,"443 Le Van Sy Street, Ward 12, District 3, Ho Chi Minh City, Vietnam","Chu Hai Free-Range Chicken is a local Vietnamese eatery specializing in free-range chicken dishes served with herbs, dipping sauces, and warm soup. The shop has a simple, familiar, and no-frills setup typical of neighborhood food spots, offering a casual and comforting dining experience. It’s a popular choice for quick meals, takeaway orders, and anyone craving traditional Vietnamese chicken prepared in a rustic, home-style manner.","A casual local eatery serving traditional Vietnamese free-range chicken dishes with a simple, home-style vibe.","#food, #indoor, #traditional, #rustic, #pleasant, #cozy, #morning, #evening, #moment, #few_hours, #sunny, #cloudy, #windy, #cheap"
591,Pizza Hut – Le Van Sy,Mon - Sun: 10:00 - 22:00,https://lh3.googleusercontent.com/gps-cs-s/AG0ilSyIxrpa63OStVGgYCW0Ihwrm9JOBTTPjGagNwX-nt_M_jakWuz50s57s-4qzsXfL42orz4IMrgcDbdUUlhGN9amXVXTrLjDeBJjPNX19R-qp0nQE6kX-RXNYXfSPWdTxFIf6J_MgQ=w215-h280-p-k-no,https://maps.app.goo.gl/HR3NQh6UZ1bAua1r9,10.789599055840053,106.67453008340374,4.7,"451 Le Van Sy Street, Ward 12, District 3, Ho Chi Minh City, Vietnam","Pizza Hut – Le Van Sy is a well-known international pizza chain offering a wide range of pizzas, pasta, wings, sides, and desserts in a casual, modern dining space. With both dine-in and takeaway service, it’s a convenient spot for groups, families, or anyone craving American-style comfort food. The restaurant maintains consistent quality and a familiar global taste, making it a reliable choice for casual meals or quick gatherings.","A modern casual pizza chain offering classic pizzas, pasta, and sides with dine-in and takeaway options.","#food, #indoor, #modern, #pleasant, #youthful, #evening, #late_night, #few_hours, #sunny, #cloudy, #windy"
592,Mui Cake,Mon - Sun: 08:00 - 21:30,https://lh3.googleusercontent.com/gps-cs-s/AG0ilSy_hN2Xzgp882nQomKgvccugF4ECRn8Ab_IClrDCHBel7caOUheviAXFPF1on72z0E8MnxxPF4JkNz2DBdZT4IblAJWhU_aANTFrsAjz474ooF8rA08lC6Bs3CPDlHSvYJtnNxR=w215-h280-p-k-no,https://maps.app.goo.gl/HJ6VH3UJuLbRUQ6D6,10.789989700080591,106.67498731436524,5.0,"490/12 Le Van Sy Street, Ward 14, District 3, Ho Chi Minh City, Vietnam","Mui Cake is a popular dessert shop known for its freshly baked cakes, sweet treats, and beautifully packaged takeaway items. The shop focuses on high-quality flavors and attractive presentation, making it a favorite choice for gifts, celebrations, or enjoying desserts at home. Although small in size and mainly designed for takeaway orders, it has a bright, modern look that highlights the creativity of its desserts. A reliable stop for anyone who loves pastries and handcrafted sweets.","A popular dessert shop offering fresh, beautifully packaged cakes designed mainly for takeaway.","#food, #takeaway, #snacks, #modern, #pleasant, #youthful, #cozy, #morning, #evening, #moment, #few_hours, #sunny, #cloudy, #windy, #outdoor"
593,Busan Korean Food,Mon - Sun: 10:00 - 21:00,https://tse1.mm.bing.net/th/id/OIP.vPy9TRGiCxUrSAS-cy3JnQHaE8?rs=1&pid=ImgDetMain&o=7&rm=3,https://maps.app.goo.gl/y2bzWXDp5872qq226,10.787503199337719,106.67886215716705,3.8,"346 Le Van Sy Street, Ward 14, District 3, Ho Chi Minh City, Vietnam","Busan Korean Food is a casual Korean restaurant serving a variety of seafood dishes, fried specialties, rice meals, and everyday Korean comfort food. The space feels simple and straightforward, offering a familiar, no-fuss dining experience suitable for quick meals or casual gatherings. With dine-in, takeaway, and delivery services, it’s a convenient spot for anyone craving Korean flavors in a budget-friendly setting.","A casual Korean restaurant serving everyday comfort food with dine-in, takeaway, and delivery options.","#food, #indoor, #modern, #cheap, #pleasant, #youthful, #evening, #few_hours, #sunny, #cloudy, #windy"
594,Steak 39k – Branch 2,Mon - Sun: 00:00 - 00:00,https://lh3.googleusercontent.com/gps-cs-s/AG0ilSxn2twykAaVxCWnsyUj1eFisHiKxIMqrT6U7MDYlScGN6aAOwn92RH2pLLcEIdjYJdYFHKGgHWdmIWS6k7C29dqFHv7bYHjrHpvSC0mQyupR7VxVfROVrx17eRVpDM6PljRaPm8fVdazBCw=w408-h544-k-no,https://maps.app.goo.gl/ojnNQ9F1oWPUGGXx6,10.788051465416386,106.67782455549606,4.3,"378 Le Van Sy Street, Ward 14, District 3, Ho Chi Minh City, Vietnam","Steak 39k – Branch 2 is a budget-friendly local restaurant serving Vietnamese-style steak plates with fries, eggs, pâté, and bread. Despite the low price point, the shop offers a colorful, casual, and lively dining atmosphere that attracts students and young customers. With its bright seating area and quick service, it's a convenient stop for inexpensive, satisfying meals whether dining in or taking away.",A budget-friendly spot offering Vietnamese-style steak plates in a lively and casual setting.,"#food, #indoor, #cheap, #modern, #youthful, #vibrant, #pleasant, #evening, #moment, #few_hours, #sunny, #cloudy, #windy"
595,Che Buoi Vinh Long – 418 Le Van Sy,Mon - Sun: 10:00 - 23:00,https://lh3.googleusercontent.com/p/AF1QipP22mWbC0E97mqtNq7gwfDczikR2Sbs-aRttOx6=w408-h544-k-no,https://maps.app.goo.gl/Ur2PDNsNnfhgrepKA,10.789010842595264,106.67618727121719,4.1,"418 Le Van Sy Street, Ward 14, District 3, Ho Chi Minh City, Vietnam","Che Buoi Vinh Long – 418 Le Van Sy is a popular Vietnamese dessert shop serving chè, sweet soups, and refreshing snacks inspired by flavors from Vinh Long. The shop offers a casual and bright setup, allowing customers to enjoy their desserts on-site, order takeaway, or pick up items quickly from the front counter. Known for affordable prices and convenient service, it’s a go-to spot for anyone craving light, sweet Vietnamese treats.",A casual dessert shop offering traditional Vietnamese sweet soups and snacks at affordable prices.,"#food, #snacks, #takeaway, #indoor, #cheap, #pleasant, #youthful, #cozy, #morning, #evening, #moment, #few_hours, #sunny, #cloudy, #windy"
596,Lan Hue Banh Mi,"Mon - Sun: 06:00 - 10:30, 15:00 - 23:00",https://tse2.mm.bing.net/th/id/OIP.7AxOG7P4ULbXIP6usXmbvAHaHa?rs=1&pid=ImgDetMain&o=7&rm=3,https://maps.app.goo.gl/KZGFheokV35PS4kE6,10.78909449850146,106.67640453062229,4.3,"402/3 Le Van Sy Street, Ward 14, District 3, Ho Chi Minh City, Vietnam","Lan Hue Banh Mi is a well-known local sandwich stall offering traditional Vietnamese banh mi with various fillings prepared fresh throughout the day. The stall has a lively, street-food atmosphere where customers can quickly grab their order or enjoy it right at the spot. With fast service, affordable prices, and a familiar neighborhood vibe, it’s a popular choice for a quick breakfast, late snack, or takeaway meal.","A popular street-food stall serving fresh, affordable traditional Vietnamese banh mi.","#food, #streetfood, #takeaway, #snacks, #outdoor, #cheap, #youthful, #pleasant, #morning, #evening, #moment, #sunny, #cloudy, #windy"
597,Banana Prince Bakery,Mon - Fri: 15:30 - 21:00,https://lh3.googleusercontent.com/gps-cs-s/AG0ilSy4-7X1dpIeK7I1ogTubiEgKNMYGTVmWPp9OV-fpX02_WUpQdtGNpdrh2ZyBmtcqUtyGUEUqmP8OKKHg4Ta8tPmOMT_BZN-9JA60_f0dNlIrBPEZlo6EmJ8xDoGa9VBUCLfCRn-=w408-h306-k-no,https://maps.app.goo.gl/mkbpB8yrdVciU7557,10.789161027076945,106.67605383179246,5.0,"Alley 420 Le Van Sy Street, Ward 14, District 3, Ho Chi Minh City, Vietnam","Banana Prince Bakery is a small local bakery known for its signature banana pastries and freshly baked treats. With a simple takeaway-focused setup, the shop attracts customers looking for quick, flavorful snacks at an affordable price. Its pastries are popular for their soft texture and rich banana aroma, making it a convenient stop for breakfast, a light snack, or a sweet treat on the go","A small local bakery known for its fresh banana pastries, perfect for quick takeaway snacks.","#food, #snacks, #takeaway, #outdoor, #cheap, #pleasant, #youthful, #cozy, #morning, #evening, #moment, #few_hours, #sunny, #cloudy, #windy"
598,Pacho Pocha Express – District 3,Mon - Sun: 11:30 - 23:30,https://top10hcmcity.com/wp-content/uploads/2024/09/pacho-pocha7.jpg,https://maps.app.goo.gl/fT8nytZ7HykVYbC68,10.787300421180795,106.68259491261253,3.9,"220/58 Le Van Sy Street, Ward 14, District 3, Ho Chi Minh City, Vietnam","Pacho Pocha Express – District 3 is a casual Korean pocha-style restaurant serving street-inspired dishes like tteokbokki, fried snacks, rice bowls, and spicy comfort food. The space has a lively, youthful vibe typical of Korean late-night eateries, offering both dine-in and quick pick-up service. With affordable pricing and bold flavors, it’s a popular hangout spot for groups of friends or anyone craving quick, fun Korean street-style meals.","A lively Korean pocha-style eatery offering quick, affordable Korean street-food dishes.","#food, #snacks, #takeaway, #indoor, #cheap, #modern, #youthful, #vibrant, #pleasant, #evening, #late_night, #few_hours, #sunny, #cloudy, #windy"
599,Pasteur Street Craft Beer – Ngo Thoi Nhiem,Mon - Sun: 11:00 - 00:00,https://lh3.googleusercontent.com/p/AF1QipO7luj_PQlypYBGIiMhOX1rxp9cJPfJGXFRGA7q=w408-h271-k-no,https://maps.app.goo.gl/ZjW6uEzmBuMKVWXb9,10.780829817358011,106.69038283003457,4.8,"23A Ngo Thoi Nhiem Street, Ward 6, District 3, Ho Chi Minh City, Vietnam","Pasteur Street Craft Beer – Ngo Thoi Nhiem is a premium craft beer taproom offering a wide selection of locally brewed beers with international brewing techniques. The space features a warm, stylish interior with wooden accents, ambient lighting, and a polished bar area—perfect for social hangouts, date nights, or after-work gatherings. Along with its signature craft beers, the bar also serves curated food pairings, creating a refined yet approachable drinking experience in the heart of District 3.","A stylish taproom offering premium local craft beers with a warm, modern atmosphere.","#drinks, #bar, #photo, #indoor, #modern, #elegant, #luxury, #unique, #romantic, #pleasant, #vibrant, #cozy, #evening, #late_night, #few_hours, #long_time, #sunny, #cloudy, #windy, #food"
600,Beef Steak 100g – Nguyen Gia Thieu,Mon - Sun: 08:00 - 20:00,https://tse4.mm.bing.net/th/id/OIP.w_7IAOBXNXg1a6b9157F8QHaE7?rs=1&pid=ImgDetMain&o=7&rm=3,https://maps.app.goo.gl/2RP5SKhNxg99NAY87,10.77930267667922,106.68959312884397,4.4,"2/108 Nguyen Gia Thieu Street, Ward 6, District 3, Ho Chi Minh City, Vietnam","Beef Steak 100g is a long-standing local eatery known for its Vietnamese-style steak plates served with eggs, pâté, bread, fries, and classic sauces. The restaurant has a nostalgic, old-school atmosphere with simple seating and a casual neighborhood vibe. Popular for its affordable prices and comforting flavors, it's a reliable choice for quick meals, group hangouts, or takeaway orders.","A classic local spot serving affordable Vietnamese-style steak plates in a simple, familiar setting.","#food, #takeaway, #indoor, #luxury, #traditional, #pleasant, #vibrant, #morning, #evening, #moment, #few_hours, #sunny, #cloudy, #windy"