id,Name,Area,Link Area,Latitude,Longitude,Overview,Image,Tags
1,Nguyen Hue Walking Street,"Nguyen Hue Street, Ben Nghe Ward, District 1, Ho Chi Minh City, Vietnam",https://maps.app.goo.gl/vQhmHQs9RvkthYei7,10.77417851,106.7036607,"Nguyen Hue Walking Street is one of the most famous and vibrant destinations in the heart of Saigon. Stretching from the City Hall to the Saigon River, it offers a spacious and modern pedestrian area surrounded by cafes, restaurants, and historical landmarks. The street attracts both locals and tourists who come to relax, enjoy the open-air atmosphere, and watch dynamic street performances. During weekends and holidays, it becomes a lively gathering spot filled with music, laughter, and art shows. At night, colorful LED lights and fountain displays create a dazzling scene. Visitors can take photos, try local snacks, or simply immerse themselves in the city’s youthful and energetic vibe. It’s truly a must-visit place to experience the modern spirit of Ho Chi Minh City.",https://static.vinwonders.com/production/pho-di-bo-nguyen-hue-o-dau-2.jpg,#FewHours #Evening #Walk #Hangout #Outdoor #UrbanView #Energetic #BudgetFriendly
2,Ben Thanh Market,"Ben Thanh, District 1, Ho Chi Minh City, Vietnam",https://maps.app.goo.gl/ZVFq7M3fR49jZEVc9,10.77257213,106.6980235,"Ben Thanh Market is one of the most iconic landmarks of Saigon, representing the city’s vibrant culture and long history. First established in the 18th century, it has been relocated and rebuilt several times before reaching its current location in 1914. The market is easily recognized by its classic French-style architecture and the iconic clock tower that stands proudly at the main entrance. Inside, visitors can find a wide variety of products, from traditional handicrafts and souvenirs to clothing, spices, and local delicacies. The market is also a great place to taste authentic Vietnamese street food and experience the daily life of Saigonese people. Both locals and tourists come here not only to shop but also to enjoy the bustling and colorful atmosphere. Ben Thanh Market remains a timeless symbol of Ho Chi Minh City’s charm and cultural identity.",https://upload.wikimedia.org/wikipedia/commons/thumb/9/91/Ben_Thanh_market_2.jpg/960px-Ben_Thanh_market_2.jpg,#FewHours #Morning #Shop #Explore #Indoor #Crowded #Energetic #Fair 
3,Bui Vien Walking Street,"Pham Ngu Lao Ward, District 1, Ho Chi Minh City, Vietnam",https://maps.app.goo.gl/ojddikvEEZe2yT5M9,10.7674037,106.693889,"Bui Vien Walking Street is one of the most famous and energetic “sleepless” areas in Saigon, known for its lively and youthful atmosphere. Located in the city center, it attracts both locals and international visitors who come to enjoy its endless nightlife. The street is lined with bustling bars, pubs, cafes, and restaurants offering everything from local dishes to international cuisine. Street performers, live music, and dazzling neon lights make the area come alive after sunset. Visitors can sit at a roadside bar, enjoy a cold drink, and watch the vibrant flow of people passing by. Bui Vien is also a popular place for backpackers seeking affordable fun and cultural exchange. With its mix of entertainment, food, and nightlife, it truly represents the dynamic and modern spirit of Saigon.",https://ik.imagekit.io/tvlk/blog/2022/12/pho-di-bo-bui-vien-cover.jpg,#FewHours #Night #Drink #Hangout #Crowded #UrbanView #Fun #Fair
4,Notre-Dame Cathedral of Saigon,"Paris Commune Square, Ben Nghe Ward, District 1, Ho Chi Minh City, Vietnam",https://maps.app.goo.gl/8PGrfYzRABpdSq4s9,10.7798382,106.6990216,"Saigon Notre-Dame Cathedral is one of the most iconic landmarks of Ho Chi Minh City, rich in history and culture. Built in the late 19th century in a Romanesque and Gothic architectural style by the French, the cathedral stands out with its twin bell towers and distinctive red bricks imported from Marseille. Beyond its religious significance, it serves as a popular tourist attraction that draws both locals and visitors worldwide. Although currently under restoration, the cathedral remains a symbol of timeless beauty and an unmissable destination in the heart of Saigon.",https://static.vinwonders.com/production/nha-tho-duc-ba-topbanner.jpg,#FewHours #SunnyDay #CheckIn #PhotoSpot #Outdoor #VintageStyle #Peaceful #BudgetFriendly
5,Bach Dang Pier,"No. 1, Ton Duc Thang Street, Ben Nghe Ward, District 1, Ho Chi Minh City, Vietnam",https://maps.app.goo.gl/RssQrL64A1PRkZ7JA,10.77580563,106.7069769,"Bach Dang Wharf is a vibrant riverside park and pier located along the Saigon River, attracting both locals and tourists. It is an ideal spot to enjoy the city’s scenery, breathe in the fresh air, and admire the stunning view as the sun sets over the skyline. Beyond its modern charm and lively atmosphere, the wharf holds deep historical significance, symbolizing the nation’s heroic victories and resilient spirit. Today, it also serves as the starting point for high-speed boat trips to Vung Tau and other scenic river tours. Visitors can take a leisurely walk, capture beautiful photos, savor riverside cuisine, or enjoy a relaxing night cruise on the river.",https://cdn.xanhsm.com/2024/12/1ca4e46f-ben-bach-dang-7.jpg,#FewHours #Walk #CheckIn #ByRiver #WithView #ChillVibe #BudgetFriendly
6,Nguyen Van Binh Book Street,"Nguyen Van Binh Street, Ben Nghe Ward, District 1, Ho Chi Minh City, Vietnam",https://maps.app.goo.gl/Ea7kEcucEQ1mkZ4f8,10.78062237,106.69983,"Nguyen Van Binh Book Street is a unique cultural attraction in the heart of Saigon, drawing both locals and tourists. Lined with lush trees, this charming street is a “book paradise” featuring dozens of stalls from well-known publishers and bookstores. It’s not only a haven for book lovers but also a relaxing space for coffee, reading, and cultural exchange. Visitors can stroll around, take photos, read books, or simply enjoy the peaceful atmosphere amid the bustling city. The street also hosts regular exhibitions, events, and children’s activities that promote the love of reading throughout the community.",https://static.vinwonders.com/production/duong-sach-nguyen-van-binh-banner.jpg,#FewHours #Weekend #Read #Walk #Outdoor #QuietSpot #Peaceful #BudgetFriendly
7,Vincom Dong Khoi,"72 Le Thanh Ton Street and 45A Ly Tu Trong Street, Ben Nghe Ward, District 1, Ho Chi Minh City, Vietnam",https://maps.app.goo.gl/SNqAbLsDeSpsmZiTA,10.77784103,106.701665,"Vincom Center Dong Khoi is one of Ho Chi Minh City’s most luxurious shopping malls, located in the heart of District 1. It features over 150 top fashion, dining, and entertainment brands, creating the perfect space for shopping, dining, and relaxation. Visitors can enjoy international cuisine at Haidilao, San Fu Lou, or Sushi Hokkaido Sachi, and sip coffee at Starbucks or Cong Café. The modern CGV cinema and Vuivuiland play zone make it an ideal destination for families and friends. With its elegant design and premium services, Vincom Dong Khoi stands as a symbol of modern lifestyle in the vibrant heart of Saigon.",https://mia.vn/media/uploads/blog-du-lich/vincom-dong-khoi-1-1733417434.jpg,#FewHours #Weekend #Shop #Eat #Indoor #CoolAir #Positive #Pricey
8,Ho Chi Minh City Post Office,"No. 2, Paris Commune Square Street, Ben Nghe Ward, District 1, Ho Chi Minh City, Vietnam",https://maps.app.goo.gl/GDb7f7y8emxpgYZ46,10.77994057,106.699902,"Saigon Central Post Office is one of Ho Chi Minh City’s most iconic architectural landmarks, built between 1886 and 1891 in an eclectic style designed by French architect Marie-Alfred Foulhoux. The building harmoniously blends Western architecture with Eastern decorative details. Inside, it features impressive iron arches and two hand-painted historical maps. Gustave Eiffel was involved in the early design phase. After several restorations, most notably in 2014, the post office remains a popular tourist attraction and a symbol of the city’s colonial heritage.",https://mia.vn/media/uploads/blog-du-lich/buu-dien-thanh-pho-mat-tien-1692315362.jpg,#FewHours #Morning #CheckIn #Explore #Indoor #VintageStyle #Calm #BudgetFriendly
9,"Independence Palace
","No. 135 Nam Ky Khoi Nghia Street, Ben Thanh Ward, District 1, Ho Chi Minh City, Vietnam",https://maps.app.goo.gl/q12CsHX9i4TDphAy5,10.77702577,106.6952946,"The Independence Palace, also known as the Reunification Palace, is a famous historical landmark in Ho Chi Minh City. Designed by architect Ngo Viet Thu and completed in 1966, it once served as the workplace of the President of South Vietnam before 1975. The building features a modern architectural style harmoniously blended with traditional Vietnamese elements. On April 30, 1975, Liberation Army tanks entered the palace, marking the reunification of the country. Today, the palace is a national special historical site and a popular attraction for both local and international visitors.","https://ik.imagekit.io/tvlk/blog/2025/04/dinh-doc-lap.jpg?tr=q-70,c-at_max,w-500,h-300,dpr-2",#FewHours #Morning #Explore #CheckIn #Indoor #VintageStyle #Peaceful #Fair
10,Saigon Garden,"99 Nguyen Hue Street, Ben Nghe Ward, District 1, Ho Chi Minh City, Vietnam",https://maps.app.goo.gl/ciN5TLnDyLP3uQhT7,10.77346502,106.7038951,"Saigon Garden is a modern commercial and entertainment complex often described as a “green oasis in the heart of Saigon.” It stands out for its unique architecture that blends nature with a contemporary urban style. Inside, visitors can find a variety of fashion boutiques, cafés, fine-dining restaurants, and relaxing spaces. With its vibrant atmosphere, lush greenery, and countless photo-worthy corners, Saigon Garden has become a favorite destination for both locals and tourists. It’s the perfect spot for shopping, dining, and enjoying leisure time right in the center of the city.",https://mia.vn/media/uploads/blog-du-lich/check-in-saigon-garden-sang-chanh-03-1714697546.jpg,#FewHours #Evening #Eat #Drink #GreenPlace #WarmLights #Romantic #Pricey
11,September 23rd Park,"Pham Ngu Lao Street, Pham Ngu Lao Ward, District 1, Ho Chi Minh City, Vietnam",https://maps.app.goo.gl/yG8BuaxACUhs2ESv8,10.76873775,106.6923427,"September 23rd Park is one of Ho Chi Minh City’s most popular attractions, drawing both locals and tourists. Covered in lush greenery, the park offers a peaceful escape amid the city’s vibrant energy. Visitors can take a walk, exercise, or simply relax and enjoy the scenery. Beneath the park lies Taka Plaza and Asiana Food Town — a shopping and dining paradise. During festivals, it becomes a lively venue for cultural events, music, and fairs. It’s the perfect place to experience the youthful and dynamic spirit of Saigon.",https://statics.vinpearl.com/cong-vien-23-9-4_1633514794.jpg,#FewHours #LateAfternoon #Walk #Chill #Outdoor #NearPark #Relaxed #BudgetFriendly
12,Vee Ayy Food,"345/84 Tran Hung Dao Street, Cau Kho Ward, District 1, Ho Chi Minh City, Vietnam",https://maps.app.goo.gl/J9tjaSsVB3jf3Ysc8,10.76050291,106.6896829,"This article by Quán Số highlights their partnership with the Vee Ayy Food Restaurant chain, a popular dining spot trending among young people. The restaurant stands out for its luxurious, palace-like interior, offering many ""Instagrammable"" photo corners, along with a diverse menu of high-quality, reasonably priced European and Asian dishes. The chain currently operates two branches in Ho Chi Minh City. Quán Số is proud to provide their DRS Manager Sales Management Software along with other solutions like DRS Staff (remote ordering) and QS Admin (remote management) to help Vee Ayy Food run operations and serve customers optimally. Quán Số pledges to continue developing the best possible solutions for business management.",https://thicongnhahang.vn/storage/app/media/-------------123Thang5/Vee%20Ayy%20Food/thiet-ke-vee-ayy-food-10.jpg,#Moment #Evening #Eat #MeetUp #Indoor #WarmLights #Cozy #Fair
13,miya sushi & bbq,"150/43A Nguyen Trai Street, Ben Thanh Ward, District 1, Ho Chi Minh City, Vietnam",https://maps.app.goo.gl/J3VkWZk9qjVA8seG6,10.77029593,106.6900822,"Miya Sushi & BBQ is a well-known Japanese restaurant chain offering a unique fusion of the refined flavors of fresh Sushi and Sashimi with the appeal of tableside BBQ dishes. The restaurant features a cozy and elegant atmosphere, reflecting the culture of the Land of the Rising Sun, making it perfect for dates, family gatherings, and friends' meetups. Miya's menu is highly diverse, ranging from traditional Sushi rolls, Ramen, and Udon to Japanese rice sets and BBQ items marinated in special sauces. With its focus on fresh, high-quality ingredients and meticulous preparation, Miya Sushi & BBQ is an ideal destination for Saigon's food enthusiasts seeking an authentic and memorable Japanese culinary experience at a reasonable price point.",https://pasgo.vn/Upload/anh-chi-tiet/miya-sushi-and-bbq-nguyen-trai-slide-9-normal-129951313766.webp,#Moment #Evening #Eat #MeetUp #Indoor #CozyCorner #Warm #Fair
14,My Son Quang Noodles,"38B Dinh Tien Hoang Street, Da Kao Ward, District 1, Ho Chi Minh City, Vietnam",https://maps.app.goo.gl/oTmWmgaDx1r1qyUT6,10.78918435,106.6990577,"My Son Quang Noodles is a popular spot in District 1, celebrated for its authentic Quang-style noodles from Central Vietnam. The restaurant draws diners with its soft, white rice noodles bathed in a minimal yet rich and flavorful broth, seasoned with a distinct recipe. The bowls are generously filled with diverse toppings, most commonly shrimp and pork, free-range chicken, or snakehead fish, served with roasted peanuts, fragrant fried shallots, and crispy rice crackers. The restaurant's ambiance is typically simple, airy, with warm tones, subtly evoking the rustic charm of the ancient town of Hội An. Mì Quảng Mỹ Sơn is an excellent choice for anyone seeking the traditional flavors of Quảng Nam right in the heart of bustling Saigon.",https://down-vn.img.susercontent.com/vn-11134259-7r98o-lwdaqznhyz154f@resize_w800,#Moment #Noon #Eat #FoodTrip #Indoor #SmallCafe #Simple #Affordable
15,Back of the Bike Tours – Ho Chi Minh City Food Tours,"72 Le Thanh Ton Street, Ben Nghe Ward, District 1, Ho Chi Minh City, Vietnam",https://maps.app.goo.gl/WhzFKCqx1KMs5xBFA,10.77828652,106.7020124,"Back of the Bike Tours is one of the leading companies in HCMC, specializing in food and cultural tours conducted via motorbikes. The unique concept has guests riding pillion with a local guide, venturing deep into hidden alleys, residential areas, and ""secret"" eateries that tourists would rarely discover on their own. The tours are highly praised for their safety, friendly staff, and ability to help visitors authentically experience the vibrant pulse of Saigon traffic. The meticulously curated food menu features a blend of classic and unique dishes, ensuring a complete and exciting culinary journey through the flavors of Saigon.",https://e9h6jba7255.exactdn.com/wp-content/uploads/2023/08/Saigon-Motorbike-Food-tour.jpg?strip=all&lossy=0&ssl=1,#Moment #Evening #Eat #Explore #Outdoor #Crowded #Fun #Price
16,Chu Chen's Rib Porridge & Char Siu Rice,"281 Nguyen Trai Street, Nguyen Cu Trinh Ward, District 1, Ho Chi Minh City, Vietnam",https://maps.app.goo.gl/sR2P3eZYPbVCPwTy5,10.76454867,106.6868951,"Chu Chen's Rib Porridge and Char Siu Rice is a popular Taiwanese-style food chain, best known for its unique Taiwanese Rib Porridge. The porridge is characterized by its exceptionally smooth, velvety texture, cooked until creamy, and served with tender baby ribs and century eggs or various other toppings. Additionally, the restaurant offers delicious Char Siu Rice, featuring intensely marinated and roasted char siu pork prepared with a secret recipe, accompanied by a signature sauce and soft rice. With its novel, authentic street food flavor from Taiwan, Chu Chen is an ideal destination for those looking for a different taste and wishing to enjoy a hot, nutritious meal right in the heart of Saigon.",https://chaosuonchuchen.vn/wp-content/uploads/2024/09/khong-gian-3.webp,#Moment #LateNight #Eat #Snack #Indoor #SmallCafe #Warm #Cheap
17,Bento Dino,"134/3/1 Bui Thi Xuan Street, Pham Ngu Lao Ward, District 1, Ho Chi Minh City, Vietnam",https://maps.app.goo.gl/ANUAM2ZKFv3oBWyH7,10.77015115,106.6875623,"Bento Dino is a popular eatery in the heart of District 1, well-known for its Crispy Fried Chicken Rice and affordable, high-quality office lunch options. The restaurant attracts numerous students and office workers by blending traditional Vietnamese flavors with a modern, clean presentation, resembling the convenient Bento box style. Their signature fried chicken is specially prepared, featuring a golden, crispy skin served alongside dry, fragrant, and non-greasy fried rice grains. Bento Dino also stands out with a diverse menu, including pork chop, stir-fried beef, and fish, along with frequent appealing promotions. It is an ideal choice for a quick, delicious, and fulfilling lunch.",https://mms.img.susercontent.com/vn-11134513-7r98o-lsv7er7da1sp7f@resize_ss1242x600!@crop_w1242_h600_cT,#Moment #Noon #Eat #Work #Indoor #SmallCafe #Simple #Affordable
18,Hua Wu Lou,"83B Bui Thi Xuan Street, Pham Ngu Lao Ward, District 1, Ho Chi Minh City, Vietnam",https://maps.app.goo.gl/woean2yPGvr2pQjq7,10.7682207,106.6869187,"Hua Wu Lou (Dimsum Street) is a popular restaurant chain featuring a distinctive Chinese street-food and restaurant style, specializing in delicious Dimsum dishes. The restaurant attracts diners with its diverse menu, ranging from classics like Shrimp Dumplings, Siu Mai, and Steamed Chicken Feet with Black Bean Sauce to unique items such as Baked Crab Shell with Cheese or Hand-held Shrimp Vermicelli. The Dimsum here is praised for retaining its authentic flavor, with fresh, thin wrappers and generous fillings, always served piping hot. Hua Wu Lou also offers convenient lunch sets, perfect for office workers. With a cozy interior featuring traditional decor, it is an ideal spot to savor the best of Hong Kong cuisine at a reasonable price point in central Saigon.",https://top10hcmcity.com/wp-content/uploads/2024/09/405300662_830699422397803_7229603233776615594_n.jpg,#Moment #Evening #Eat #MeetUp #Indoor #VintageStyle #Cozy #Fair
19,Di Nam Sa Dec's Hu Tieu Sa Dec and Banh Tam,"166 Bui Thi Xuan Street, Pham Ngu Lao Ward, District 1, Ho Chi Minh City, VIetnam",https://maps.app.goo.gl/JCrS4nYcMSS9fRxb7,10.76832167,106.686532,"Di Nam Sa Dec's Hu Tieu Sa Dec and Banh Tam is a renowned eatery in District 1 that embodies the authentic culinary spirit of the Mekong Delta, specializing in two famous dishes: Sa Dec Noodle Soup and Banh Tam. Their Sa Dec Hủ Tiếu is beloved for its distinctively chewy yet soft noodles, clear and naturally sweet broth made from simmered bones, and fresh toppings. Conversely, Bánh Tằm Bì is a unique dish featuring thick, chewy rice noodles, finely sliced pork skin, and spring rolls, topped with rich coconut milk and a sweet-and-sour fish sauce. The shop attracts diners with its genuine, rustic Sa Dec flavors, creating the feeling of dining right in the Mekong Delta region. Di Nam Sa Dec is the perfect place to experience the richness of Southern Vietnamese cuisine.",https://down-vn.img.susercontent.com/vn-11134259-7r98o-lwwojxp9q0nt08,#Moment #Morning #Eat #FoodTrip #Indoor #SmallCafe #Friendly #Affordable
20,Pho Hien 1985,"269A Nguyen Trai Street, Nguyen Cu Trinh Ward, District 1, Ho Chi Minh City, Vietnam",https://maps.app.goo.gl/bDapetYPLTC1hnzD6,10.76429202,106.6874213,"Pho Hien 1985 is a time-honored traditional Pho restaurant, famous in District 1, having served patrons for decades. The shop is beloved for faithfully preserving the traditional Northern Pho flavor, featuring a clear, naturally sweet broth simmered from beef bones for hours, subtly fragrant with herbs and spices. Pho Hien specializes in various beef Pho options, ranging from rare beef, flank, and brisket to the premium beef shank (loi rua). The rice noodles are soft and tender, the beef slices are fresh and high-quality, served with crispy quay (fried dough) and fresh herbs. Pho Hien 1985 is not just a place to eat, but a keeper of traditional culinary culture, making it an ideal choice for anyone seeking an authentic and comforting bowl of Pho.",https://img.mservice.com.vn/common/u/05e07d15ed1a84ee51cdfe60756960e55412b5dcd748a2e496a53522eb6597fa/3fb11ab3-a0eb-4daf-b7b8-244b79307b87upwq1jgg.jpg,#Moment #EarlyMorning #Eat #FoodTrip #Indoor #VintageStyle #Warm #Fair
21,Ancient Hue Beef Noodle Soup,"148 Bis Le Thi Rieng Street, Pham Ngu Lao Ward, District 1, Ho Chi Minh City, Vietnam",https://maps.app.goo.gl/17XzsvS2diUJ2LkCA,10.77094081,106.6896449,"Bun Bo Hue Xua is a popular restaurant chain that brings the traditional flavors of Bun Bo Hue (Hue Beef Noodle Soup) to the heart of Saigon. The eatery is favored by patrons for its high-quality bowls that perfectly capture the richness and spicy zest characteristic of Hue cuisine. The broth is slow-simmered, fragrant with lemongrass and fermented shrimp paste, creating a distinctive and memorable taste. The generous bowls are loaded with various toppings, including beef, pork hock, crab paste patties, and blood pudding, catering to all preferences. With a clean, cozy atmosphere and affordable prices, Bun Bo Hue Xua is a frequent stop for both locals and tourists seeking an authentic and comforting taste of the ancient Imperial city.",https://down-vn.img.susercontent.com/vn-11134259-7r98o-lwbts798oyxl6d@resize_w800,#Moment #Morning #Eat #FoodTrip #Indoor #SmallCafe #Warm #Fair
22,Cong Quynh Mixed Rice Paper,"125 Cong Quynh Street, Nguyen Cu Trinh Ward, District 1, Ho Chi Minh City, Vietnam",https://maps.app.goo.gl/cu4Fw3ZSTrD3HxK47,10.76607355,106.6896545,"Cong Quynh Mixed Rice Paper (Banh Trang Tron Cong Quynh) is one of the most famous and longest-running street food stalls in District 1, often dubbed a culinary ""paradise"" for Saigon's youth and office workers. The popular snack is a delightful mix of textures and flavors, centered around chewy strips of rice paper. It’s characterized by the perfect balance of the sourness from shredded green mango, the savory richness of dried beef and quail eggs, and a spicy kick from chili paste. The stall's secret lies in its generous, flavorful toppings and the fragrant aroma from fried shallots and roasted peanuts. Located on Cong Quynh street, this spot perfectly embodies the creative, delicious, and highly affordable street food culture that Saigon is famous for, making it an essential local experience.",https://cdn.tgdd.vn/Files/2022/01/03/1408664/6-dia-diem-ban-banh-trang-quan-1-ngon-nhat-nhi-sai-gon-202201030055128795.jpg,#Moment #LateAfternoon #Snack #Eat #Outdoor #Crowded #Fun #Cheap
23,Nguyen Hue Flower Street,"6 Nguyen Hue Street, Ben Nghe Ward, District 1, Ho Chi Minh City, Vietnam",https://maps.app.goo.gl/dww36EL73ULVg9oF8,10.77189045,106.706142,"Nguyen Hue Flower Street (Duong Hoa Nguyen Hue) is an annual floral art event that transforms the Nguyen Hue Pedestrian Street in District 1 into a vibrant, giant flower park every Lunar New Year (Tet) holiday. This installation has become a new cultural symbol of Ho Chi Minh City since 2004. The Flower Street is designed with a different theme each year, usually featuring the corresponding Zodiac animal (e.g., the Dragon for the Year of the Dragon) and conveying messages of reunion, peace, and prosperity. The street typically opens to the public for about seven days (from the 28th day of the Lunar December to the 5th day of Tet) and attracts millions of visitors who come to admire and photograph the stunning floral displays, making it an indispensable part of Saigon's festive atmosphere.",https://hoangkimlandscape.com/image/catalog/5.%20BLOG/4-DUONG-HOA-NGUYEN-HUE-MOT-TRONG-NHUNG-BIEU-TUONG-CUA-SAI-GON-MOI-DO-XUAN-VE/I-LICH-SU-NET-VAN-HOA-TRUYEN-THONG-1/duong-hoa-nguyen-hue-nam-mau-tuat.jpg,#FewHours #HolidayMood #Walk #PhotoSpot #Outdoor #Crowded #Happy #BudgetFriendly
24,Ngo Nho Pho Nho's Bun Dau,"158 Pasteur Street, Ben Nghe Ward, District 1, Ho Chi Minh City, Vietnam",https://maps.app.goo.gl/FGtfC7MrdJEmyXdP9,10.77739206,106.6998789,"Bun Dau Ngo Nho Pho Nho is a well-known eatery in District 1, faithfully bringing the distinct flavors of Hanoi's street food to Saigon. The restaurant is famous for its generous and fresh platter of Bun Dau Mam Tom (Rice Vermicelli with Tofu and Fermented Shrimp Paste), which includes rice vermicelli, hot crispy fried tofu, thit chan gio luoc (boiled pork knuckle), cha com (green rice flake sausage), and pork sausage. The crucial highlight is the Mam Tom (fermented shrimp paste) dipping sauce, expertly mixed with a balanced blend of sour, spicy, and sweet flavors. The restaurant's ambiance is cozy, recreating the feel of Hanoi's ancient small alleys and small streets (Ngo Nho, Pho Nho). This is an ideal choice for food lovers seeking authentic Northern Vietnamese cuisine.",https://img.mservice.com.vn/common/u/2e02fb5fe4f64fb55bc713540643c6f8eae702d101cea8c59afc49cfc505fc37/11b0291a-8982-4c5b-8b37-e27a2180968d9_bywklx,#Moment #Noon #Eat #MeetUp #Indoor #VintageStyle #Cozy #Fair 
25,Ba Son Harbour Park,"2 Ton Duc Thang Street, Ben Nghe Ward, District 1, Ho Chi Minh City, Vietnam",https://maps.app.goo.gl/PFyUSmor98GsvBdE7,10.78600933,106.7133262,"Ba Son Harbour Park is located on the historic site of the former Ba Son Shipyard, right along the Saigon River in central District 1. Regarded as a ""new public square"" and a green riverside space, the park is a key component of the Grand Marina Saigon and Vinhomes Golden River complex. It offers a tranquil, green oasis, providing a complete escape from the urban hustle. The park is renowned for its spectacular panoramic views overlooking the Thu Thiem Peninsula and the surrounding skyscrapers of District 1. Ba Son Harbour Park is an ideal spot for catching the sunrise, morning exercise, and serves as a picturesque, romantic check-in location, marking the convergence of historical heritage and modern urban architecture.",https://mia.vn/media/uploads/blog-du-lich/cau-ba-son-thiet-ke-1736564498.jpg,FewHours #Walk #Chill #Outdoor #ByRiver #Peaceful #BudgetFriendly
26,Kim’s Tavern,"20 Huynh Thuc Khang Street, Ben Nghe Ward, District 1, Ho Chi Minh City, Vietnam",https://maps.app.goo.gl/HW7HCUWj2bbntYiD7,10.77332752,106.7027133,"Kim's Tavern is a vibrant bar located in the heart of District 1, known as a ""hidden gem"" that harmoniously blends a lively atmosphere with exceptional service. The tavern is highly favored for its warm, engaging ambiance and its friendly, attentive staff. Kim's Tavern offers a diverse selection of drinks, ranging from beautifully crafted cocktails to various beers and spirits. The venue often hosts activities and engaging interactions with its patrons, creating a relaxed yet exciting environment. It is an ideal nightlife spot for socializing, unwinding, and experiencing the vibrant energy of Saigon after dark.",https://dynamic-media-cdn.tripadvisor.com/media/photo-o/2d/93/11/7f/busy-busy-busy.jpg?w=800&h=-1&s=1,#LongTime #Evening #Drink #Eat #Indoor #WarmLights #Friendly #Fair #FoodLover
27,Dao Snail,"212B/D28 Nguyen Trai Street, Nguyen Cu Trinh Ward, District 1, Ho Chi Minh City, Vietnam",https://maps.app.goo.gl/o6B1t4UNpsz2gL3F7,10.77040703,106.6898528,"Oc Dao is one of the most famous and longest-running snail and seafood shops in District 1, having even earned recognition in the prestigious MICHELIN Selected list. The eatery draws crowds with its extensive menu of fresh Oc (snails and shellfish), cooked in various signature Saigon styles. Famous dishes include Oc Huong rang muoi ot (Sweet Snails stir-fried with chili salt), Oc Mo xao bo toi (Fat Snails with butter and garlic), and So Diep nuong mo hanh (Grilled Scallops with scallion oil). Oc Dao retains its loyal customer base due to its intensely flavorful dishes, meticulously prepared sauces, and its characteristic sizzling cast iron pan that keeps the food hot. With its bustling, casual atmosphere, it is the perfect place to experience Saigon's vibrant street food culture after dark.",  https://dynamic-media-cdn.tripadvisor.com/media/photo-o/0f/d7/f6/0e/in-front-of-the-oc-dao.jpg?w=900&h=500&s=1,#Moment #Night #Eat #MeetUp #Outdoor #Crowded #Energetic #Fair
28,The Kitchen of Luc Tinh,"37 Nam Ky Khoi Nghia Street, Nguyen Thai Binh Ward, District 1, Ho Chi Minh City, Vietnam",https://maps.app.goo.gl/eJ5sqBY2svfRbMGMA,10.76991887,106.7015935,"Bep Nha Luc Tinh is a renowned restaurant in District 1 specializing in traditional Southern Vietnamese cuisine (from the historic Six Provinces). The restaurant features a spacious and airy ambiance, completely separated from the street noise, with a rustic design that strongly evokes the Mekong Delta region, including a water model and outdoor seating. The menu is diverse, focusing on authentic, simple dishes such as kho quet (caramelized fish sauce dip), canh chua (sour soup), and lau mam (fermented fish hotpot), all prepared with true regional flavors. With its elegant and polite atmosphere, Bep Nha Luc Tinh is an ideal venue for family gatherings, business meetings, or hosting international guests to experience the rich and authentic taste of Vietnamese cuisine.",https://www.viettiles.com/upload/ckfinder/images/bep-nha-luc-tinh-restaurant-hcmc-vietnam2.jpg,#Moment #Evening #Eat #MeetUp #Indoor #VintageStyle #Warm #Fair
29,Quan Ngon 138 – Vietnamese Food,"138 Nam Ky Khoi Nghia Street, Ben Nghe Ward, District 1, Ho Chi Minh City, Vietnam",https://maps.app.goo.gl/JXTrEt8qD9spJmF88,10.7778008,106.6975438,"Quan Ngon 138 is a prominent restaurant located in central District 1, serving as a hub for the culinary essence of all three regions of Vietnam (North, Central, and South). With a vast menu featuring over 300 dishes, it is an ideal spot to sample everything from Northern Pho and Bun Cha, Central Mi Quang and Cao Lau, to Southern Banh Xeo and Com Tam (Broken Rice). The restaurant's atmosphere is designed to be cozy and evocative, recreating the look of traditional old streets and rural markets, offering a nostalgic and familiar feel. Quan Ngon 138 caters not only to casual dining but also provides private rooms and party areas with karaoke, making it perfect for business entertaining, banquets, and family gatherings.",https://down-vn.img.susercontent.com/vn-11134259-7r98o-lw98y2cvxzvdf0@resize_ss640x400,#Moment #Evening #Eat #MeetUp #Indoor #GreenPlace #Cozy #Pricey
30,Elixir Lounge Bar,"28B/1 Ngo Van Nam Street, Ben Nghe Ward, District 1, Ho Chi Minh City, Vietnam",https://maps.app.goo.gl/E1ScG123k554gSbe6,10.78166176,106.7061077,"Elixir Lounge Bar is a stylish and prominent lounge located in central District 1 (near the Le Thanh Ton Japanese Quarter). The bar attracts a diverse crowd of locals and international tourists, thanks to its blend of a luxurious, intimate setting and a vibrant musical atmosphere. Elixir consistently updates its music trends, featuring genres like House, EDM, and Top 40, supported by a state-of-the-art sound and lighting system that creates a high-energy environment. The bar offers a wide variety of drinks, including cocktails and bottled spirits, alongside various fun entertainment options. With its professional and friendly staff, Elixir is an ideal spot to fully experience the dynamic, upscale nightlife of Saigon.",https://vietnamnightlife.com/uploads/images/2022/10/1666143444-single_product2-elixirloungebarcoverphoto.jpg,#LongTime #Night #Drink #ListenMusic #Indoor #Fun #Pricey
31,The Alley Cocktail Bar & Kitchen,"63/8 Pasteur Street, Ben Nghe Ward, District 1, Ho Chi Minh City, Vietnam",https://maps.app.goo.gl/e3KoWXhJKihnjYPo6,10.7750501,106.7006419,"The Alley Cocktail Bar & Kitchen is a distinctive bar famous for its location, hidden away in a quiet alley in central District 1. The venue adopts a speakeasy style, with its interior designed to be classic and intimate, utilizing dark wood and soft yellow lighting. The Alley attracts cocktail enthusiasts with its creative, subtly mixed, and highly personalized drink menu. Beyond quality cocktails, the Kitchen menu offers unique Asian and European appetizers and main courses, suitable for an intimate dinner. The Alley is the perfect choice for those seeking a tranquil retreat, eager to escape the hustle and bustle and enjoy the art of cocktail making in a private setting.",https://dynamic-media-cdn.tripadvisor.com/media/photo-o/14/60/ab/ac/img-20180829-213455-largejpg.jpg?w=900&h=500&s=1,#LongTime #Night #Drink #Eat #Indoor #Indoor #Cozy #Pricey
32,Layla – Eatery & Bar,"Second Floor, 63 Dong Du Street, Ben Nghe Ward, District 1, Ho Chi Minh City, Vietnam",https://maps.app.goo.gl/9sQRKawyf5WZKmQr7,10.77562106,106.7041574,"Layla – Eatery & Bar is a stylish and popular bar and restaurant located on the second floor of an old apartment building in central District 1 (near Dong Khoi and Dong Du streets). The venue features an Industrial Chic style blended with a touch of vintage charm, creating a cozy, unpretentious, and highly chill-out atmosphere. Founded by an Australian bartender, Layla is renowned for its high-quality, creative cocktails and a solid menu of tapas and Mediterranean-inspired bar bites. Thanks to its prime location, the bar offers large windows overlooking the bustling streets below, making it an ideal choice for anyone seeking a relaxed space to enjoy excellent drinks and intimate conversations.",https://dynamic-media-cdn.tripadvisor.com/media/photo-o/11/b9/8c/97/main-bar-overlooking.jpg?w=900&h=500&s=1,#LongTime #Night #Drink #Eat #Indoor #WarmLights #Fun #Pricey
33,Burger King Pham Ngu Lao,"223-225 Pham Ngu Lao Street, Pham Ngu Lao Ward, District 1, Ho Chi Minh City, Vietnam",https://maps.app.goo.gl/NRK6pKLAz6TNTG5S6,10.76848081,106.6927086,"Burger King Pham Ngu Lao is a prominent branch of the famous American fast-food chain, located right in the heart of the bustling ""Backpacker Area"" in District 1. The restaurant is renowned for its signature Whopper – a flame-grilled beef burger that sets it apart from competitors. Beyond its diverse range of beef and chicken burgers, Burger King also serves popular sides like crispy french fries and notably offers free soda refills (subject to current policy). With its comfortable seating, late operating hours, and a prime location overlooking the park, this is an ideal pit stop for both tourists and young locals craving quick and satisfying fast food.",https://freser.vn/wp-content/uploads/2024/10/ger.jpg,#Moment #Eat #Snack #Indoor #Crowded #Simple
34,Kasen Omakase,"101 Le Thi Rieng Street, Ben Thanh Ward, District 1, Ho Chi Minh City, Vietnam",https://maps.app.goo.gl/9e484pdGzrwAvP5HA,10.77121079,106.6904721,"Kasen Omakase is a prominent Omakase restaurant in Saigon, offering a high-end Japanese dining experience based on the philosophy of ""Trust the Chef"" (Omakase). The restaurant operates without a fixed menu; instead, the dishes are determined by the chef based on the freshest seasonal ingredients, ensuring a unique and constantly evolving experience. Kasen stands out by blending classic Japanese techniques with innovative, modern (fusion) creations such as Foie Gras Nigiri or Sashimi marinated with Truffle oil. The dining space is cozy and refined, often featuring a counter where guests can directly interact with the chef, making the meal an artistic and surprising culinary journey.",https://theme.hstatic.net/200000662729/1001050504/14/share_fb_home.jpg?v=394,#Moment #Evening #Eat #Date #Indoor #QuietSpot #Romantic #Luxury
35,Bo By Butterman,"67 Le Thi Rieng Street, Ben Thanh Ward, District 1, Ho Chi Minh City, Vietnam",https://maps.app.goo.gl/cgFp3Cdh3cjdqh64A,10.77132237,106.6911136,"Bo By Butterman is a popular dessert shop, especially favored by Saigon's youth for its unique handmade pastries and affordable prices. The shop immediately captivates customers with the fragrant aroma of butter filling the air and its wide variety of sweets. Highlights include colorful Marshmallows with various intriguing fillings, Cookies with a balanced, non-overly sweet texture, and dense Brownies. Although the space is small, the interior is charmingly decorated, creating a cozy and relaxing atmosphere. Bo By Butterman is an ideal spot to either take away or enjoy desserts like their famous cookies along with drinks such as Matcha Latte or coffee.",https://scontent.fsgn5-14.fna.fbcdn.net/v/t39.30808-6/520472082_1125545302937412_4379583788824859413_n.jpg?_nc_cat=101&ccb=1-7&_nc_sid=cc71e4&_nc_ohc=O94CzzRLje8Q7kNvwE-xsmI&_nc_oc=Adk95rnoqP7bVrFw9XTjD-MShWmHubkceyfLkvxQmJrZmGbP9kFOuzmKRt_-vpIuSws&_nc_zt=23&_nc_ht=scontent.fsgn5-14.fna&_nc_gid=b0qksUwjHKcc3p-5annBCw&oh=00_AfieEKy9gnDARjAnK9pGlcixydNjusuJ-f4flFiHWdaoTQ&oe=691C6FA1,#Moment #Morning #Eat #Cafe #Indoor #CozyCorner #Sweet #Fair
36,Sai Gon Oi Coffee,"42 Nguyen Hue Street, Ben Nghe Ward, District 1, Ho Chi Minh City, Vietnam",https://maps.app.goo.gl/bGj7io2xnTKaeirx7,10.77431752,106.7040997,"Sai Gon Oi Coffee is a familiar and beloved cafe often situated in prime locations in central District 1. The shop stands out with its refined, modern design and spacious balcony offering stunning views of the vibrant Saigon streets. With its open, light-filled atmosphere, the cafe creates a comfortable and relaxing environment, perfectly suited for those seeking a moment of ""slow living"" amidst the city bustle. The menu is varied, ranging from traditional Vietnamese coffees to refreshing fruit teas, catering to diverse tastes. Sai Gon Oi is an ideal place to enjoy quality coffee and fully appreciate the dynamic, yet romantic, beauty of the city.",https://saigonoicafe.com/images_upload/para-101586048167.jpg,#Moment #Afternoon #Cafe #Chill #WithView #Rooftop #ChillVibe #Fair
37,Whisfee Coffee,"14 Ton That Dam Street, Nguyen Thai Binh Ward, District 1, Ho Chi Minh City, Vietnam",https://maps.app.goo.gl/BgCNeK94hfigxCSD7,10.76987795,106.7041078,"Whisfee Café is a distinctive coffee shop famous for being a hidden gem tucked away on the first floor of an old apartment building at 14 Ton That Dam in District 1. The cafe boasts a retro style blended with European vintage aesthetics, featuring dark wood, leather chairs, and warm lighting, resembling a small European bar or an old study room. Whisfee is highly favored for its tranquil, relaxing atmosphere, providing a peaceful escape from the bustling streets, making it perfect for reading or quiet conversations. The menu offers high-quality coffees and teas, including signature drinks like Egg Coffee with Rum and Coconut Coffee, and features a large window area overlooking the street.",https://cheritheglutton.com/wp-content/uploads/2023/02/Whisfee-CafeIMG_2841.jpg,#Moment #Morning #Cafe #Study #Indoor #QuietSpot #Calm #Fair
38,Lost – Drink & Chill,"71/5 Mac Thi Buoi Street, Ben Nghe Ward, District 1, Ho Chi Minh City, Vietnam",https://maps.app.goo.gl/gH6hzCRoTsUZWwAL6,10.7746158,106.7044189,"Lost – Drink & Chill is a popular bar favored by Saigon's youth, located in central District 1, known for perfectly blending a relaxed, chilling atmosphere with a lively, exciting environment. The venue is designed to be cozy and intimate yet spacious enough to accommodate both small and large groups. Lost offers a diverse drink menu, ranging from creative signature cocktails to strong spirits, beers, and non-alcoholic options. Notably, the music is a highlight, with frequent appearances by DJs playing EDM, House, and Hip-hop, alongside more relaxed acoustic live music on weekdays. With its unique space, quality beverages, and reasonable prices, it is an ideal nightlife destination for socializing and unwinding.",https://scontent.fsgn5-15.fna.fbcdn.net/v/t39.30808-6/489024627_690128190233386_8090416941313172098_n.jpg?_nc_cat=111&ccb=1-7&_nc_sid=833d8c&_nc_ohc=ckH9TXqi5_gQ7kNvwEPyEHg&_nc_oc=Adnctjpv9SUfo9yRFY23_nA2z72hc77JhDwhUFJyCoJmZPVTgjyJYqCyFlx_Qd1HoAc&_nc_zt=23&_nc_ht=scontent.fsgn5-15.fna&_nc_gid=2QXHsH2swMyYI2SjMzVfxA&oh=00_AfigiN1j2bcrYsVwV9vC-jPGdNejWMTor3_1UYLTSRTWNQ&oe=691C8675,#Moment #Night #Drink #ListenMusic #Indoor #WarmLights #ChillVibe #Fair
39,Hoang’s Kitchen,"45 Thu Khoa Huan Street, Ben Thanh Ward, District 1, Ho Chi Minh City, Vietnam",https://maps.app.goo.gl/eDTqb8jAYxsAAmFL9,10.7743313,106.6966113,"Hoang's Kitchen is a prominent Vietnamese restaurant near Ben Thanh Market, known for its superb fusion of traditional cuisine and extensive high-quality vegan options. The restaurant captivates diners with a diverse menu where dishes are delicately prepared, offering rich, balanced flavors and beautiful presentation. Hoang's Kitchen is highly praised for its exceptional vegan offerings, such as Pho chay (Vegan Pho) and the vegetable spring rolls, often surprising even meat-eaters. The cozy, spacious environment, coupled with friendly, energetic, and English-speaking staff, makes Hoang's Kitchen an ideal spot for both locals and international visitors looking to experience the best of Vietnamese gastronomy.",https://hoangskitchen.com/wp-content/uploads/2024/07/6.png,#Evening #Eat #Date #Indoor #CozyCorner #Romantic #Pricey #FoodLover
40,Saigon Zoo,"2 Nguyen Binh Khiem Street, Ben Nghe Ward, District 1, Ho Chi Minh City , Vietnam",https://maps.app.goo.gl/c9vayTEZAvomBwkg7,10.78743979,106.7050459,"Saigon Zoo and Botanical Gardens (known locally as So Thu or The Zoo) is one of the world's oldest continually operating zoological parks, established in 1864. Located right in the heart of District 1, it is often referred to as the city’s ""green lung,"" offering a vast, fresh escape from the urban bustle. Covering nearly 17 hectares, the venue currently conserves over 1,300 animals across 125 species and more than 2,500 trees spanning 360 species, including many rare varieties. More than just an amusement spot, the Saigon Zoo and Botanical Gardens serves as a vital center for conservation, education, and research on biodiversity.",https://cdn.tcdulichtphcm.vn/upload/1-2025/images/2025-03-26/1742963830-do-dac-thao-cam-vien-sai-gon-de-xuat-chuyen-152ha-tu-cho-thue-sang-giao-dat-82971.jpg,#FewHours #Morning #Walk #Explore #Outdoor #GreenPlace #Fun #Affordable 
41,Tao Dan Park,"Ben Thanh Ward, District 1, Ho Chi Minh City, Vietnam",https://maps.app.goo.gl/14gG8TYq8n74Z9Y48,10.7747645,106.6924314,"Tao Dan Park is one of the largest and oldest parks in District 1, widely known as the ""green lung"" of Saigon. It features a dense concentration of greenery, including many hundred-year-old trees, creating an airy and peaceful sanctuary away from the city noise. The park is a popular spot for morning exercises and is famously the venue for the traditional Hoi Hoa Xuan (Spring Flower Festival) held before the Lunar New Year (Tet). Within the park's grounds are significant historical landmarks such as the Temple dedicated to the Hung Kings and the ancient Lam family tomb area, establishing Tao Dan not just as a place for relaxation but also as a site rich in the city's cultural and historical heritage.",https://upload.wikimedia.org/wikipedia/commons/5/54/C%C3%B4ng_vi%C3%AAn_Tao_%C4%90%C3%A0n.jpg,#FewHours #EarlyMorning #Walk #Chill #Outdoor #NearPark #Peaceful #BudgetFriendly 
42,Ho Chi Minh City Museum of Fine Arts,"97A Pho Duc Chinh Street, Nguyen Thai Binh Ward, District 1, Ho Chi Minh City, Vietnam",https://maps.app.goo.gl/TMWVf61gk6cT1m226,10.77030605,106.6992501,"The Ho Chi Minh City Museum of Fine Arts is one of Vietnam's largest and most significant museums, renowned for both its extensive art collection and its distinctive architecture. The main building, constructed in the 1920s, features an elegant blend of French colonial and Asian architectural styles (noted for its tiled roofs, arched windows, and striking yellow facade). The museum displays over 21,000 artworks spanning centuries, from ancient sculptures of the Oc Eo and Champa cultures to modern paintings and sculptures by famous Vietnamese artists. This site serves not only as a cultural landmark but also as an ""Instagrammable"" location due to its classic, visually impressive beauty.",https://mia.vn/media/uploads/blog-du-lich/bao-tang-my-thuat-tphcm-010-1692972940.jpg,#FewHours #Morning #Explore #PhotoSpot #Indoor #VintageStyle #Quiet #Affordable
43,Little Japan Town Saigon,"8A Thai Van Lung Street, Ben Nghe Ward, District 1, Ho Chi Minh City, Vietnam",https://maps.app.goo.gl/VWcMZhzdXov4PABN7,10.77958556,106.7046926,"Little Japan Town Saigon is a unique district located at the intersection of Le Thanh Ton and Thai Van Lung Streets in District 1, often dubbed the ""Little Tokyo"" of the city. This area perfectly recreates a Japanese atmosphere with its narrow alleys adorned with lanterns, wooden-tiled roofs, and signage featuring Japanese characters. The street is home to over 70 establishments, primarily Japanese-style restaurants, Izakaya pubs, spas, and convenience stores. The quarter is well-known for its quiet, clean, and civilized ambiance, offering a stark contrast to Saigon's hustle and bustle, making visitors feel as though they have stepped into Tokyo or Kyoto.",https://static.vinwonders.com/production/saigon-japan-town-banner.jpg,#FewHours #Evening #Eat #Explore #Outdoor #WarmLights #Cozy #Pricey 
44,Van Phat Temple,"66/14 Nghia Thuc Street, Ward 5, District 5, Ho Chi Minh City, Vietnam",https://maps.app.goo.gl/A7P6EEMBe4ZwPvNZ7,10.75359682,106.6753103,"Van Phat Temple is a prominent temple of the Chinese community in District 5 (Cho Lon area), originally established in 1959. Though modest in size, the pagoda features a typical Chinese architectural style and expands vertically across five floors. The temple holds a Vietnamese record for housing over 10,000 Buddha statues of various sizes displayed throughout its halls, fitting its name, ""Ten Thousand Buddhas."" Notably, the main hall on the top floor offers an awe-inspiring view of the immense and intricate system of statues. At night, the temple is brightly illuminated by red lanterns, creating a mystical, warm, and unique atmosphere, drawing both Buddhists and visitors seeking tranquility.",https://cdn.xanhsm.com/2024/12/5b69b322-chua-van-phat-3.jpg,#FewHours #Morning #Explore #Relax #Indoor #QuietSpot #Peaceful #Free 
45,Ong Pagoda,"678 Nguyen Trai Street, Ward 11, District 5, Ho Chi Minh City, Vietnam",https://maps.app.goo.gl/N44j7hoav1EVYKRe8,10.75388282,106.6621375,"Chua Ong (or Nghia An Assembly Hall) is a national architectural and artistic relic, constructed in the mid-18th century by the Teochew Chinese community in Saigon. The temple is primarily dedicated to Guan Yu (Quan Cong), the legendary general symbolizing loyalty and righteousness. The architecture is distinctly Teochew style, dominated by red and gold colors, intricate ceramic reliefs, and refined wood carving art. With its sacred, ancient atmosphere and a large central courtyard (San Thien Tinh), the Assembly Hall serves not only as a cultural and spiritual center for the Chinese community but also as an ideal destination to explore the history and cultural blend of Vietnamese and Chinese heritage in Cho Lon.",https://cdn-merchant.vinid.net/images/gallery/vinshop-seo/1739873357_chua-ong-quan-5-tphcm.jpg,#FewHours #Morning #Explore #CheckIn #Indoor #VintageStyle #Peaceful #Free 
46,Quan Am Temple,"5 Lao Tu Street, Ward 11, District 5, Ho Chi Minh City, Vietnam",https://maps.app.goo.gl/XMiD4Ffa5t1Junb2A,10.75398172,106.6595707,"Quan Am Pagoda (also known as On Lang Assembly Hall) is an ancient temple established by the Fujian Chinese community in Saigon during the 19th century. The temple is primarily dedicated to the Goddess of Mercy, Quan The Am Bodhisattva, and is renowned for its sacredness and unique architecture, bearing the hallmarks of traditional Fujian style. The structure is distinguished by its curved tile roofs, exquisite ceramic reliefs, and especially the numerous paper lanterns hanging throughout the halls, creating a solemn and intimate atmosphere. Situated in the heart of Chinatown, Quan Am Pagoda serves not only as a religious site but also as a vibrant architectural museum, drawing visitors to admire its beauty and ancient cultural and spiritual significance.","https://ik.imagekit.io/tvlk/blog/2024/03/chua-quan-am-3.png?tr=q-70,c-at_max,w-500,h-300,dpr-2",#FewHours #Morning #Explore #Relax #Indoor #QuietSpot #Calm #Free 
47,Ong Bon Temple,"264 Hai Thuong Lan Ong Street, Ward 14, District 5, Ho Chi Minh City, Vietnam",https://maps.app.goo.gl/V2yv71n96myKxw979,10.75126826,106.657323,"Chua Ong Bon (formally Nhi Phu Temple) is one of the oldest temples in Saigon, established in the late 17th century by the Fujian Chinese community. The temple is primarily dedicated to Ong Bon (also known as Bon Dau Cong), the deity revered as the protector of the land and the community's safety. The architecture is highly traditional Fujian style, notable for its curved tiled roofs, vibrant ceramic relief decorations, and exquisite wood carving craftsmanship. Chua Ong Bon serves not only as a spiritual hub for the Fujian people but also as a precious architectural and artistic relic, remaining a sacred and ancient landmark within the bustling Cho Lon Chinatown.",https://static.vinwonders.com/production/chua-ong-bon-banner.jpg,#FewHours #Morning #Explore #CheckIn #Indoor #VintageStyle #Quiet #Free 
48,Thien Hau Temple,"710 Nguyen Trai Street, Ward 11, District 5, Ho Chi Minh City, Vietnam",https://maps.app.goo.gl/XNhpxqXN2Ss4Bu3u9,10.75349776,106.6611762,"Thien Hau Temple (or Tue Thanh Guildhall) is one of the oldest and most sacred temples belonging to the Chinese community in Cho Lon, dating back to around 1760. The temple is dedicated to Thien Hau Thanh Mau (Mazu), the Goddess of the Sea, holding profound spiritual significance for Chinese immigrants. Its architecture showcases a classical Chinese style, notably featuring gracefully curved tiled roofs, colorful ceramic reliefs, and valuable large incense burners. The temple is famous for the distinctive coils of incense hanging from the ceiling, creating an atmospheric, ancient, and mystical space. It is a must-visit cultural landmark for exploring the unique architecture and heritage of Saigon's Chinese residents.",https://www.vietnamairlines.com/~/media/SEO-images/2025%20SEO/Traffic%20TV/chua-ba-thien-hau/chua-ba-thien-hau-xay-dung-mai-am-duong-cham-tro-cau-ky-tinh-xao.jpg?la=vi-VN,#FewHours #Morning #Explore #CheckIn #Indoor #VintageStyle #Warm #Free 
49,Les Rives – Authentic River Experience,"IBC Building, 1A Cong Truong Me Linh Street, Ben Nghe Ward, District 1, Ho Chi Minh City, Vietnam",https://maps.app.goo.gl/97FjdYHs1zrPyY1R6,10.77624722,106.7064113,"Les Rives – Authentic River Experience is a tour operator specializing in genuine river exploration adventures in Southern Vietnam, distinguished by its use of luxury speedboats. Instead of typical road travel, Les Rives takes guests to explore less-accessible areas like the Cu Chi Tunnels and the Mekong Delta efficiently and exhilaratingly. The company focuses on providing authentic experiences, allowing visitors to immerse themselves in local life, discover the Can Gio Mangrove Forest, and venture into remote backwaters. With its professional, well-organized service and knowledgeable guides, Les Rives offers an effective and memorable journey into Vietnam's natural beauty and heritage.",https://lesrivesexperience.com/wp-content/uploads/2022/05/saigon-sunset-tour-by-yacht.jpg,#LongTime #SunnyDay #Explore #Relax #Outdoor #ByRiver #Relaxed #Luxury
50,Thien Ton Pagoda,"117/3/2 An Binh Street, Ward 5, District 5, Ho Chi Minh City, Vietnam",https://maps.app.goo.gl/1K9uT9tEDqdyVrmW7,10.7522472,106.6721342,"Thien Ton Pagoda is a famous ancient temple nestled peacefully within an alley in District 5, recognized as a City-level Historical Relic. Established in 1947, the pagoda is distinguished by its traditional Vietnamese architecture, featuring intricate carvings, solemn altars, and a refreshing green courtyard. Notably, Thien Ton Pagoda holds significant historical importance: it secretly served as a revolutionary base, sheltering high-ranking officials of the Saigon - Gia Dinh Special Zone during the war for independence. Today, the pagoda is not only a place for worship and spiritual practice but also actively engages in charity and humanitarian activities, preserving both cultural and spiritual values.",https://image.giacngo.vn/w770/Uploaded/2025/vowkbziv/2025_02_09/img-0579-3580-9121.jpeg,#FewHours #Morning #Explore #Relax #Indoor #PeacefulPlace #Peaceful #Free
51,Kaka cafe,"1 Go Cong Street, Ward 13, District 5, Ho Chi Minh City 700000, Vietnam",https://maps.app.goo.gl/agoB8Tcq98WwBca99,10.74745463,106.6557164,"Cafe Ka Ka is a cozy and colorful coffee shop located at 1 Go Cong Street, District 5, Ho Chi Minh City. Known for its bright interior and fun, youthful vibe, the café offers a wide variety of drinks and snacks, from Vietnamese coffee to refreshing fruit teas. With its warm atmosphere and friendly staff, Cafe Ka Ka is a popular spot for students and young people to relax, chat, or study",https://lh3.googleusercontent.com/gps-cs-s/AG0ilSy9CKmsWLlzzu41EA-jFLjngdWjCJKf20am7RbHr10YX1r23omIxcKb4r6HacgFaX7Zq6BLbN7M0k2mT5_D84vOE94t3-yYIvSc768ibFpcRobThYVxETjJRu9QscJHodXrM2Sw=w455-h240-k-no,#Morning #Drink #Hangout #Indoor #Youthful #Colorful #ChillVibe #Friendly #Cozy #Affordable #CoffeeAddict
52,Napoly Café & Milk Tea,"9 Phung Hung Street, Ward 13, District 5, Ho Chi Minh City 700000, Vietnam",https://maps.app.goo.gl/qTfiwxNrN2bjBigU8,10.74828344,106.6573524,"Napoly Café & Milk Tea is a bright and modern coffee and milk tea shop located at 9 Phung Hung Street in District 5, Ho Chi Minh City. The café features a clean, cozy space with cheerful yellow accents and plenty of natural light, making it an inviting spot to unwind or catch up with friends. Offering a wide selection of drinks from classic coffee to creative milk tea flavors, Napoly Café & Milk Tea is a favorite choice for those seeking both comfort and style in the heart of the city.",https://napoli.vn/Document/Images/Napoli-206-Phan-Huy-Ich-(9).jpg,#Afternoon #Chat #Hangout #Indoor #Sweet #Bright #Cozy #Fun #Relaxed #BudgetFriendly #FoodLover #CoffeeAddict
53,Ong Bau Cafe,"24D Hai Thuong Lan Ong Street, Ward 11, District 5, Ho Chi Minh City, Vietnam",https://maps.app.goo.gl/rJzejJGbK6j8wxLh9,10.75044453,106.6629561,"Cafe Ông Bầu at 24D Hai Thuong Lan Ong Street, Ward 11, District 5, Ho Chi Minh City offers a bright and trendy setting characterised by bold yellow-black branding. It’s a popular spot among young people and friends looking to hang out, grab a diverse drink menu (from specialty coffee to milk teas), and enjoy a lively neighbourhood in the heart of District 5. While the atmosphere is fun and accessible, guests note that the ambience and service may vary depending on crowd levels.",https://blog.dktcdn.net/files/ho-tro-tu-thuong-hieu.jpg,#Morning #Cafe #Work #Indoor #Peaceful #Simple #Affordable #ChillVibe #Friendly #CoffeeAddict
54,Highlands Coffee – Cho Lon Post Office,"03 Mac Cuu Street, Ward 13, District 5, Ho Chi Minh City 700000, Vietnam",https://maps.app.goo.gl/KHpanpnNfRreV5RCA,10.75009741,106.6593807,"Highlands Coffee – Cho Lon Post Office is a modern Vietnamese café situated inside the Cho Lon Post Office building on Mac Cuu Street, District 5. With its bright and spacious interior, the café offers a comfortable setting for both casual hangouts and quick breaks. It serves a wide range of coffee, tea, and blended drinks, highlighting Vietnam’s signature flavors. The location is convenient for locals and visitors exploring the Cho Lon area, making it a popular stop for both relaxation and work.",https://fnbvietnam.vn/wp-content/uploads/2024/01/highlands-buu-dien-thanh-pho-5.jpg,#Morning #Cafe #Work #MeetUp #Indoor #Crowded #Friendly #MidRange #Positive #CoffeeAddict
55,Katinat Mac Cuu,"66 Mac Cuu Street, Ward 13, District 5, Ho Chi Minh City, Vietnam",https://maps.app.goo.gl/s71XT37esrkToupt9,10.75037078,106.6594161,"Katinat Mac Cuu is a stylish and modern coffee shop located in the lively District 5 area of Ho Chi Minh City. Featuring Katinat’s signature elegant interior with warm lighting and marble accents, it offers a comfortable and sophisticated atmosphere for coffee lovers. The café serves premium Vietnamese and Western-style beverages, along with pastries and light snacks, making it ideal for both work and relaxation. Its corner location and cozy seating make it a great stop for travelers exploring the Cho Lon neighborhood.",https://tse1.mm.bing.net/th/id/OIP.lRH3FO3gn6o5w0reP_6fMQHaI3?rs=1&pid=ImgDetMain&o=7&rm=3,#Afternoon #Cafe #Study #Chill #UrbanView #WarmLights #Relaxed #MidRange #Cozy #CoffeeAddict
56,Youth House Mac Cuu,"52 Mac Cuu Street, Ward 13, District 5, Ho Chi Minh City, Vietnam",https://maps.app.goo.gl/t3WjjQwaKUUmX27o9,10.75012571,106.6595046,"Youth House Mac Cuu is a cozy and creative coffee shop nestled on Mac Cuu Street in District 5. With a bright and welcoming design, the café provides a comfortable space for young people to relax, study, or meet up with friends. It offers a variety of drinks, including coffee, milk tea, and fruit beverages, all served at affordable prices. The friendly staff and calm ambiance make it a charming local spot for anyone looking to enjoy a peaceful break in the city.",https://lh3.googleusercontent.com/gps-cs-s/AG0ilSxLAHWRuvWOIOHc_KkUTmz7jupWl-zsSLVUOO74TujETsfCsoVTVMyiL3N2fF6BtURytD7z6kNsI8dv4L-Fd8pdh1LOfvU63zx6xSAFeectPL6sNU5k_NN8B2CGS_bxcYOiT7g=w408-h306-k-no,#Evening #Hangout #Fun #MusicLover #Crowded #Friendly #Weekend #Energetic #Affordable #Happy
57,Passio Coffee – 152 Hai Thuong Lan Ong,"152 Hai Thuong Lan Ong Street, Ward 11, District 5, Ho Chi Minh City, Vietnam",https://maps.app.goo.gl/cqZRh1FiTU5SFQcF7,10.75079361,106.6603091,"Passio Coffee at 152 Hai Thuong Lan Ong is a lively café in District 5 known for its bright green theme and youthful energy. The shop serves a wide range of drinks, including Vietnamese iced coffee, fruit smoothies, and milk tea, catering to both quick takeaways and relaxed sit-downs. With its convenient location near the busy Chinatown area, it’s a favorite for locals looking for a quick caffeine fix or a casual meeting spot. The open-front design gives the café a refreshing and welcoming vibe, perfect for people-watching or a mid-day break.",https://tse1.mm.bing.net/th/id/OIP.6mC5YPIEv4MMbVC36uTjKQHaFj?rs=1&pid=ImgDetMain&o=7&rm=3,#Morning #Cafe #Work #MeetUp #Indoor #BrightSpace #Relaxed #MidRange #Friendly #CoffeeAddict
58,MIA Coffee Tea Q5,"351 Tran Hung Dao Street, corner of Trieu Quang Phuc Street, District 5, Ho Chi Minh City 700000, Vietnam",https://maps.app.goo.gl/g4WE5sx2LnJjepwXA,10.75195693,106.6612343,"MIA Coffee Tea Q5 is a lively and modern café located at the intersection of Tran Hung Dao and Trieu Quang Phuc streets in District 5. The shop features a youthful, open-space design ideal for meetups, studying, or casual hangouts. It offers a diverse menu of coffee, milk tea, and fruit drinks, all prepared with a local twist. With its friendly service, reasonable prices, and convenient location in one of Saigon’s busiest districts, MIA Coffee Tea is a great stop for both locals and travelers looking to recharge and enjoy the city’s vibrant street life.",https://tse2.mm.bing.net/th/id/OIP.TuGW2_fDRWx6s7cxN0CxwQHaHa?rs=1&pid=ImgDetMain&o=7&rm=3,#Afternoon #Drink #Relax #Indoor #CozyCorner #Warm #Friendly #BudgetFriendly #Simple #FoodLover
59,Ba Lu Café,"199B Phung Hung Street, Ward 14, District 5, Ho Chi Minh City, Vietnam",https://maps.app.goo.gl/HwrLYD7PqLqiZmHy5,10.75363599,106.6573202,"Ba Lu Café is one of the oldest and most beloved coffee shops in Saigon’s Chinatown (Cho Lon) area. Known for its traditional Vietnamese drip coffee, the café preserves a nostalgic charm with its simple, vintage-style setting and the rich aroma of freshly roasted beans. Locals often gather here in the morning for a strong cup of coffee and lively conversation. It’s a perfect destination for travelers who want to experience authentic Saigon coffee culture and the timeless spirit of District 5.",https://tse4.mm.bing.net/th/id/OIP.kCU6j-RIffimJRy7IXLOrgHaFj?rs=1&pid=ImgDetMain&o=7&rm=3,#Morning #Cafe #QuietSpot #Peaceful #VintageStyle #Calm #Affordable #Warm #Simple #CoffeeAddict
60,Milano Coffee – Hong Bang Branch,"320 Hong Bang Street, Ward 12, District 5, Ho Chi Minh City, Vietnam",https://maps.app.goo.gl/nxDdczk4awEeNUR76,10.75364631,106.651993,"Milano Coffee – Hong Bang Branch is part of a well-known Vietnamese coffee chain recognized for its strong, flavorful brews and affordable prices. Located on Hong Bang Street in District 5, this branch offers a simple yet cozy setting where locals stop by for their daily dose of traditional Vietnamese coffee. The café combines a relaxed atmosphere with quick service, making it ideal for both morning commuters and casual afternoon breaks. Its signature roasted coffee aroma and classic black-and-brown interior design reflect the authentic charm of everyday Saigon coffee culture.",https://lh3.googleusercontent.com/p/AF1QipPKEw69dVPLjsjlXz_qOq2qBGkGPLtTMkHz8X3A=s680-w680-h510,#Morning #Cafe #Work #Indoor #Cozy #Relaxed #Friendly #Affordable #Simple #CoffeeAddict
61,Chon Rieng Café (Private Corner Café),"Apartment 62, Chau Van Liem Street, Ward 11, District 5, Ho Chi Minh City 70000, Vietnam", https://maps.app.goo.gl/samX7XKrP8AGndmm7,10.75233216,106.6590654,"Chon Rieng Café, meaning “Private Corner,” is a hidden gem tucked inside an apartment building on Chau Van Liem Street in District 5. The café offers a peaceful and intimate atmosphere, with warm lighting, wooden furniture, and a cozy interior perfect for reading, working, or quiet conversations. It’s a favorite among locals seeking a calm escape from the city’s bustle. The gentle background music and homely décor make it ideal for those who appreciate a slow-paced, relaxing coffee experience.",https://lh3.googleusercontent.com/p/AF1QipPKEw69dVPLjsjlXz_qOq2qBGkGPLtTMkHz8X3A=s680-w680-h510,#Afternoon #Cafe #Read #QuietSpot #WarmLights #Peaceful #ChillVibe #CozyCorner #Affordable #Bookworm
62,Xing Fu Tang – Chau Van Liem,"9 Chau Van Liem Street, Ward 14, District 5, Ho Chi Minh City, Vietnam",https://maps.app.goo.gl/oJryEow4CeP1pTtF7,10.75121314,106.6588225,"Xing Fu Tang – Chau Van Liem is a well-known Taiwanese bubble tea shop located in the heart of District 5. Famous for its handcrafted brown sugar boba and fresh milk tea, the shop attracts young people who love premium-quality drinks and authentic Asian flavors. The interior is modern yet cozy, with a clean design that reflects the brand’s elegant style. It’s a perfect stop for milk tea lovers exploring the vibrant Chinatown area of Ho Chi Minh City.",https://down-vn.img.susercontent.com/vn-11134513-7r98o-lykae7gm9tb5f1,#Afternoon #Drink #Snack #Indoor #Crowded #Fun #Sweet #BudgetFriendly #Happy #FoodLover
63,Katinat Saigon Kafe – Tran Hung Dao,"400A Tran Hung Dao Street, Ward 11, District 5, Ho Chi Minh City, Vietnam",https://maps.app.goo.gl/QSrWyA97L9tAYXdh7,10.75212411,106.6601269,"Katinat Saigon Kafe – Tran Hung Dao is a chic and contemporary café located on one of Saigon’s busiest streets in District 5. Known for its stylish ambiance with signature earthy tones and modern décor, the café offers a peaceful retreat from the city buzz. Guests can enjoy high-quality Vietnamese coffee, tea, and refreshing beverages along with light snacks. It’s a great spot for casual meetings, studying, or relaxing with friends in a refined yet cozy atmosphere.",https://toplist.vn/images/800px/katinat-saigon-kafe-985200.jpg,#Morning #Cafe #Work #Hangout #UrbanView #Cozy #MidRange #Relaxed #Positive #CoffeeAddict
64,Highlands Coffee – Tran Hung Dao,"404 Tran Hung Dao Street, Ward 11, District 5, Ho Chi Minh City 700000, Vietnam",https://maps.app.goo.gl/oBn9qheTWqefPz4W8,10.75210698,106.6599492,"Highlands Coffee – Tran Hung Dao is a modern and comfortable coffee shop located in the vibrant heart of District 5. Featuring a spacious, well-lit interior with a signature red-and-brown color palette, it provides an ideal space for working, studying, or meeting friends. The café serves a wide variety of beverages, including signature Vietnamese coffee, teas, and refreshing iced drinks. Its central location and consistent quality make it a favorite among both locals and travelers exploring the lively Saigon streets.",https://lh3.googleusercontent.com/p/AF1QipOKZHZ8_-DEhdsZxFYrcRN0kYwXkwbXOkz0pPdQ=s680-w680-h510,#Morning #Cafe #MeetUp #Talk #Indoor #Crowded #Friendly #Affordable #PeacefulDay #CoffeeAddict
65,Phuc Long Tea & Coffee – 382 Tran Hung Dao,"382 Tran Hung Dao Street, Ward 11, District 5, Ho Chi Minh City, Vietnam",https://maps.app.goo.gl/FcvnbsbjM48qZb9p8,10.75216804,106.6607802,"Phuc Long Tea & Coffee – 382 Tran Hung Dao is a well-known Vietnamese café chain outlet offering a balance of modern style and traditional flavors. Located in District 5, this branch attracts a steady flow of customers with its spacious interior and comfortable seating. The café specializes in premium teas and robust Vietnamese coffee, all served with a focus on freshness and quality. It’s a convenient and reliable spot for studying, casual meetups, or take-away drinks while exploring the busy streets of Saigon.",https://noithatkendesign.vn/storage/app/media/uploaded-files/quan-cafe-phuc-long-3.jpg,#Morning #Cafe #Work #Indoor #BrightSpace #ChillVibe #MidRange #Positive #Friendly #CoffeeAddict
66,H129 Ngo Gia Milk Tea,"292 Tran Hung Dao Street, Ward 11, District 5, Ho Chi Minh City, Vietnam",https://maps.app.goo.gl/qSeWWpYKQ87jGeSX8,10.75223476,106.6629904,"H129 Ngô Gia Milk Tea is a popular local milk tea shop located on Tran Hung Dao Street in District 5. Known for its signature brown sugar milk tea and wide variety of toppings, the shop attracts students and young locals looking for a quick, refreshing drink. The setting is simple and casual, perfect for take-away or a short sit-down break. With affordable prices and consistently flavorful beverages, H129 has become a familiar spot for bubble tea lovers in the area.",https://lh3.googleusercontent.com/XMmbYAzdSN-aDTGB-sy6Uj4La7PLn08XzGSNZv7TejSjhqO5L7NBcI8KHtL9DMCD8PWu_yaP5DUCSA_XqrgEoFq4sJo4njuS=rw-w1902,#Afternoon #Drink #Snack #Indoor #Friendly #Sweet #BudgetFriendly #Relaxed #Youthful #FoodLover
67,KA Tea – Milk Tea & Tea House,"259 Tran Hung Dao B Street, Ward 11, District 5, Ho Chi Minh City, Vietnam",https://maps.app.goo.gl/GFWj6qofZFRqopu5A,10.75203475,106.6632622,"KA Tea – Milk Tea & Tea House is a cozy and casual spot in District 5, known for its wide range of milk teas, fruit teas, and sweet toppings. The shop has a youthful atmosphere and affordable prices, making it a favorite among students and young professionals. Guests can either relax at the small seating area or take their drinks to go. With its convenient location on Tran Hung Dao B Street, KA Tea is a simple yet refreshing stop for bubble tea fans exploring the area.",https://tse1.mm.bing.net/th/id/OIP.02QMhKb_c3QoSU6KXNNWYwHaDo?rs=1&pid=ImgDetMain&o=7&rm=3,#Afternoon #Drink #Chill #SmallCafe #WarmLights #Friendly #BudgetFriendly #Relaxed #Lovely #FoodLover
68,Vinh Ky Herbal Tea,"301 Tran Hung Dao Street, Ward 11, District 5, Ho Chi Minh City, Vietnam",https://maps.app.goo.gl/aVDhMFNMQqJnBiKG9,10.75204152,106.6625101,"Vinh Ky Herbal Tea is a long-standing local shop in District 5, renowned for its refreshing and healthy herbal drinks. Situated along Tran Hung Dao Street in the heart of Chinatown, the shop preserves a traditional style with simple seating and a focus on natural ingredients. Its signature herbal tea is known for cooling the body and balancing energy, making it a favorite among both locals and tourists seeking authentic Vietnamese wellness beverages. A perfect stop to experience a true taste of Saigon’s cultural and herbal traditions",https://lh3.googleusercontent.com/gps-cs-s/AG0ilSwZ0rxMi4J75yRQ_SM5zWhVW8bQFlKo70y0ysShvKbWKO6cjgD2gr1GLJzdETvH8ehDF3RV8018sjrovxieFj74a9gUQT8iktU62hts4rYSqd31bk0I8ylr1NSjUWFPLhew6d7L=w408-h544-k-no,#Afternoon #Drink #Healthy #Outdoor #PeacefulPlace #CoolAir #Affordable #Simple #ChillVibe #Traveler
69,MiuTea Milk Tea – 360 Tran Hung Dao B,"360B Tran Hung Dao B Street, Ward 11, District 5, Ho Chi Minh City, Vietnam",https://maps.app.goo.gl/LKhhPoWzivqkTC4J7,10.75218132,106.6616809,"MiuTea Milk Tea – 360 Tran Hung Dao B is a friendly, locally loved milk tea shop tucked in the busy streets of District 5. Known for its sweet and creamy flavors, the café offers a variety of milk teas, fruit teas, and toppings made fresh daily. Its cozy setup and warm lighting create a welcoming vibe, perfect for students and young people to relax or grab a quick drink. Despite its small size, MiuTea stands out for its quality drinks and excellent customer service, earning high praise from regulars.",https://bepos.io/wp-content/uploads/2021/07/tra-sua-nhuong-quyen-12.jpg,#Afternoon #Drink #Hangout #SmallCafe #Friendly #Sweet #Affordable #Relax #Happy #FoodLover
70,Co U Dessert & Tea Shop,"003 Nguyen An Street, Ward 11, District 5, Ho Chi Minh City, Vietnam",https://maps.app.goo.gl/ep2ot4Xx94YGDLB88,10.7525957,106.6607953,"Co U Dessert & Tea Shop is a charming local spot tucked away on Nguyen An Street, known for its classic Vietnamese sweet soups and refreshing herbal teas. The shop offers a nostalgic taste of traditional desserts like flan, grass jelly, and mixed sweet soups, served with crushed ice—perfect for cooling off on a warm Saigon day. Despite its modest setup, the flavors are authentic and lovingly prepared, attracting both neighborhood regulars and curious visitors looking for an authentic local treat.",https://lh3.googleusercontent.com/gps-cs-s/AG0ilSzdwkmjf6_2lC-fB3Anf4AkB6jJHI-MMJRnSReGlqDmDpLNza8v0eL7ZRcQbnnxO8Q9NVnpFxLecSdqtxka8UtquCblerzt0L_KiYEKZNR3SAa4vMyVluCCneEfHYyWltRe1nA=w408-h408-k-no,#Evening #Eat #Snack #Indoor #WarmLights #Sweet #Peaceful #Affordable #Lovely #ArtEnthusiast
71,Nhu Y Café,"1 Phu Dinh Street, Ward 11, District 5, Ho Chi Minh City, Vietnam",https://maps.app.goo.gl/NZ6SxKVgXPxKJfoq8,10.7524152,106.660625,"Nhu Y Café is a stylish and inviting coffee shop located on Phu Dinh Street in District 5. The café features a modern façade with elegant grey tones and large windows, creating a bright and airy atmosphere inside. It serves a variety of beverages, from strong Vietnamese coffee to creamy milk teas and refreshing fruit drinks. With its comfortable seating and relaxing ambiance, Nhu Y Café is a popular choice for locals looking to unwind, catch up with friends, or enjoy a peaceful coffee break in Saigon.",https://lh3.googleusercontent.com/gps-cs-s/AG0ilSwV7bGmPDPNm-W3Mp4SrHHKzmHVbIMiPdJv45Ka_GbAyQh09RwnpW9kXI0_LrZaBv3Mid3VOtNFajtab14eXWFDE-CPxmMj-uIacHrRmltHUo0yhKfUZpuPqcoNiShkm6UoeKID=w408-h544-k-no,#Morning #Cafe #Relax #Indoor #QuietSpot #Simple #Affordable #PeacefulDay #Warm #CoffeeAddict
72,Anran Coffee & Tea – China Town Q5,"721 Nguyen Trai Street, Ward 11, District 5, Ho Chi Minh City, Vietnam",https://maps.app.goo.gl/zEBxqvVpSyB1hQGt7,10.75289711,106.6605241,"Anran Coffee & Tea – China Town Q5 is a vibrant and photogenic café located on Nguyen Trai Street in the heart of Saigon’s Chinatown. The shop stands out with its eye-catching red lantern decorations and lively night-time atmosphere. It offers a wide range of drinks including milk teas, fruit teas, and Vietnamese coffee, making it a favorite among young people looking for a fun and colorful hangout spot. The blend of Chinese-inspired design and local café culture creates a unique experience for both locals and tourists exploring District 5.",https://lh3.googleusercontent.com/gps-cs-s/AG0ilSxQoQBQr9Zo-wYbPxIhqGNT_tyHOM-KcXfxmumivzxN-ldHVvjo0YnpqzwGyUvnbM-7p023-f8F_UpEEGeNJqJH860sJhHN_67lq07mMwhYbUuBvs8MX3HSj2oCB43heG_I-tsjTL8SMAhM=w408-h725-k-no,#Morning #Cafe #Explore #Chill #PeacefulPlace #Quiet #MidRange #Lovely #Relaxed #Traveler
73,Phe La Coffee – Hong Bang,"493 Hong Bang Street, Ward 14, District 5, Ho Chi Minh City, Vietnam",https://maps.app.goo.gl/QCgsZfffYj6mhUPPA,10.75346715,106.6538649,"Phe La Coffee – Hong Bang is a stylish and modern café in District 5, known for its premium Vietnamese tea and coffee experience. The shop’s warm orange-toned design and cozy seating make it a comfortable spot for both solo work sessions and friendly meetups. Phe La stands out for its unique tea-based beverages, such as oolong, jasmine, and green tea lattes, blending traditional flavors with contemporary presentation. With attentive service and a peaceful ambiance, it’s a favorite among locals seeking a refined and relaxing drink experience in Saigon.",https://phela.vn/wp-content/uploads/2023/03/hcr-2-1.jpg,#Morning #Cafe #Work #Indoor #ChillVibe #WarmLights #Premium #Relaxed #Cozy #CoffeeAddict
74,Nang Café,"1029i Nguyen Trai Street, Ward 14, District 5, Ho Chi Minh City, Vietnam",https://maps.app.goo.gl/ghmgharuycTugmF79,10.75289104,106.6518885,"Nang Café is a laid-back and cozy coffee spot on Nguyen Trai Street in District 5, known for its relaxed local vibe. The café features an open-front design that invites the warm daylight in, true to its name “Nắng,” meaning “sunlight.” It’s a popular gathering place for coffee lovers who enjoy watching sports on the big screen or chatting with friends over strong Vietnamese coffee. With its friendly service, simple setup, and genuine atmosphere, Nang Café captures the essence of Saigon’s casual street café culture.",https://media.vneconomy.vn/w800/images/upload/2021/06/17/1.jpg,#Afternoon #Cafe #Read #Quiet #SoftMood #CozyCorner #PeacefulPlace #Affordable #Lovely #Bookworm
75,Passio Coffee – 1034 Nguyen Trai,"1034 Nguyen Trai Street, Ward 14, District 5, Ho Chi Minh City, Vietnam",https://maps.app.goo.gl/5qz8aa2MaRZbyczu7,10.75314321,106.651847,"Passio Coffee – 1034 Nguyen Trai is a bright and energetic café from the popular Vietnamese coffee chain. Located in the bustling area of District 5, this branch is easily recognizable with its signature green décor and open seating area. The café serves a wide variety of drinks including coffee, tea, and smoothies, catering to both dine-in and take-away customers. With its modern design, quick service, and refreshing drinks, it’s a convenient stop for students, office workers, and travelers exploring Saigon’s lively Nguyen Trai Street.",https://lh3.googleusercontent.com/gps-cs-s/AG0ilSyhPV7tNli6GRqgiFN45DcnZ89eE57DAtvIvBagb4Y-IEMd-UEMJf2EjaBGP_QG1OlxHkY8OZdNJNpxg70wVkTktiz0ev5ciaIRXbVA7T2P80ChqvKOCigDkqwUzpga9noE3yZT=w408-h544-k-no,#Morning #Cafe #Work #Talk #Indoor #Friendly #MidRange #Relaxed #Simple #CoffeeAddict
76,Phuc Long Coffee & Tea – Nowzone Nguyen Van Cu,"235 Nguyen Van Cu Street, Nguyen Cu Trinh Ward, District 1, Ho Chi Minh City 700000, Vietnam",https://maps.app.goo.gl/gUL52QWKwHmMtXxq9,10.7642767,106.6823516,"Phuc Long Coffee & Tea – Nowzone Nguyen Van Cu is one of the most popular branches of Vietnam’s iconic tea and coffee brand. Located on the ground floor of the Nowzone Fashion Mall, the café offers a spacious and modern environment perfect for both shopping breaks and casual meetups. The menu features signature teas, strong Vietnamese coffee, and refreshing fruit-based drinks. With its stylish design, convenient location, and consistent quality, it’s a go-to destination for those seeking a quick recharge in the heart of Saigon.",https://aeonmall-haiphong-lechan.com.vn/wp-content/uploads/2023/01/tra-phuc-long-can-tho.jpg,#Afternoon #Cafe #Chill #Indoor #UrbanView #Work #MidRange #Relaxed #Friendly #CoffeeAddict
77,September Saigon Café & Cake,"118/1D Nguyen Trai Street, Ward 2, District 5, Ho Chi Minh City, Vietnam",https://maps.app.goo.gl/SgRENEkc6p1PBFuW6,10.75795321,106.6789961,"September Saigon Café & Cake is a cozy and aesthetically designed coffee shop tucked in a quiet alley off Nguyen Trai Street. Known for its warm lighting, minimalist decor, and delicious homemade cakes, the café offers a peaceful space away from the city’s bustle. Guests can enjoy specialty coffee, fragrant teas, and freshly baked desserts while relaxing or catching up with friends. Its Instagram-worthy interior and calm vibe make it a favorite spot for young people and those who appreciate Saigon’s modern yet gentle café culture.",https://identitydesigned.com/wp-content/uploads/2023/02/september-cafe-cake-17-1200x801.jpg,#Afternoon #Cafe #Eat #PhotoSpot #Cozy #Sweet #WarmLights #Lovely #MidRange #ArtEnthusiast
78,YoshiYoshi Coffee & Tea – District 5,"165B Nguyen Trai Street, Ward 2, District 5, Ho Chi Minh City, Vietnam",https://maps.app.goo.gl/zUzt5F3rSXJMyN1E8,10.75706219,106.6781022,"YoshiYoshi Coffee & Tea – District 5 is a trendy and spacious café that blends modern Japanese-inspired aesthetics with a cozy urban vibe. The café features minimalist decor, soft lighting, and comfortable seating, making it perfect for studying, remote work, or casual meetups. It offers a wide range of beverages including premium milk tea, espresso-based drinks, and creative fruit teas. With its calm ambiance and Instagram-worthy interior, YoshiYoshi has become a favorite destination for young Saigonese seeking both comfort and style.",https://gocdoday.com/wp-content/uploads/2023/03/336893450_163624933228479_8073514426064480215_n-1-1024x768.jpg,#Afternoon #Drink #Chill #SmallCafe #Indoor #Friendly #Sweet #Affordable #Relaxed #CoffeeAddict
79,Gong Cha – An Duong Vuong,"496 An Duong Vuong Street, Ward 4, District 5, Ho Chi Minh City, Vietnam",https://maps.app.goo.gl/ocGZ68hhPJPA7XHYA,10.75838959,106.6759785,"Gong Cha – An Duong Vuong is a well-loved branch of the global Taiwanese bubble tea brand, located in the lively student area of District 5. The café features a clean, modern design and offers a wide range of customizable drinks, from classic milk tea with pearls to fruit-based teas and creamy foam-topped specialties. With its spacious seating and cool air-conditioned environment, it’s a popular hangout spot for students and young locals. Gong Cha’s consistent quality and trendy vibe make it a staple in Saigon’s milk tea culture.",https://cdn.tgdd.vn/Files/2022/11/08/1485646/top-15-quan-tra-sua-nho-dep-tai-sai-gon-do-uong-ngon-song-ao-thoa-thich-202211082118346336.jpg,#Afternoon #Drink #Hangout #Indoor #Crowded #Friendly #Sweet #Affordable #Fun #FoodLover
80,Katinat Coffee & Tea House – An Duong Vuong,"01 An Duong Vuong Street, Ward 7, District 5, Ho Chi Minh City, Vietnam",https://maps.app.goo.gl/uw12kbsqtvZuo6FCA,10.75732548,106.6737924,"Katinat Coffee & Tea House – An Duong Vuong is a modern and elegant café located in the vibrant District 5. Designed with a mix of classic and contemporary styles, the café offers a relaxing yet stylish environment for guests to enjoy premium coffee and specialty teas. Its signature drinks include Vietnamese-style lattes, fruit teas, and cold brews served with a touch of sophistication. With its prime corner location and cozy ambiance, this Katinat branch is a favorite spot for students, professionals, and travelers to unwind or catch up over a good drink",https://tse2.mm.bing.net/th/id/OIP.b7I03WpLXkkYHvz5VDy0ZQHaEo?rs=1&pid=ImgDetMain&o=7&rm=3,#Morning #Cafe #Work #Indoor #UrbanView #Peaceful #MidRange #Cozy #Relaxed #CoffeeAddict
81,018 Café,"Nguyen Trai Apartment Block A, 18 Mac Thien Tich Street, Ward 7, District 5, Ho Chi Minh City, Vietnam",https://maps.app.goo.gl/izG2Ea5MYrx5b9e6A,10.75516448,106.6676776,"018 Café is a lively and popular coffee spot located within the Nguyen Trai apartment complex in District 5. With its open-air seating and casual design, the café offers a relaxed and social atmosphere where locals gather to enjoy strong Vietnamese coffee, iced drinks, and light snacks. It’s especially busy in the mornings and evenings, attracting both students and residents from the surrounding area. The energetic vibe and affordable prices make 018 Café a true reflection of Saigon’s vibrant, everyday coffee culture.",https://lh3.googleusercontent.com/gps-cs-s/AG0ilSz7saKAlZHY5WkBnVP4OWIX4vnxkCakCpIwD8fr3vJuVftwvzefo0qXCUoD9zVDaqU-gJUv-lVv7T35gG1ysW0LLrXWxosr9XL4Z5_WtlKo1SqZA1B1RmPoYs4jL5jJ-RulhvykkGZwMkbm=w408-h306-k-no,#Evening #Cafe #Hangout #MusicLover #WarmLights #Night #Fun #Friendly #ChillVibe #Affordable
82,NOWZONE Fashion Mall,"235 Nguyen Van Cu Street, Cau Ong Lanh Ward, District 1, Ho Chi Minh City 700000, Vietnam",https://maps.app.goo.gl/Pq5k79trYcxs2kea8,10.76413292,106.6825437,"NOWZONE Fashion Mall is a modern shopping complex located on Nguyen Van Cu Street, offering a mix of fashion boutiques, restaurants, a cinema, and entertainment zones. Known for its clean and stylish layout, the mall attracts both young locals and tourists looking for mid-range brands and lifestyle experiences. Visitors can shop for trendy clothing, enjoy coffee at well-known chains like Phúc Long or Highlands, or relax at the rooftop dining area. It’s a convenient one-stop destination for leisure, shopping, and dining in central Saigon.",https://storage.googleapis.com/vietnam-travel-guide/2023/03/NOWZONE-Fashion-Mall-11.jpg,#Afternoon #Shop #Walk #Indoor #UrbanView #Fun #Weekend #Traveler #Explore #MidRange
83,KTV Thai Binh 3 – GK22 Karaoke,"22 Ngo Quyen Street, Ward 5, District 5, Ho Chi Minh City, Vietnam",https://maps.app.goo.gl/AV8dcE9cVL5Pw8hQ6,10.75136974,106.6670215,"KTV Thai Binh 3 – GK22 Karaoke is a high-end entertainment venue in District 5, offering luxurious private rooms and vibrant lighting designs. Known for its stylish interiors, professional sound system, and attentive service, it’s a popular destination for group gatherings, parties, and late-night hangouts. Each room is uniquely themed and equipped with modern amenities to provide a fun and comfortable experience. With a menu featuring both drinks and light snacks, this karaoke bar delivers an energetic yet cozy atmosphere perfect for social nights in Saigon.",https://yt3.googleusercontent.com/BN1CJZw01G9VmZabqOIet3sbns5S-uuE-GvH9JDpZCsURFL7rePhj-8P1LZRU2PP4ArBxLk5Cg=s900-c-k-c0x00ffffff-no-rj,#Night #Sing #Hangout #Indoor #Fun #Energetic #Friendly #Affordable #MusicLover
84,Tinh Vo Archery Club – District 5,"107B Tran Hung Dao Street / 1108 Vo Van Kiet Street, Ward 5, District 5, Ho Chi Minh City 700000, Vietnam",https://maps.app.goo.gl/mNbyvz3zBgC34QwR6,10.75111358,106.6679264,"Tinh Vo Archery Club – District 5 is one of Saigon’s most popular archery clubs, known for its friendly coaching team and professional setup. The club welcomes both beginners and experienced archers, offering hands-on guidance, high-quality equipment, and a safe training environment. Located near the intersection of Tran Hung Dao and Vo Van Kiet streets, it provides a spacious indoor range ideal for practice or group activities. With its welcoming community and top-tier facilities, this is a great spot for anyone looking to experience archery in the heart of Ho Chi Minh City.",https://lh3.googleusercontent.com/p/AF1QipMr96bImOzzTchcS1-G28g-5xSWed9oNvi9e_BA=w426-h240-k-no,#Afternoon #Play #Outdoor #CoolAir #Fun #WorkoutTime #Energetic #Weekend #Traveler #Friendly
85,Dong Da Cinema,"890 Tran Hung Dao Street, Ward 7, District 5, Ho Chi Minh City 700010, Vietnam",https://maps.app.goo.gl/BnWHNRhBYSDbQ1r77,10.75362717,106.6740383,"Dong Da Cinema is one of the oldest and most well-known movie theaters in District 5, offering an authentic local cinema experience. The theater has been modernized with comfortable seating, clear sound systems, and a diverse range of movie screenings from Vietnamese films to international blockbusters. Conveniently located on Tran Hung Dao Street, it’s a go-to entertainment spot for locals and students in the area. The nostalgic charm of its classic neon signage combined with affordable ticket prices makes Dong Da Cinema a beloved part of Saigon’s cultural landscape.",https://lh3.googleusercontent.com/gps-cs-s/AG0ilSxD-Qm2tnhUm8v9sXIFjQTtkt_3-WmlDA55IgYcWWQv2ChtOkfCVq4j4zPA9QsPihF0tGRJYNQTzMyoL7WHVyv03XdUkKYzxi7_M5vW4Cbp4WvcZ5owLHTrfVEiYpJr3KFjHfDOkQ=w408-h306-k-no,#Evening #Movie #Indoor #Relax #Date #ChillVibe #Affordable #Weekend #SoftMood #MovieLover
86,KTV Cung Vinh Loi Karaoke,"564 Tran Hung Dao Street, Ward 2, District 5, Ho Chi Minh City 700000, Vietnam",https://maps.app.goo.gl/opz8EcAUb5e3tWni9,10.7553588,106.680459,"KTV Cung Vinh Loi Karaoke is an upscale karaoke lounge located on Tran Hung Dao Street in District 5. Known for its luxurious interiors, vibrant lighting, and private soundproof rooms, it provides an ideal setting for parties, gatherings, and late-night entertainment. The karaoke bar features a broad selection of multilingual songs and attentive staff service, ensuring a fun and comfortable experience. With a blend of Chinese and modern Saigon influences, it’s a go-to spot for those seeking high-quality nightlife in the city’s Chinatown area.",https://lh3.googleusercontent.com/gps-cs-s/AG0ilSzPHhcoadRNSnYnk79VEhOZm8GyVr6HAwjRLxSrk5YYJyDDJg0gMyht1s3OxCyKasf6fgwFlGk-GA5wqKz9uK8a96VdAB7aLG9QBfZhgjoamivoplXpMEYOKw4Lk1LCNJvE57_H=w408-h305-k-no,#Night #Sing #Hangout #Fun #Crowded #Friendly #Energetic #Weekend #Affordable #MusicLover
87,Co.opmart Hung Vuong,"96 Hung Vuong Street, Ward 9, District 5, Ho Chi Minh City, Vietnam",https://maps.app.goo.gl/pVz2Af78FHHGDrfWA,10.75952237,106.6714687,"Co.opmart Hung Vuong Supermarket is a well-known local retail outlet located on Hung Vuong Street in District 5. It offers a wide selection of groceries, household items, and fresh produce at reasonable prices. The supermarket is clean, spacious, and well-organized, with friendly staff and convenient checkout counters. It’s a popular shopping destination for residents and visitors who want to experience daily Saigon life and local consumer culture in a comfortable setting.",https://tse1.mm.bing.net/th/id/OIP.uZEJxUkVNZAkAXtcvuj97wHaFC?rs=1&pid=ImgDetMain&o=7&rm=3,#Morning #Shop #Walk #Indoor #Busy #Friendly #Affordable #EverydaySpot #Traveler #FoodLover
88,The Garden Mall,"190 Hồng Bàng Street, Ward 12, District 5, Ho Chi Minh City, Vietnam",https://maps.app.goo.gl/4QNcf9HLzpyAMQ3JA,10.75465104,106.6569985,"The Garden Mall is a modern shopping and entertainment centre in District 5 combining retail, dining, game zones and a rooftop garden area. It’s a great place for a full afternoon or evening out, with a mix of shopping, food & play.",https://hcmtoplist.com/wp-content/uploads/2022/03/the-garden-mall-hcmtoplist.jpg,#Afternoon #Shop #Walk #Indoor #ChillVibe #UrbanView #Relaxed #MidRange #Traveler #Explore
89,Luong Nhu Hoc street,"Luong Nhu Hoc Street, Ward 11, District 5, Ho Chi Minh City, Vietnam",https://maps.app.goo.gl/aG5zwN3YfNs5KhJv9,10.75334735,106.6600512,"Lantern Street on Lương Nhữ Học is a lively, photogenic night-street in District 5 where hundreds of traditional lanterns are hung overhead. It’s ideal for strolling, doing some souvenir shopping or taking striking photos after dusk",https://saigondidau.vn/wp-content/uploads/2023/09/Pho-Long-Den-Luong-Nhu-Hoc4.jpg,#Evening #Walk #Outdoor #PhotoSpot #PeacefulPlace #Crowded #ChillVibe #Weekend #Photography #Traveler
90,An Dong Market,"36 An Duong Vuong Street, Ward 9, District 5, Ho Chi Minh City, Vietnam",https://maps.app.goo.gl/kgPeBv9TQSfz6XjP9,10.75820277,106.6722814,"An Dong Mark is one of the three oldest Grade 1 traditional markets in Ho Chi Minh City (along with Ben Thanh and Binh Tay Markets), established in 1951. Located in District 5 (the Cho Lon area), the market is renowned as the largest wholesale fashion hub in Vietnam, supplying clothes, shoes, and accessories to retailers across the Southern region. Featuring over 2,700 stalls, the market is also a major source for dried specialty foods and high-end items like swallow's nests (yen sao) and shark fins. Cho An Dong is not just a bustling trade center but also a unique cultural landmark, making it an ideal destination for tourists to experience Saigon's traditional commercial rhythm and diverse shopping options.",https://mia.vn/media/uploads/blog-du-lich/cho-an-dong-2-1689784120.jpg,#Morning #Shop #Walk #Outdoor #Crowded #Explore #Affordable #Traveler #Fun #FoodLover
91,Hung Vuong Plaza,"126 Hung Vuong Street, Ward 12, District 5, Ho Chi Minh City, Vietnam",https://maps.app.goo.gl/mQrLDAxrPukjU3FdA,10.75625283,106.663062,"Parkson Hung Vuong Plaza (now Hung Vuong Plaza) is a commercial complex and luxury apartment building located in a prime area of District 5. Known as one of the city’s long-standing shopping centers, the venue has been renovated and revitalized, offering a modern shopping and entertainment space. With a large total commercial area, the Plaza gathers numerous international and domestic brands across fashion and cosmetics, along with a diverse food zone featuring dozens of famous Asian and European restaurants. Hung Vuong Plaza is an ideal destination for both locals and tourists, providing full amenities ranging from shopping and dining to entertainment (including a cinema complex and fitness center).",https://kenh14cdn.com/203336854389633024/2023/10/8/k14-3852-1696783712779412024106.jpg,#Afternoon #Shop #Hangout #Indoor #UrbanView #Fun #Weekend #Traveler #Explore #MidRange
92,UC Spaces,"100/15 Hung Vuong Street, Ward 9, District 5, Ho Chi Minh City 700000, Vietnam",https://maps.app.goo.gl/27sS65jjyCgCQ37v9,10.7589913,106.6697636,"UC Spaces is a lively board-game café in District 5 that blends a creative social atmosphere with great drinks. Guests can enjoy coffee, tea, and snacks while exploring a wide variety of board games — from strategy and party games to casual fun for beginners. With its modern design, friendly staff, and vibrant community, UC Spaces is an ideal hangout spot for game lovers and friend groups looking for a fun and cozy time together.",https://lh3.googleusercontent.com/p/AF1QipOEAVmCbB0-zt10gedtM-ctcTijZ8Bs9aTqK19p=w546-h240-k-no,#Afternoon #Hangout #Work #Indoor #Chill #Fun #ArtEnthusiast #Cozy #Friendly #MidRange
93,Boom Music Box – Hung Vuong Branch,"335 Hung Vuong Street, Ward 9, District 5, Ho Chi Minh City 700000, Vietnam",https://maps.app.goo.gl/StDJUX3jMrXC24Cs8,10.75762076,106.6697244,"Boom Music Box – Hung Vuong Branch is a lively karaoke café and music lounge located in District 5. With vibrant lighting, fun décor, and private singing rooms, it’s a perfect spot for groups to hang out, celebrate, or simply enjoy singing their favorite songs. The atmosphere is energetic yet cozy, making it a great place to relax and have fun after work or on the weekend.",https://tse1.mm.bing.net/th/id/OIP.SzTWTWD_9sZYJwI-wCF7dgHaHa?rs=1&pid=ImgDetMain&o=7&rm=3,#Night #Sing #Hangout #Fun #Crowded #Energetic #Weekend #Affordable #Friendly #MusicLover
94,Thu Do Market,"220 Phung Hung Street, Ward 14, District 5, Ho Chi Minh City, Vietnam",https://maps.app.goo.gl/zzoSJG9YmCNs9XQHA,10.75375157,106.6574498,"Thu Do Market (officially Phung Hung Market) is one of the oldest and most bustling markets in District 5, established in 1928 and deeply connected to the Chinese community in Cho Lon. The market is famous for its two distinct sessions: The Morning session specializes in fresh, high-quality groceries and produce, earning it the nickname the ""Rich People's Market."" The Afternoon session transforms into a culinary heaven with distinctive Chinese-influenced street food like ha cao (dumplings), stir-fried noodles (hu tieu xao), bitter melon stuffed with fish paste, and the famous Ba Lu Vietnamese drip coffee. Cho Thu Do is a vibrant, authentic slice of life, preserving the century-old cultural and culinary heritage of Saigon's Chinese residents.",https://media.vov.vn/sites/default/files/styles/large/public/2023-10/1-hinh-1-1337.jpg,#Morning #Shop #Walk #Outdoor #Crowded #LocalVibes #Affordable #Weekend #Traveler #FoodLover
95,Chinatown,"165 Hai Thuong Lan Ong Street, Ward 13, District 5, Ho Chi Minh City, Vietnam",https://maps.app.goo.gl/5gxfQ5h8oZ1auJaU8,10.75075068,106.6585972,"Saigon Chinatown, also known as Cho Lon, is the vibrant cultural heart of Ho Chi Minh City’s Chinese community. The area is filled with traditional shops, herbal medicine stores, temples, and food stalls offering authentic Chinese-Vietnamese cuisine. Visitors can explore colorful streets, unique architecture, and the bustling daily life that has defined this historic district for generations.",https://static.vinwonders.com/production/china-town-banner.jpeg,#Morning #Walk #Outdoor #Explore #PhotoSpot #Cultural #HiddenGem #Traveler #Photography #Fun
96,Hao Si Phuong Alley,"206 Tran Hung Dao B Street, Ward 11, District 5, Ho Chi Minh City, Vietnam",https://maps.app.goo.gl/4GDSiPtQzkwomxLr8,10.75287339,106.6662035,"Hao Si Phuong Alley is a century-old residential lane that preserves the charm of old-Saigon Chinatown. Known for its pastel-colored buildings, hanging lanterns, and vintage balconies, this narrow alley offers visitors a glimpse into the daily life of the local Chinese-Vietnamese community. A peaceful yet picturesque hidden spot for slow walks and photography.",https://static.vinwonders.com/production/hao-si-phuong-1.jpg,#Afternoon #Walk #Outdoor #VintageStyle #Peaceful #Quiet #PhotoSpot #HiddenGem #Traveler #Photography
97,Master Escape,"226 Tran Phu Street, Ward 9, District 5, Ho Chi Minh City.",https://maps.app.goo.gl/Hfc1ovickDosobUQ7,10.75803105,106.674627,"Master Escape Room in District 5 offers immersive escape-room experiences with richly themed rooms including horror, thriller and mystery genres. Each game challenges groups with clever puzzles, high quality sets and engaging storylines, making it an exciting outing for friends or families.",https://tse3.mm.bing.net/th/id/OIP._AG53mhgppXbgppd_KxPTgHaE9?rs=1&pid=ImgDetMain&o=7&rm=3,#Afternoon #Play #Indoor #Group #Fun #Challenge #Weekend #Energetic #WorkoutTime #Traveler
98,Karaoke ICOOL,"878 Nguyen Trai Street, Ward 14, District 5, Ho Chi Minh City, Vietnam.",https://maps.app.goo.gl/jJes5szyBLfjCiUq5,10.75298611,106.6564063,"Karaoke ICOOL is a trendy and stylish venue in Quận 5 with modern design, ambient lighting, and high-quality audio. It’s well suited for both casual hangouts and more special occasions.",https://nld.mediacdn.vn/291774122806476800/2022/12/15/9109d2f63cb3e4edbda2-16710897738292065462339.jpg,#Night #Sing #Hangout #Indoor #Fun #Friendly #Energetic #Weekend #MidRange #MusicLover
99,The Convoy Café,"175 Tran Hung Dao Street, Ward 11, District 5, Ho Chi Minh City, Vietnam",https://maps.app.goo.gl/L7pzeqVojKLyHUTP6,10.7523013,106.6656682,"The Convoy Café is a small, nostalgic coffee shop tucked along Tran Hung Dao Street in District 5. Its playful retro décor — featuring classic toys, comics and vintage memorabilia — gives off a warm, homey atmosphere. It’s a cozy place for coffee lovers and pop-culture fans to relax, chat, or enjoy a calm afternoon.",https://lh3.googleusercontent.com/gps-cs-s/AG0ilSx9IgEq1fKINl3UuWWVLzXeAHOTdSUy37zIsqQo0hKCuLltf4pL-fmPqt-zqQ5xbq3jlJdmOfPwfuDtw8GHSyoUchVbpLFoNucwEpo65ov1HRGRsqdkzkNCwnJlly-7vBDeOoc8QmILgqqj=w408-h544-k-no,#Afternoon #Cafe #PhotoSpot #Cozy #VintageStyle #Quiet #WarmLights #ChillVibe #Affordable #ArtEnthusiast
100,The Muse Café,"809/9 Tran Hung Dao Street, Ward 1, District 5, Ho Chi Minh City, Vietnam",https://maps.app.goo.gl/MD8bY6XAtn61zeM79,10.75487119,106.6810424,"The Muse Café is a hidden gem in a quiet alley of District 5, offering a peaceful and minimalist atmosphere. Its clean design, soft lighting, and gentle background music make it ideal for reading, studying, or reflective conversations. A cozy, artistic space for those seeking calm moments away from the city noise.",https://lh3.googleusercontent.com/p/AF1QipO0MAJH2tqSCegrx3NTKLwE3eJ1bnI_LQXp7r4d=w408-h544-k-no,#Afternoon #Cafe #Read #QuietSpot #WarmLights #Peaceful #SoftMood #Cozy #Lovely #Bookworm
101,Quoc Thanh Cinestar Cinema,"271 Nguyen Trai Street, Nguyen Cu Trinh Ward, District 1, Ho Chi Minh City, Vietnam",https://maps.app.goo.gl/JfMwiLEKfy3QTu9X7,10.76405469,106.6873489,"The complex at 271 Nguyen Trai is a prominent multi-functional location in central District 1, known for housing Cinestar Quoc Thanh – a cinema with a long history, having once been a famous Vietnamese traditional opera theater . This address is also home to Quoc Thanh Wedding Center, specializing in luxurious and romantic wedding receptions and events. The area further attracts visitors with popular eateries like Bun Cha Pho Hang Quat, which serves authentic Hanoi-style noodle soup, alongside various coffee shops, making it a bustling destination for dining and entertainment right in the heart of the city.",https://cdn11.dienmaycholon.vn/filewebdmclnew/public/userupload/files/kien-thuc/review-rap-chieu-phim-cinestar-quoc-thanh/review-rap-chieu-phim-cinestar-quoc-thanh-3.jpg,
102,Me In's Kitchen,"136/9 Le Thanh Ton Street, Ben Thanh Ward, District 1, Vietnam",https://maps.app.goo.gl/jTCb1nbad5EUtoCPA,10.77399525,106.6980911,"Bep Me In (Mama In's Kitchen) is a renowned traditional Vietnamese restaurant nestled in a quiet alley near Ben Thanh Market. This hidden gem has been consistently recognized in the MICHELIN Guide Bib Gourmand list (since 2023), confirming its commitment to good quality and great value. The restaurant promotes itself as ""Mama's kitchen with a twist,"" specializing in comforting Vietnamese family dishes that evoke childhood memories and warmth. Diners often praise signature items like the Banh Xeo (Vietnamese pancake with shrimp and pork, served with fresh herbs) and the unique Com trai dua (fried rice served in a coconut shell). With its decor featuring vivid yellow walls and blue shutters reminiscent of village houses, Bep Me In offers a welcoming and distinct dining experience.",https://dynamic-media-cdn.tripadvisor.com/media/photo-o/29/db/99/dc/come-in-and-join-us-or.jpg?h=-1&s=1&w=500,
103,Home Saigon Restaurant,"185/28 Pham Ngu Lao Street, Pham Ngu Lao Ward, District 1, Vietnam",https://maps.app.goo.gl/rh8CLpqjeT9CfTcP7,10.76851095,106.6940431,"HOME Saigon Restaurant is an upscale Vietnamese dining establishment, renowned for elevating traditional dishes to a new level through refinement and perfection in preparation. Situated in an elegant and luxurious setting, often within a classic Saigon villa, HOME Saigon embodies the culinary philosophy of ""Comfort Food."" The restaurant is designed with a harmonious blend of classic and modern aesthetics, creating an intimate atmosphere perfect for private parties or special events. HOME Saigon is an ideal destination for an immersive journey into Vietnam's culinary heritage, enjoyed within a high-class yet nostalgic setting.",https://homesaigon.info/f/634546cf1fbb14c2a8abc986dba3da6e-DIM2_30102022_113_cb8306.jpg,
,,,,,,,,
,,,,,,,,
,,,,,,,,
,,,,,,,,
,,,,,,,,
,,,,,,,,
,,,,,,,,
,,,,,,,,
,,,,,,,,
,,,,,,,,
,,,,,,,,
,,,,,,,,
,,,,,,,,
,,,,,,,,
,,,,,,,,
,,,,,,,,
,,,,,,,,
,,,,,,,,
,,,,,,,,
,,,,,,,,
,,,,,,,,
,,,,,,,,
,,,,,,,,
,,,,,,,,
,,,,,,,,
,,,,,,,,
,,,,,,,,
,,,,,,,,
,,,,,,,,
,,,,,,,,
,,,,,,,,
,,,,,,,,
,,,,,,,,
,,,,,,,,
,,,,,,,,
,,,,,,,,
,,,,,,,,
,,,,,,,,
,,,,,,,,
,,,,,,,,
,,,,,,,,
,,,,,,,,
,,,,,,,,
,,,,,,,,
,,,,,,,,
,,,,,,,,
,,,,,,,,
,,,,,,,,
,,,,,,,,
,,,,,,,,
,,,,,,,,
,,,,,,,,
,,,,,,,,
,,,,,,,,
,,,,,,,,
,,,,,,,,
,,,,,,,,
,,,,,,,,
,,,,,,,,
,,,,,,,,
,,,,,,,,
,,,,,,,,
,,,,,,,,
,,,,,,,,
,,,,,,,,
,,,,,,,,
,,,,,,,,
,,,,,,,,
,,,,,,,,
,,,,,,,,
,,,,,,,,
,,,,,,,,
,,,,,,,,
,,,,,,,,
,,,,,,,,
,,,,,,,,
,,,,,,,,
,,,,,,,,
,,,,,,,,
,,,,,,,,
,,,,,,,,
,,,,,,,,
,,,,,,,,
,,,,,,,,
,,,,,,,,
,,,,,,,,
,,,,,,,,
,,,,,,,,
,,,,,,,,
,,,,,,,,
,,,,,,,,
,,,,,,,,
,,,,,,,,
,,,,,,,,
,,,,,,,,
,,,,,,,,
,,,,,,,,
,,,,,,,,
,,,,,,,,
,,,,,,,,
,,,,,,,,
,,,,,,,,
,,,,,,,,
,,,,,,,,
,,,,,,,,
,,,,,,,,
,,,,,,,,
,,,,,,,,
,,,,,,,,
,,,,,,,,
,,,,,,,,
,,,,,,,,
,,,,,,,,
,,,,,,,,
,,,,,,,,
,,,,,,,,
,,,,,,,,
,,,,,,,,
,,,,,,,,
,,,,,,,,
,,,,,,,,
,,,,,,,,
,,,,,,,,
,,,,,,,,
,,,,,,,,
,,,,,,,,
,,,,,,,,
,,,,,,,,
,,,,,,,,
,,,,,,,,
,,,,,,,,
,,,,,,,,
,,,,,,,,
,,,,,,,,
,,,,,,,,
,,,,,,,,
,,,,,,,,
,,,,,,,,
,,,,,,,,
,,,,,,,,
,,,,,,,,
,,,,,,,,
,,,,,,,,
,,,,,,,,
,,,,,,,,
,,,,,,,,
,,,,,,,,
,,,,,,,,
,,,,,,,,
,,,,,,,,
,,,,,,,,
,,,,,,,,
,,,,,,,,
,,,,,,,,
,,,,,,,,
,,,,,,,,
,,,,,,,,
,,,,,,,,
,,,,,,,,
